transcript_id,token,label
T0001,I,O
T0001,am,O
T0001,a,O
T0001,60,B-AGE
T0001,year,O
T0001,old,O
T0001,male,B-GENDER
T0001,berojgar,B-OCCUPATION
T0001,living,O
T0001,in,O
T0001,Madhya,B-STATE
T0001,Pradesh,I-STATE
T0001,My,O
T0001,annual,O
T0001,household,O
T0001,income,O
T0001,is,O
T0001,120000,B-ANNUAL_INCOME
T0001,rupees,O
T0002,Main,O
T0002,Uttar,B-STATE
T0002,Pradesh,I-STATE
T0002,se,O
T0002,ek,O
T0002,daily,B-OCCUPATION
T0002,wage,I-OCCUPATION
T0002,worker,I-OCCUPATION
T0002,hu,O
T0002,meri,O
T0002,umar,O
T0002,26,B-AGE
T0002,saal,O
T0002,hai,O
T0002,aur,O
T0002,saalana,O
T0002,kamai,O
T0002,45000,B-ANNUAL_INCOME
T0002,rupe,O
T0002,hai,O
T0003,I,O
T0003,am,O
T0003,a,O
T0003,61,B-AGE
T0003,year,O
T0003,old,O
T0003,female,B-GENDER
T0003,unemployed,B-OCCUPATION
T0003,living,O
T0003,in,O
T0003,Maharashtra,B-STATE
T0003,My,O
T0003,annual,O
T0003,household,O
T0003,income,O
T0003,is,O
T0003,350000,B-ANNUAL_INCOME
T0003,rupees,O
T0004,Namaste,O
T0004,main,O
T0004,25,B-AGE
T0004,varsh,O
T0004,ka,O
T0004,berojgar,B-OCCUPATION
T0004,hu,O
T0004,West,B-STATE
T0004,Bengal,I-STATE
T0004,se,O
T0004,Meri,O
T0004,income,O
T0004,0,B-ANNUAL_INCOME
T0004,rupaye,O
T0004,hai,O
T0004,aur,O
T0004,main,O
T0004,General,B-CASTE_CATEGORY
T0004,varg,O
T0004,se,O
T0004,hoon,O
T0004,Main,O
T0004,divyang,B-DISABILITY
T0004,hu,O
T0005,Hi,O
T0005,I,O
T0005,am,O
T0005,33,B-AGE
T0005,years,O
T0005,old,O
T0005,student,O
T0005,from,O
T0005,Maharashtra,B-STATE
T0005,My,O
T0005,family,O
T0005,income,O
T0005,is,O
T0005,45000,B-ANNUAL_INCOME
T0005,and,O
T0005,I,O
T0005,am,O
T0005,differently,B-DISABILITY
T0005,abled,I-DISABILITY
T0006,Namaste,O
T0006,main,O
T0006,34,B-AGE
T0006,varsh,O
T0006,ka,O
T0006,berojgar,B-OCCUPATION
T0006,hu,O
T0006,Uttar,B-STATE
T0006,Pradesh,I-STATE
T0006,se,O
T0006,Meri,O
T0006,income,O
T0006,45000,B-ANNUAL_INCOME
T0006,rupaye,O
T0006,hai,O
T0006,aur,O
T0006,main,O
T0006,ST,B-CASTE_CATEGORY
T0006,varg,O
T0006,se,O
T0006,hoon,O
T0006,Main,O
T0006,divyang,B-DISABILITY
T0006,hu,O
T0007,Namaste,O
T0007,main,O
T0007,63,B-AGE
T0007,varsh,O
T0007,ka,O
T0007,farmer,B-OCCUPATION
T0007,hu,O
T0007,Bihar,B-STATE
T0007,se,O
T0007,Meri,O
T0007,income,O
T0007,200000,B-ANNUAL_INCOME
T0007,rupaye,O
T0007,hai,O
T0007,aur,O
T0007,main,O
T0007,General,B-CASTE_CATEGORY
T0007,varg,O
T0007,se,O
T0007,hoon,O
T0007,Main,O
T0007,divyang,B-DISABILITY
T0007,hu,O
T0008,I,O
T0008,am,O
T0008,a,O
T0008,25,B-AGE
T0008,year,O
T0008,old,O
T0008,male,B-GENDER
T0008,labour,B-OCCUPATION
T0008,living,O
T0008,in,O
T0008,West,B-STATE
T0008,Bengal,I-STATE
T0008,My,O
T0008,annual,O
T0008,household,O
T0008,income,O
T0008,is,O
T0008,600000,B-ANNUAL_INCOME
T0008,rupees,O
T0009,Mera,O
T0009,naam,O
T0009,Ramesh,O
T0009,hai,O
T0009,main,O
T0009,Tamil,B-STATE
T0009,Nadu,I-STATE
T0009,ka,O
T0009,rehne,O
T0009,wala,O
T0009,hu,O
T0009,Main,O
T0009,OBC,B-CASTE_CATEGORY
T0009,category,O
T0009,se,O
T0009,ek,O
T0009,mahila,B-GENDER
T0009,hu,O
T0009,aur,O
T0009,bunkar,B-OCCUPATION
T0009,hu,O
T0009,Aamdani,O
T0009,80000,B-ANNUAL_INCOME
T0009,per,O
T0009,year,O
T0009,hai,O
T0010,Namaste,O
T0010,main,O
T0010,51,B-AGE
T0010,varsh,O
T0010,ka,O
T0010,artisan,B-OCCUPATION
T0010,hu,O
T0010,Uttar,B-STATE
T0010,Pradesh,I-STATE
T0010,se,O
T0010,Meri,O
T0010,income,O
T0010,350000,B-ANNUAL_INCOME
T0010,rupaye,O
T0010,hai,O
T0010,aur,O
T0010,main,O
T0010,SC,B-CASTE_CATEGORY
T0010,varg,O
T0010,se,O
T0010,hoon,O
T0010,Main,O
T0010,divyang,B-DISABILITY
T0010,hu,O
T0011,I,O
T0011,belong,O
T0011,to,O
T0011,OBC,B-CASTE_CATEGORY
T0011,category,O
T0011,from,O
T0011,West,B-STATE
T0011,Bengal,I-STATE
T0011,Age,O
T0011,is,O
T0011,19,B-AGE
T0011,profession,O
T0011,is,O
T0011,artisan,B-OCCUPATION
T0011,income,O
T0011,around,O
T0011,120000,B-ANNUAL_INCOME
T0012,Namaste,O
T0012,main,O
T0012,20,B-AGE
T0012,varsh,O
T0012,ka,O
T0012,weaver,B-OCCUPATION
T0012,hu,O
T0012,Uttar,B-STATE
T0012,Pradesh,I-STATE
T0012,se,O
T0012,Meri,O
T0012,income,O
T0012,45000,B-ANNUAL_INCOME
T0012,rupaye,O
T0012,hai,O
T0012,aur,O
T0012,main,O
T0012,OBC,B-CASTE_CATEGORY
T0012,varg,O
T0012,se,O
T0012,hoon,O
T0012,Main,O
T0012,divyang,B-DISABILITY
T0012,hu,O
T0013,Mera,O
T0013,naam,O
T0013,Ramesh,O
T0013,hai,O
T0013,main,O
T0013,Bihar,B-STATE
T0013,ka,O
T0013,rehne,O
T0013,wala,O
T0013,hu,O
T0013,Main,O
T0013,SC,B-CASTE_CATEGORY
T0013,category,O
T0013,se,O
T0013,ek,O
T0013,purush,B-GENDER
T0013,hu,O
T0013,aur,O
T0013,student,B-OCCUPATION
T0013,hu,O
T0013,Aamdani,O
T0013,350000,B-ANNUAL_INCOME
T0013,per,O
T0013,year,O
T0013,hai,O
T0014,I,O
T0014,am,O
T0014,a,O
T0014,43,B-AGE
T0014,year,O
T0014,old,O
T0014,male,B-GENDER
T0014,artisan,B-OCCUPATION
T0014,living,O
T0014,in,O
T0014,Bihar,B-STATE
T0014,My,O
T0014,annual,O
T0014,household,O
T0014,income,O
T0014,is,O
T0014,0,B-ANNUAL_INCOME
T0014,rupees,O
T0015,Main,O
T0015,Karnataka,B-STATE
T0015,se,O
T0015,ek,O
T0015,unemployed,B-OCCUPATION
T0015,hu,O
T0015,meri,O
T0015,umar,O
T0015,52,B-AGE
T0015,saal,O
T0015,hai,O
T0015,aur,O
T0015,saalana,O
T0015,kamai,O
T0015,0,B-ANNUAL_INCOME
T0015,rupe,O
T0015,hai,O
T0016,I,O
T0016,belong,O
T0016,to,O
T0016,General,B-CASTE_CATEGORY
T0016,category,O
T0016,from,O
T0016,West,B-STATE
T0016,Bengal,I-STATE
T0016,Age,O
T0016,is,O
T0016,28,B-AGE
T0016,profession,O
T0016,is,O
T0016,kisan,B-OCCUPATION
T0016,income,O
T0016,around,O
T0016,0,B-ANNUAL_INCOME
T0017,Namaste,O
T0017,main,O
T0017,62,B-AGE
T0017,varsh,O
T0017,ka,O
T0017,berojgar,B-OCCUPATION
T0017,hu,O
T0017,Bihar,B-STATE
T0017,se,O
T0017,Meri,O
T0017,income,O
T0017,80000,B-ANNUAL_INCOME
T0017,rupaye,O
T0017,hai,O
T0017,aur,O
T0017,main,O
T0017,SC,B-CASTE_CATEGORY
T0017,varg,O
T0017,se,O
T0017,hoon,O
T0017,Main,O
T0017,divyang,B-DISABILITY
T0017,hu,O
T0018,I,O
T0018,belong,O
T0018,to,O
T0018,SC,B-CASTE_CATEGORY
T0018,category,O
T0018,from,O
T0018,Madhya,B-STATE
T0018,Pradesh,I-STATE
T0018,Age,O
T0018,is,O
T0018,21,B-AGE
T0018,profession,O
T0018,is,O
T0018,labour,B-OCCUPATION
T0018,income,O
T0018,around,O
T0018,120000,B-ANNUAL_INCOME
T0019,Main,O
T0019,Karnataka,B-STATE
T0019,se,O
T0019,ek,O
T0019,artisan,B-OCCUPATION
T0019,hu,O
T0019,meri,O
T0019,umar,O
T0019,39,B-AGE
T0019,saal,O
T0019,hai,O
T0019,aur,O
T0019,saalana,O
T0019,kamai,O
T0019,120000,B-ANNUAL_INCOME
T0019,rupe,O
T0019,hai,O
T0020,I,O
T0020,am,O
T0020,a,O
T0020,44,B-AGE
T0020,year,O
T0020,old,O
T0020,male,B-GENDER
T0020,mazdoor,B-OCCUPATION
T0020,living,O
T0020,in,O
T0020,Bihar,B-STATE
T0020,My,O
T0020,annual,O
T0020,household,O
T0020,income,O
T0020,is,O
T0020,600000,B-ANNUAL_INCOME
T0020,rupees,O
T0021,Main,O
T0021,Madhya,B-STATE
T0021,Pradesh,I-STATE
T0021,se,O
T0021,ek,O
T0021,mazdoor,B-OCCUPATION
T0021,hu,O
T0021,meri,O
T0021,umar,O
T0021,35,B-AGE
T0021,saal,O
T0021,hai,O
T0021,aur,O
T0021,saalana,O
T0021,kamai,O
T0021,600000,B-ANNUAL_INCOME
T0021,rupe,O
T0021,hai,O
T0022,Hi,O
T0022,I,O
T0022,am,O
T0022,58,B-AGE
T0022,years,O
T0022,old,O
T0022,student,O
T0022,from,O
T0022,West,B-STATE
T0022,Bengal,I-STATE
T0022,My,O
T0022,family,O
T0022,income,O
T0022,is,O
T0022,120000,B-ANNUAL_INCOME
T0022,and,O
T0022,I,O
T0022,am,O
T0022,differently,B-DISABILITY
T0022,abled,I-DISABILITY
T0023,I,O
T0023,am,O
T0023,a,O
T0023,44,B-AGE
T0023,year,O
T0023,old,O
T0023,male,B-GENDER
T0023,labour,B-OCCUPATION
T0023,living,O
T0023,in,O
T0023,Maharashtra,B-STATE
T0023,My,O
T0023,annual,O
T0023,household,O
T0023,income,O
T0023,is,O
T0023,120000,B-ANNUAL_INCOME
T0023,rupees,O
T0024,I,O
T0024,belong,O
T0024,to,O
T0024,SC,B-CASTE_CATEGORY
T0024,category,O
T0024,from,O
T0024,Bihar,B-STATE
T0024,Age,O
T0024,is,O
T0024,20,B-AGE
T0024,profession,O
T0024,is,O
T0024,berojgar,B-OCCUPATION
T0024,income,O
T0024,around,O
T0024,80000,B-ANNUAL_INCOME
T0025,Hi,O
T0025,I,O
T0025,am,O
T0025,62,B-AGE
T0025,years,O
T0025,old,O
T0025,student,O
T0025,from,O
T0025,West,B-STATE
T0025,Bengal,I-STATE
T0025,My,O
T0025,family,O
T0025,income,O
T0025,is,O
T0025,120000,B-ANNUAL_INCOME
T0025,and,O
T0025,I,O
T0025,am,O
T0025,differently,B-DISABILITY
T0025,abled,I-DISABILITY
T0026,Hi,O
T0026,I,O
T0026,am,O
T0026,65,B-AGE
T0026,years,O
T0026,old,O
T0026,student,O
T0026,from,O
T0026,Uttar,B-STATE
T0026,Pradesh,I-STATE
T0026,My,O
T0026,family,O
T0026,income,O
T0026,is,O
T0026,200000,B-ANNUAL_INCOME
T0026,and,O
T0026,I,O
T0026,am,O
T0026,differently,B-DISABILITY
T0026,abled,I-DISABILITY
T0027,I,O
T0027,belong,O
T0027,to,O
T0027,General,B-CASTE_CATEGORY
T0027,category,O
T0027,from,O
T0027,Rajasthan,B-STATE
T0027,Age,O
T0027,is,O
T0027,45,B-AGE
T0027,profession,O
T0027,is,O
T0027,street,B-OCCUPATION
T0027,vendor,I-OCCUPATION
T0027,income,O
T0027,around,O
T0027,600000,B-ANNUAL_INCOME
T0028,Hi,O
T0028,I,O
T0028,am,O
T0028,51,B-AGE
T0028,years,O
T0028,old,O
T0028,student,O
T0028,from,O
T0028,Bihar,B-STATE
T0028,My,O
T0028,family,O
T0028,income,O
T0028,is,O
T0028,80000,B-ANNUAL_INCOME
T0028,and,O
T0028,I,O
T0028,am,O
T0028,differently,B-DISABILITY
T0028,abled,I-DISABILITY
T0029,Hi,O
T0029,I,O
T0029,am,O
T0029,65,B-AGE
T0029,years,O
T0029,old,O
T0029,student,O
T0029,from,O
T0029,Madhya,B-STATE
T0029,Pradesh,I-STATE
T0029,My,O
T0029,family,O
T0029,income,O
T0029,is,O
T0029,0,B-ANNUAL_INCOME
T0029,and,O
T0029,I,O
T0029,am,O
T0029,differently,B-DISABILITY
T0029,abled,I-DISABILITY
T0030,Main,O
T0030,Rajasthan,B-STATE
T0030,se,O
T0030,ek,O
T0030,bunkar,B-OCCUPATION
T0030,hu,O
T0030,meri,O
T0030,umar,O
T0030,64,B-AGE
T0030,saal,O
T0030,hai,O
T0030,aur,O
T0030,saalana,O
T0030,kamai,O
T0030,600000,B-ANNUAL_INCOME
T0030,rupe,O
T0030,hai,O
T0031,Namaste,O
T0031,main,O
T0031,29,B-AGE
T0031,varsh,O
T0031,ka,O
T0031,unemployed,B-OCCUPATION
T0031,hu,O
T0031,Karnataka,B-STATE
T0031,se,O
T0031,Meri,O
T0031,income,O
T0031,120000,B-ANNUAL_INCOME
T0031,rupaye,O
T0031,hai,O
T0031,aur,O
T0031,main,O
T0031,OBC,B-CASTE_CATEGORY
T0031,varg,O
T0031,se,O
T0031,hoon,O
T0031,Main,O
T0031,divyang,B-DISABILITY
T0031,hu,O
T0032,I,O
T0032,am,O
T0032,a,O
T0032,28,B-AGE
T0032,year,O
T0032,old,O
T0032,male,B-GENDER
T0032,student,B-OCCUPATION
T0032,living,O
T0032,in,O
T0032,Rajasthan,B-STATE
T0032,My,O
T0032,annual,O
T0032,household,O
T0032,income,O
T0032,is,O
T0032,350000,B-ANNUAL_INCOME
T0032,rupees,O
T0033,Hi,O
T0033,I,O
T0033,am,O
T0033,55,B-AGE
T0033,years,O
T0033,old,O
T0033,student,O
T0033,from,O
T0033,Maharashtra,B-STATE
T0033,My,O
T0033,family,O
T0033,income,O
T0033,is,O
T0033,350000,B-ANNUAL_INCOME
T0033,and,O
T0033,I,O
T0033,am,O
T0033,differently,B-DISABILITY
T0033,abled,I-DISABILITY
T0034,Mera,O
T0034,naam,O
T0034,Ramesh,O
T0034,hai,O
T0034,main,O
T0034,Tamil,B-STATE
T0034,Nadu,I-STATE
T0034,ka,O
T0034,rehne,O
T0034,wala,O
T0034,hu,O
T0034,Main,O
T0034,OBC,B-CASTE_CATEGORY
T0034,category,O
T0034,se,O
T0034,ek,O
T0034,purush,B-GENDER
T0034,hu,O
T0034,aur,O
T0034,artisan,B-OCCUPATION
T0034,hu,O
T0034,Aamdani,O
T0034,0,B-ANNUAL_INCOME
T0034,per,O
T0034,year,O
T0034,hai,O
T0035,I,O
T0035,belong,O
T0035,to,O
T0035,General,B-CASTE_CATEGORY
T0035,category,O
T0035,from,O
T0035,Uttar,B-STATE
T0035,Pradesh,I-STATE
T0035,Age,O
T0035,is,O
T0035,21,B-AGE
T0035,profession,O
T0035,is,O
T0035,weaver,B-OCCUPATION
T0035,income,O
T0035,around,O
T0035,80000,B-ANNUAL_INCOME
T0036,I,O
T0036,am,O
T0036,a,O
T0036,34,B-AGE
T0036,year,O
T0036,old,O
T0036,female,B-GENDER
T0036,student,B-OCCUPATION
T0036,living,O
T0036,in,O
T0036,West,B-STATE
T0036,Bengal,I-STATE
T0036,My,O
T0036,annual,O
T0036,household,O
T0036,income,O
T0036,is,O
T0036,200000,B-ANNUAL_INCOME
T0036,rupees,O
T0037,I,O
T0037,am,O
T0037,a,O
T0037,21,B-AGE
T0037,year,O
T0037,old,O
T0037,male,B-GENDER
T0037,weaver,B-OCCUPATION
T0037,living,O
T0037,in,O
T0037,Madhya,B-STATE
T0037,Pradesh,I-STATE
T0037,My,O
T0037,annual,O
T0037,household,O
T0037,income,O
T0037,is,O
T0037,200000,B-ANNUAL_INCOME
T0037,rupees,O
T0038,Hi,O
T0038,I,O
T0038,am,O
T0038,54,B-AGE
T0038,years,O
T0038,old,O
T0038,student,O
T0038,from,O
T0038,Bihar,B-STATE
T0038,My,O
T0038,family,O
T0038,income,O
T0038,is,O
T0038,600000,B-ANNUAL_INCOME
T0038,and,O
T0038,I,O
T0038,am,O
T0038,differently,B-DISABILITY
T0038,abled,I-DISABILITY
T0039,Mera,O
T0039,naam,O
T0039,Ramesh,O
T0039,hai,O
T0039,main,O
T0039,Karnataka,B-STATE
T0039,ka,O
T0039,rehne,O
T0039,wala,O
T0039,hu,O
T0039,Main,O
T0039,General,B-CASTE_CATEGORY
T0039,category,O
T0039,se,O
T0039,ek,O
T0039,mahila,B-GENDER
T0039,hu,O
T0039,aur,O
T0039,weaver,B-OCCUPATION
T0039,hu,O
T0039,Aamdani,O
T0039,0,B-ANNUAL_INCOME
T0039,per,O
T0039,year,O
T0039,hai,O
T0040,I,O
T0040,am,O
T0040,a,O
T0040,32,B-AGE
T0040,year,O
T0040,old,O
T0040,female,B-GENDER
T0040,weaver,B-OCCUPATION
T0040,living,O
T0040,in,O
T0040,Madhya,B-STATE
T0040,Pradesh,I-STATE
T0040,My,O
T0040,annual,O
T0040,household,O
T0040,income,O
T0040,is,O
T0040,200000,B-ANNUAL_INCOME
T0040,rupees,O
T0041,Main,O
T0041,Karnataka,B-STATE
T0041,se,O
T0041,ek,O
T0041,rehri,B-OCCUPATION
T0041,wala,I-OCCUPATION
T0041,hu,O
T0041,meri,O
T0041,umar,O
T0041,20,B-AGE
T0041,saal,O
T0041,hai,O
T0041,aur,O
T0041,saalana,O
T0041,kamai,O
T0041,120000,B-ANNUAL_INCOME
T0041,rupe,O
T0041,hai,O
T0042,Hi,O
T0042,I,O
T0042,am,O
T0042,62,B-AGE
T0042,years,O
T0042,old,O
T0042,student,O
T0042,from,O
T0042,Bihar,B-STATE
T0042,My,O
T0042,family,O
T0042,income,O
T0042,is,O
T0042,200000,B-ANNUAL_INCOME
T0042,and,O
T0042,I,O
T0042,am,O
T0042,differently,B-DISABILITY
T0042,abled,I-DISABILITY
T0043,Main,O
T0043,Rajasthan,B-STATE
T0043,se,O
T0043,ek,O
T0043,street,B-OCCUPATION
T0043,vendor,I-OCCUPATION
T0043,hu,O
T0043,meri,O
T0043,umar,O
T0043,39,B-AGE
T0043,saal,O
T0043,hai,O
T0043,aur,O
T0043,saalana,O
T0043,kamai,O
T0043,200000,B-ANNUAL_INCOME
T0043,rupe,O
T0043,hai,O
T0044,Mera,O
T0044,naam,O
T0044,Ramesh,O
T0044,hai,O
T0044,main,O
T0044,Karnataka,B-STATE
T0044,ka,O
T0044,rehne,O
T0044,wala,O
T0044,hu,O
T0044,Main,O
T0044,ST,B-CASTE_CATEGORY
T0044,category,O
T0044,se,O
T0044,ek,O
T0044,purush,B-GENDER
T0044,hu,O
T0044,aur,O
T0044,street,B-OCCUPATION
T0044,vendor,I-OCCUPATION
T0044,hu,O
T0044,Aamdani,O
T0044,350000,B-ANNUAL_INCOME
T0044,per,O
T0044,year,O
T0044,hai,O
T0045,Main,O
T0045,Karnataka,B-STATE
T0045,se,O
T0045,ek,O
T0045,student,B-OCCUPATION
T0045,hu,O
T0045,meri,O
T0045,umar,O
T0045,54,B-AGE
T0045,saal,O
T0045,hai,O
T0045,aur,O
T0045,saalana,O
T0045,kamai,O
T0045,80000,B-ANNUAL_INCOME
T0045,rupe,O
T0045,hai,O
T0046,I,O
T0046,am,O
T0046,a,O
T0046,57,B-AGE
T0046,year,O
T0046,old,O
T0046,female,B-GENDER
T0046,weaver,B-OCCUPATION
T0046,living,O
T0046,in,O
T0046,West,B-STATE
T0046,Bengal,I-STATE
T0046,My,O
T0046,annual,O
T0046,household,O
T0046,income,O
T0046,is,O
T0046,200000,B-ANNUAL_INCOME
T0046,rupees,O
T0047,Mera,O
T0047,naam,O
T0047,Ramesh,O
T0047,hai,O
T0047,main,O
T0047,Bihar,B-STATE
T0047,ka,O
T0047,rehne,O
T0047,wala,O
T0047,hu,O
T0047,Main,O
T0047,General,B-CASTE_CATEGORY
T0047,category,O
T0047,se,O
T0047,ek,O
T0047,mahila,B-GENDER
T0047,hu,O
T0047,aur,O
T0047,bunkar,B-OCCUPATION
T0047,hu,O
T0047,Aamdani,O
T0047,80000,B-ANNUAL_INCOME
T0047,per,O
T0047,year,O
T0047,hai,O
T0048,Hi,O
T0048,I,O
T0048,am,O
T0048,53,B-AGE
T0048,years,O
T0048,old,O
T0048,student,O
T0048,from,O
T0048,West,B-STATE
T0048,Bengal,I-STATE
T0048,My,O
T0048,family,O
T0048,income,O
T0048,is,O
T0048,350000,B-ANNUAL_INCOME
T0048,and,O
T0048,I,O
T0048,am,O
T0048,differently,B-DISABILITY
T0048,abled,I-DISABILITY
T0049,Main,O
T0049,Rajasthan,B-STATE
T0049,se,O
T0049,ek,O
T0049,rehri,B-OCCUPATION
T0049,wala,I-OCCUPATION
T0049,hu,O
T0049,meri,O
T0049,umar,O
T0049,51,B-AGE
T0049,saal,O
T0049,hai,O
T0049,aur,O
T0049,saalana,O
T0049,kamai,O
T0049,200000,B-ANNUAL_INCOME
T0049,rupe,O
T0049,hai,O
T0050,Hi,O
T0050,I,O
T0050,am,O
T0050,51,B-AGE
T0050,years,O
T0050,old,O
T0050,student,O
T0050,from,O
T0050,Tamil,B-STATE
T0050,Nadu,I-STATE
T0050,My,O
T0050,family,O
T0050,income,O
T0050,is,O
T0050,120000,B-ANNUAL_INCOME
T0050,and,O
T0050,I,O
T0050,am,O
T0050,differently,B-DISABILITY
T0050,abled,I-DISABILITY
T0051,Namaste,O
T0051,main,O
T0051,34,B-AGE
T0051,varsh,O
T0051,ka,O
T0051,mazdoor,B-OCCUPATION
T0051,hu,O
T0051,Madhya,B-STATE
T0051,Pradesh,I-STATE
T0051,se,O
T0051,Meri,O
T0051,income,O
T0051,350000,B-ANNUAL_INCOME
T0051,rupaye,O
T0051,hai,O
T0051,aur,O
T0051,main,O
T0051,SC,B-CASTE_CATEGORY
T0051,varg,O
T0051,se,O
T0051,hoon,O
T0051,Main,O
T0051,divyang,B-DISABILITY
T0051,hu,O
T0052,Namaste,O
T0052,main,O
T0052,27,B-AGE
T0052,varsh,O
T0052,ka,O
T0052,student,B-OCCUPATION
T0052,hu,O
T0052,Madhya,B-STATE
T0052,Pradesh,I-STATE
T0052,se,O
T0052,Meri,O
T0052,income,O
T0052,350000,B-ANNUAL_INCOME
T0052,rupaye,O
T0052,hai,O
T0052,aur,O
T0052,main,O
T0052,General,B-CASTE_CATEGORY
T0052,varg,O
T0052,se,O
T0052,hoon,O
T0052,Main,O
T0052,divyang,B-DISABILITY
T0052,hu,O
T0053,Main,O
T0053,Rajasthan,B-STATE
T0053,se,O
T0053,ek,O
T0053,farmer,B-OCCUPATION
T0053,hu,O
T0053,meri,O
T0053,umar,O
T0053,23,B-AGE
T0053,saal,O
T0053,hai,O
T0053,aur,O
T0053,saalana,O
T0053,kamai,O
T0053,0,B-ANNUAL_INCOME
T0053,rupe,O
T0053,hai,O
T0054,I,O
T0054,am,O
T0054,a,O
T0054,46,B-AGE
T0054,year,O
T0054,old,O
T0054,male,B-GENDER
T0054,chhatra,B-OCCUPATION
T0054,living,O
T0054,in,O
T0054,West,B-STATE
T0054,Bengal,I-STATE
T0054,My,O
T0054,annual,O
T0054,household,O
T0054,income,O
T0054,is,O
T0054,600000,B-ANNUAL_INCOME
T0054,rupees,O
T0055,I,O
T0055,am,O
T0055,a,O
T0055,19,B-AGE
T0055,year,O
T0055,old,O
T0055,male,B-GENDER
T0055,bunkar,B-OCCUPATION
T0055,living,O
T0055,in,O
T0055,West,B-STATE
T0055,Bengal,I-STATE
T0055,My,O
T0055,annual,O
T0055,household,O
T0055,income,O
T0055,is,O
T0055,600000,B-ANNUAL_INCOME
T0055,rupees,O
T0056,Mera,O
T0056,naam,O
T0056,Ramesh,O
T0056,hai,O
T0056,main,O
T0056,Karnataka,B-STATE
T0056,ka,O
T0056,rehne,O
T0056,wala,O
T0056,hu,O
T0056,Main,O
T0056,General,B-CASTE_CATEGORY
T0056,category,O
T0056,se,O
T0056,ek,O
T0056,mahila,B-GENDER
T0056,hu,O
T0056,aur,O
T0056,daily,B-OCCUPATION
T0056,wage,I-OCCUPATION
T0056,worker,I-OCCUPATION
T0056,hu,O
T0056,Aamdani,O
T0056,200000,B-ANNUAL_INCOME
T0056,per,O
T0056,year,O
T0056,hai,O
T0057,I,O
T0057,belong,O
T0057,to,O
T0057,OBC,B-CASTE_CATEGORY
T0057,category,O
T0057,from,O
T0057,Karnataka,B-STATE
T0057,Age,O
T0057,is,O
T0057,41,B-AGE
T0057,profession,O
T0057,is,O
T0057,bunkar,B-OCCUPATION
T0057,income,O
T0057,around,O
T0057,45000,B-ANNUAL_INCOME
T0058,Main,O
T0058,Karnataka,B-STATE
T0058,se,O
T0058,ek,O
T0058,rehri,B-OCCUPATION
T0058,wala,I-OCCUPATION
T0058,hu,O
T0058,meri,O
T0058,umar,O
T0058,53,B-AGE
T0058,saal,O
T0058,hai,O
T0058,aur,O
T0058,saalana,O
T0058,kamai,O
T0058,350000,B-ANNUAL_INCOME
T0058,rupe,O
T0058,hai,O
T0059,Mera,O
T0059,naam,O
T0059,Ramesh,O
T0059,hai,O
T0059,main,O
T0059,West,B-STATE
T0059,Bengal,I-STATE
T0059,ka,O
T0059,rehne,O
T0059,wala,O
T0059,hu,O
T0059,Main,O
T0059,General,B-CASTE_CATEGORY
T0059,category,O
T0059,se,O
T0059,ek,O
T0059,mahila,B-GENDER
T0059,hu,O
T0059,aur,O
T0059,rehri,B-OCCUPATION
T0059,wala,I-OCCUPATION
T0059,hu,O
T0059,Aamdani,O
T0059,600000,B-ANNUAL_INCOME
T0059,per,O
T0059,year,O
T0059,hai,O
T0060,I,O
T0060,belong,O
T0060,to,O
T0060,SC,B-CASTE_CATEGORY
T0060,category,O
T0060,from,O
T0060,Bihar,B-STATE
T0060,Age,O
T0060,is,O
T0060,45,B-AGE
T0060,profession,O
T0060,is,O
T0060,student,B-OCCUPATION
T0060,income,O
T0060,around,O
T0060,600000,B-ANNUAL_INCOME
T0061,I,O
T0061,am,O
T0061,a,O
T0061,30,B-AGE
T0061,year,O
T0061,old,O
T0061,male,B-GENDER
T0061,labour,B-OCCUPATION
T0061,living,O
T0061,in,O
T0061,Tamil,B-STATE
T0061,Nadu,I-STATE
T0061,My,O
T0061,annual,O
T0061,household,O
T0061,income,O
T0061,is,O
T0061,600000,B-ANNUAL_INCOME
T0061,rupees,O
T0062,I,O
T0062,am,O
T0062,a,O
T0062,51,B-AGE
T0062,year,O
T0062,old,O
T0062,male,B-GENDER
T0062,student,B-OCCUPATION
T0062,living,O
T0062,in,O
T0062,West,B-STATE
T0062,Bengal,I-STATE
T0062,My,O
T0062,annual,O
T0062,household,O
T0062,income,O
T0062,is,O
T0062,45000,B-ANNUAL_INCOME
T0062,rupees,O
T0063,Mera,O
T0063,naam,O
T0063,Ramesh,O
T0063,hai,O
T0063,main,O
T0063,Rajasthan,B-STATE
T0063,ka,O
T0063,rehne,O
T0063,wala,O
T0063,hu,O
T0063,Main,O
T0063,OBC,B-CASTE_CATEGORY
T0063,category,O
T0063,se,O
T0063,ek,O
T0063,purush,B-GENDER
T0063,hu,O
T0063,aur,O
T0063,labour,B-OCCUPATION
T0063,hu,O
T0063,Aamdani,O
T0063,350000,B-ANNUAL_INCOME
T0063,per,O
T0063,year,O
T0063,hai,O
T0064,Hi,O
T0064,I,O
T0064,am,O
T0064,22,B-AGE
T0064,years,O
T0064,old,O
T0064,student,O
T0064,from,O
T0064,Madhya,B-STATE
T0064,Pradesh,I-STATE
T0064,My,O
T0064,family,O
T0064,income,O
T0064,is,O
T0064,120000,B-ANNUAL_INCOME
T0064,and,O
T0064,I,O
T0064,am,O
T0064,differently,B-DISABILITY
T0064,abled,I-DISABILITY
T0065,Namaste,O
T0065,main,O
T0065,33,B-AGE
T0065,varsh,O
T0065,ka,O
T0065,unemployed,B-OCCUPATION
T0065,hu,O
T0065,Tamil,B-STATE
T0065,Nadu,I-STATE
T0065,se,O
T0065,Meri,O
T0065,income,O
T0065,600000,B-ANNUAL_INCOME
T0065,rupaye,O
T0065,hai,O
T0065,aur,O
T0065,main,O
T0065,OBC,B-CASTE_CATEGORY
T0065,varg,O
T0065,se,O
T0065,hoon,O
T0065,Main,O
T0065,divyang,B-DISABILITY
T0065,hu,O
T0066,I,O
T0066,am,O
T0066,a,O
T0066,44,B-AGE
T0066,year,O
T0066,old,O
T0066,female,B-GENDER
T0066,farmer,B-OCCUPATION
T0066,living,O
T0066,in,O
T0066,Madhya,B-STATE
T0066,Pradesh,I-STATE
T0066,My,O
T0066,annual,O
T0066,household,O
T0066,income,O
T0066,is,O
T0066,0,B-ANNUAL_INCOME
T0066,rupees,O
T0067,I,O
T0067,belong,O
T0067,to,O
T0067,ST,B-CASTE_CATEGORY
T0067,category,O
T0067,from,O
T0067,Karnataka,B-STATE
T0067,Age,O
T0067,is,O
T0067,25,B-AGE
T0067,profession,O
T0067,is,O
T0067,mazdoor,B-OCCUPATION
T0067,income,O
T0067,around,O
T0067,200000,B-ANNUAL_INCOME
T0068,I,O
T0068,am,O
T0068,a,O
T0068,55,B-AGE
T0068,year,O
T0068,old,O
T0068,female,B-GENDER
T0068,berojgar,B-OCCUPATION
T0068,living,O
T0068,in,O
T0068,Tamil,B-STATE
T0068,Nadu,I-STATE
T0068,My,O
T0068,annual,O
T0068,household,O
T0068,income,O
T0068,is,O
T0068,0,B-ANNUAL_INCOME
T0068,rupees,O
T0069,Main,O
T0069,Karnataka,B-STATE
T0069,se,O
T0069,ek,O
T0069,bunkar,B-OCCUPATION
T0069,hu,O
T0069,meri,O
T0069,umar,O
T0069,42,B-AGE
T0069,saal,O
T0069,hai,O
T0069,aur,O
T0069,saalana,O
T0069,kamai,O
T0069,0,B-ANNUAL_INCOME
T0069,rupe,O
T0069,hai,O
T0070,I,O
T0070,am,O
T0070,a,O
T0070,58,B-AGE
T0070,year,O
T0070,old,O
T0070,female,B-GENDER
T0070,artisan,B-OCCUPATION
T0070,living,O
T0070,in,O
T0070,Madhya,B-STATE
T0070,Pradesh,I-STATE
T0070,My,O
T0070,annual,O
T0070,household,O
T0070,income,O
T0070,is,O
T0070,45000,B-ANNUAL_INCOME
T0070,rupees,O
T0071,I,O
T0071,am,O
T0071,a,O
T0071,24,B-AGE
T0071,year,O
T0071,old,O
T0071,male,B-GENDER
T0071,kisan,B-OCCUPATION
T0071,living,O
T0071,in,O
T0071,Rajasthan,B-STATE
T0071,My,O
T0071,annual,O
T0071,household,O
T0071,income,O
T0071,is,O
T0071,80000,B-ANNUAL_INCOME
T0071,rupees,O
T0072,Main,O
T0072,Bihar,B-STATE
T0072,se,O
T0072,ek,O
T0072,kisan,B-OCCUPATION
T0072,hu,O
T0072,meri,O
T0072,umar,O
T0072,20,B-AGE
T0072,saal,O
T0072,hai,O
T0072,aur,O
T0072,saalana,O
T0072,kamai,O
T0072,350000,B-ANNUAL_INCOME
T0072,rupe,O
T0072,hai,O
T0073,Mera,O
T0073,naam,O
T0073,Ramesh,O
T0073,hai,O
T0073,main,O
T0073,Uttar,B-STATE
T0073,Pradesh,I-STATE
T0073,ka,O
T0073,rehne,O
T0073,wala,O
T0073,hu,O
T0073,Main,O
T0073,General,B-CASTE_CATEGORY
T0073,category,O
T0073,se,O
T0073,ek,O
T0073,purush,B-GENDER
T0073,hu,O
T0073,aur,O
T0073,student,B-OCCUPATION
T0073,hu,O
T0073,Aamdani,O
T0073,120000,B-ANNUAL_INCOME
T0073,per,O
T0073,year,O
T0073,hai,O
T0074,Namaste,O
T0074,main,O
T0074,59,B-AGE
T0074,varsh,O
T0074,ka,O
T0074,rehri,B-OCCUPATION
T0074,wala,I-OCCUPATION
T0074,hu,O
T0074,Rajasthan,B-STATE
T0074,se,O
T0074,Meri,O
T0074,income,O
T0074,80000,B-ANNUAL_INCOME
T0074,rupaye,O
T0074,hai,O
T0074,aur,O
T0074,main,O
T0074,General,B-CASTE_CATEGORY
T0074,varg,O
T0074,se,O
T0074,hoon,O
T0074,Main,O
T0074,divyang,B-DISABILITY
T0074,hu,O
T0075,Mera,O
T0075,naam,O
T0075,Ramesh,O
T0075,hai,O
T0075,main,O
T0075,Madhya,B-STATE
T0075,Pradesh,I-STATE
T0075,ka,O
T0075,rehne,O
T0075,wala,O
T0075,hu,O
T0075,Main,O
T0075,General,B-CASTE_CATEGORY
T0075,category,O
T0075,se,O
T0075,ek,O
T0075,mahila,B-GENDER
T0075,hu,O
T0075,aur,O
T0075,mazdoor,B-OCCUPATION
T0075,hu,O
T0075,Aamdani,O
T0075,120000,B-ANNUAL_INCOME
T0075,per,O
T0075,year,O
T0075,hai,O
T0076,Main,O
T0076,Tamil,B-STATE
T0076,Nadu,I-STATE
T0076,se,O
T0076,ek,O
T0076,student,B-OCCUPATION
T0076,hu,O
T0076,meri,O
T0076,umar,O
T0076,19,B-AGE
T0076,saal,O
T0076,hai,O
T0076,aur,O
T0076,saalana,O
T0076,kamai,O
T0076,600000,B-ANNUAL_INCOME
T0076,rupe,O
T0076,hai,O
T0077,I,O
T0077,belong,O
T0077,to,O
T0077,OBC,B-CASTE_CATEGORY
T0077,category,O
T0077,from,O
T0077,Uttar,B-STATE
T0077,Pradesh,I-STATE
T0077,Age,O
T0077,is,O
T0077,25,B-AGE
T0077,profession,O
T0077,is,O
T0077,bunkar,B-OCCUPATION
T0077,income,O
T0077,around,O
T0077,120000,B-ANNUAL_INCOME
T0078,I,O
T0078,am,O
T0078,a,O
T0078,38,B-AGE
T0078,year,O
T0078,old,O
T0078,female,B-GENDER
T0078,street,B-OCCUPATION
T0078,vendor,I-OCCUPATION
T0078,living,O
T0078,in,O
T0078,Tamil,B-STATE
T0078,Nadu,I-STATE
T0078,My,O
T0078,annual,O
T0078,household,O
T0078,income,O
T0078,is,O
T0078,600000,B-ANNUAL_INCOME
T0078,rupees,O
T0079,Main,O
T0079,Bihar,B-STATE
T0079,se,O
T0079,ek,O
T0079,artisan,B-OCCUPATION
T0079,hu,O
T0079,meri,O
T0079,umar,O
T0079,42,B-AGE
T0079,saal,O
T0079,hai,O
T0079,aur,O
T0079,saalana,O
T0079,kamai,O
T0079,200000,B-ANNUAL_INCOME
T0079,rupe,O
T0079,hai,O
T0080,Namaste,O
T0080,main,O
T0080,50,B-AGE
T0080,varsh,O
T0080,ka,O
T0080,berojgar,B-OCCUPATION
T0080,hu,O
T0080,Rajasthan,B-STATE
T0080,se,O
T0080,Meri,O
T0080,income,O
T0080,45000,B-ANNUAL_INCOME
T0080,rupaye,O
T0080,hai,O
T0080,aur,O
T0080,main,O
T0080,SC,B-CASTE_CATEGORY
T0080,varg,O
T0080,se,O
T0080,hoon,O
T0080,Main,O
T0080,divyang,B-DISABILITY
T0080,hu,O
T0081,Mera,O
T0081,naam,O
T0081,Ramesh,O
T0081,hai,O
T0081,main,O
T0081,Rajasthan,B-STATE
T0081,ka,O
T0081,rehne,O
T0081,wala,O
T0081,hu,O
T0081,Main,O
T0081,ST,B-CASTE_CATEGORY
T0081,category,O
T0081,se,O
T0081,ek,O
T0081,mahila,B-GENDER
T0081,hu,O
T0081,aur,O
T0081,labour,B-OCCUPATION
T0081,hu,O
T0081,Aamdani,O
T0081,350000,B-ANNUAL_INCOME
T0081,per,O
T0081,year,O
T0081,hai,O
T0082,Hi,O
T0082,I,O
T0082,am,O
T0082,38,B-AGE
T0082,years,O
T0082,old,O
T0082,student,O
T0082,from,O
T0082,Tamil,B-STATE
T0082,Nadu,I-STATE
T0082,My,O
T0082,family,O
T0082,income,O
T0082,is,O
T0082,200000,B-ANNUAL_INCOME
T0082,and,O
T0082,I,O
T0082,am,O
T0082,differently,B-DISABILITY
T0082,abled,I-DISABILITY
T0083,Namaste,O
T0083,main,O
T0083,31,B-AGE
T0083,varsh,O
T0083,ka,O
T0083,street,B-OCCUPATION
T0083,vendor,I-OCCUPATION
T0083,hu,O
T0083,Karnataka,B-STATE
T0083,se,O
T0083,Meri,O
T0083,income,O
T0083,0,B-ANNUAL_INCOME
T0083,rupaye,O
T0083,hai,O
T0083,aur,O
T0083,main,O
T0083,OBC,B-CASTE_CATEGORY
T0083,varg,O
T0083,se,O
T0083,hoon,O
T0083,Main,O
T0083,divyang,B-DISABILITY
T0083,hu,O
T0084,I,O
T0084,belong,O
T0084,to,O
T0084,OBC,B-CASTE_CATEGORY
T0084,category,O
T0084,from,O
T0084,Maharashtra,B-STATE
T0084,Age,O
T0084,is,O
T0084,24,B-AGE
T0084,profession,O
T0084,is,O
T0084,unemployed,B-OCCUPATION
T0084,income,O
T0084,around,O
T0084,200000,B-ANNUAL_INCOME
T0085,Hi,O
T0085,I,O
T0085,am,O
T0085,25,B-AGE
T0085,years,O
T0085,old,O
T0085,student,B-OCCUPATION
T0085,from,O
T0085,West,B-STATE
T0085,Bengal,I-STATE
T0085,My,O
T0085,family,O
T0085,income,O
T0085,is,O
T0085,0,B-ANNUAL_INCOME
T0085,and,O
T0085,I,O
T0085,am,O
T0085,differently,B-DISABILITY
T0085,abled,I-DISABILITY
T0086,Hi,O
T0086,I,O
T0086,am,O
T0086,43,B-AGE
T0086,years,O
T0086,old,O
T0086,student,O
T0086,from,O
T0086,Madhya,B-STATE
T0086,Pradesh,I-STATE
T0086,My,O
T0086,family,O
T0086,income,O
T0086,is,O
T0086,350000,B-ANNUAL_INCOME
T0086,and,O
T0086,I,O
T0086,am,O
T0086,differently,B-DISABILITY
T0086,abled,I-DISABILITY
T0087,I,O
T0087,belong,O
T0087,to,O
T0087,OBC,B-CASTE_CATEGORY
T0087,category,O
T0087,from,O
T0087,Tamil,B-STATE
T0087,Nadu,I-STATE
T0087,Age,O
T0087,is,O
T0087,33,B-AGE
T0087,profession,O
T0087,is,O
T0087,artisan,B-OCCUPATION
T0087,income,O
T0087,around,O
T0087,0,B-ANNUAL_INCOME
T0088,Main,O
T0088,Uttar,B-STATE
T0088,Pradesh,I-STATE
T0088,se,O
T0088,ek,O
T0088,rehri,B-OCCUPATION
T0088,wala,I-OCCUPATION
T0088,hu,O
T0088,meri,O
T0088,umar,O
T0088,39,B-AGE
T0088,saal,O
T0088,hai,O
T0088,aur,O
T0088,saalana,O
T0088,kamai,O
T0088,120000,B-ANNUAL_INCOME
T0088,rupe,O
T0088,hai,O
T0089,Hi,O
T0089,I,O
T0089,am,O
T0089,65,B-AGE
T0089,years,O
T0089,old,O
T0089,student,O
T0089,from,O
T0089,Uttar,B-STATE
T0089,Pradesh,I-STATE
T0089,My,O
T0089,family,O
T0089,income,O
T0089,is,O
T0089,600000,B-ANNUAL_INCOME
T0089,and,O
T0089,I,O
T0089,am,O
T0089,differently,B-DISABILITY
T0089,abled,I-DISABILITY
T0090,Hi,O
T0090,I,O
T0090,am,O
T0090,60,B-AGE
T0090,years,O
T0090,old,O
T0090,student,O
T0090,from,O
T0090,West,B-STATE
T0090,Bengal,I-STATE
T0090,My,O
T0090,family,O
T0090,income,O
T0090,is,O
T0090,600000,B-ANNUAL_INCOME
T0090,and,O
T0090,I,O
T0090,am,O
T0090,differently,B-DISABILITY
T0090,abled,I-DISABILITY
T0091,I,O
T0091,belong,O
T0091,to,O
T0091,General,B-CASTE_CATEGORY
T0091,category,O
T0091,from,O
T0091,Uttar,B-STATE
T0091,Pradesh,I-STATE
T0091,Age,O
T0091,is,O
T0091,36,B-AGE
T0091,profession,O
T0091,is,O
T0091,mazdoor,B-OCCUPATION
T0091,income,O
T0091,around,O
T0091,80000,B-ANNUAL_INCOME
T0092,Main,O
T0092,Madhya,B-STATE
T0092,Pradesh,I-STATE
T0092,se,O
T0092,ek,O
T0092,artisan,B-OCCUPATION
T0092,hu,O
T0092,meri,O
T0092,umar,O
T0092,55,B-AGE
T0092,saal,O
T0092,hai,O
T0092,aur,O
T0092,saalana,O
T0092,kamai,O
T0092,0,B-ANNUAL_INCOME
T0092,rupe,O
T0092,hai,O
T0093,Hi,O
T0093,I,O
T0093,am,O
T0093,26,B-AGE
T0093,years,O
T0093,old,O
T0093,student,O
T0093,from,O
T0093,Madhya,B-STATE
T0093,Pradesh,I-STATE
T0093,My,O
T0093,family,O
T0093,income,O
T0093,is,O
T0093,45000,B-ANNUAL_INCOME
T0093,and,O
T0093,I,O
T0093,am,O
T0093,differently,B-DISABILITY
T0093,abled,I-DISABILITY
T0094,I,O
T0094,am,O
T0094,a,O
T0094,56,B-AGE
T0094,year,O
T0094,old,O
T0094,female,B-GENDER
T0094,daily,B-OCCUPATION
T0094,wage,I-OCCUPATION
T0094,worker,I-OCCUPATION
T0094,living,O
T0094,in,O
T0094,Maharashtra,B-STATE
T0094,My,O
T0094,annual,O
T0094,household,O
T0094,income,O
T0094,is,O
T0094,200000,B-ANNUAL_INCOME
T0094,rupees,O
T0095,Mera,O
T0095,naam,O
T0095,Ramesh,O
T0095,hai,O
T0095,main,O
T0095,Uttar,B-STATE
T0095,Pradesh,I-STATE
T0095,ka,O
T0095,rehne,O
T0095,wala,O
T0095,hu,O
T0095,Main,O
T0095,ST,B-CASTE_CATEGORY
T0095,category,O
T0095,se,O
T0095,ek,O
T0095,mahila,B-GENDER
T0095,hu,O
T0095,aur,O
T0095,unemployed,B-OCCUPATION
T0095,hu,O
T0095,Aamdani,O
T0095,45000,B-ANNUAL_INCOME
T0095,per,O
T0095,year,O
T0095,hai,O
T0096,Mera,O
T0096,naam,O
T0096,Ramesh,O
T0096,hai,O
T0096,main,O
T0096,Uttar,B-STATE
T0096,Pradesh,I-STATE
T0096,ka,O
T0096,rehne,O
T0096,wala,O
T0096,hu,O
T0096,Main,O
T0096,OBC,B-CASTE_CATEGORY
T0096,category,O
T0096,se,O
T0096,ek,O
T0096,mahila,B-GENDER
T0096,hu,O
T0096,aur,O
T0096,unemployed,B-OCCUPATION
T0096,hu,O
T0096,Aamdani,O
T0096,600000,B-ANNUAL_INCOME
T0096,per,O
T0096,year,O
T0096,hai,O
T0097,Mera,O
T0097,naam,O
T0097,Ramesh,O
T0097,hai,O
T0097,main,O
T0097,Tamil,B-STATE
T0097,Nadu,I-STATE
T0097,ka,O
T0097,rehne,O
T0097,wala,O
T0097,hu,O
T0097,Main,O
T0097,OBC,B-CASTE_CATEGORY
T0097,category,O
T0097,se,O
T0097,ek,O
T0097,mahila,B-GENDER
T0097,hu,O
T0097,aur,O
T0097,farmer,B-OCCUPATION
T0097,hu,O
T0097,Aamdani,O
T0097,80000,B-ANNUAL_INCOME
T0097,per,O
T0097,year,O
T0097,hai,O
T0098,Namaste,O
T0098,main,O
T0098,36,B-AGE
T0098,varsh,O
T0098,ka,O
T0098,berojgar,B-OCCUPATION
T0098,hu,O
T0098,West,B-STATE
T0098,Bengal,I-STATE
T0098,se,O
T0098,Meri,O
T0098,income,O
T0098,0,B-ANNUAL_INCOME
T0098,rupaye,O
T0098,hai,O
T0098,aur,O
T0098,main,O
T0098,SC,B-CASTE_CATEGORY
T0098,varg,O
T0098,se,O
T0098,hoon,O
T0098,Main,O
T0098,divyang,B-DISABILITY
T0098,hu,O
T0099,I,O
T0099,am,O
T0099,a,O
T0099,54,B-AGE
T0099,year,O
T0099,old,O
T0099,male,B-GENDER
T0099,artisan,B-OCCUPATION
T0099,living,O
T0099,in,O
T0099,Maharashtra,B-STATE
T0099,My,O
T0099,annual,O
T0099,household,O
T0099,income,O
T0099,is,O
T0099,120000,B-ANNUAL_INCOME
T0099,rupees,O
T0100,I,O
T0100,am,O
T0100,a,O
T0100,55,B-AGE
T0100,year,O
T0100,old,O
T0100,male,B-GENDER
T0100,bunkar,B-OCCUPATION
T0100,living,O
T0100,in,O
T0100,Madhya,B-STATE
T0100,Pradesh,I-STATE
T0100,My,O
T0100,annual,O
T0100,household,O
T0100,income,O
T0100,is,O
T0100,120000,B-ANNUAL_INCOME
T0100,rupees,O
T0101,I,O
T0101,am,O
T0101,a,O
T0101,40,B-AGE
T0101,year,O
T0101,old,O
T0101,male,B-GENDER
T0101,rehri,B-OCCUPATION
T0101,wala,I-OCCUPATION
T0101,living,O
T0101,in,O
T0101,Rajasthan,B-STATE
T0101,My,O
T0101,annual,O
T0101,household,O
T0101,income,O
T0101,is,O
T0101,80000,B-ANNUAL_INCOME
T0101,rupees,O
T0102,I,O
T0102,belong,O
T0102,to,O
T0102,OBC,B-CASTE_CATEGORY
T0102,category,O
T0102,from,O
T0102,Rajasthan,B-STATE
T0102,Age,O
T0102,is,O
T0102,28,B-AGE
T0102,profession,O
T0102,is,O
T0102,berojgar,B-OCCUPATION
T0102,income,O
T0102,around,O
T0102,80000,B-ANNUAL_INCOME
T0103,Hi,O
T0103,I,O
T0103,am,O
T0103,18,B-AGE
T0103,years,O
T0103,old,O
T0103,student,O
T0103,from,O
T0103,Rajasthan,B-STATE
T0103,My,O
T0103,family,O
T0103,income,O
T0103,is,O
T0103,120000,B-ANNUAL_INCOME
T0103,and,O
T0103,I,O
T0103,am,O
T0103,differently,B-DISABILITY
T0103,abled,I-DISABILITY
T0104,I,O
T0104,am,O
T0104,a,O
T0104,62,B-AGE
T0104,year,O
T0104,old,O
T0104,female,B-GENDER
T0104,chhatra,B-OCCUPATION
T0104,living,O
T0104,in,O
T0104,West,B-STATE
T0104,Bengal,I-STATE
T0104,My,O
T0104,annual,O
T0104,household,O
T0104,income,O
T0104,is,O
T0104,200000,B-ANNUAL_INCOME
T0104,rupees,O
T0105,I,O
T0105,am,O
T0105,a,O
T0105,48,B-AGE
T0105,year,O
T0105,old,O
T0105,female,B-GENDER
T0105,mazdoor,B-OCCUPATION
T0105,living,O
T0105,in,O
T0105,Bihar,B-STATE
T0105,My,O
T0105,annual,O
T0105,household,O
T0105,income,O
T0105,is,O
T0105,80000,B-ANNUAL_INCOME
T0105,rupees,O
T0106,Namaste,O
T0106,main,O
T0106,25,B-AGE
T0106,varsh,O
T0106,ka,O
T0106,unemployed,B-OCCUPATION
T0106,hu,O
T0106,Bihar,B-STATE
T0106,se,O
T0106,Meri,O
T0106,income,O
T0106,600000,B-ANNUAL_INCOME
T0106,rupaye,O
T0106,hai,O
T0106,aur,O
T0106,main,O
T0106,SC,B-CASTE_CATEGORY
T0106,varg,O
T0106,se,O
T0106,hoon,O
T0106,Main,O
T0106,divyang,B-DISABILITY
T0106,hu,O
T0107,I,O
T0107,belong,O
T0107,to,O
T0107,General,B-CASTE_CATEGORY
T0107,category,O
T0107,from,O
T0107,Bihar,B-STATE
T0107,Age,O
T0107,is,O
T0107,34,B-AGE
T0107,profession,O
T0107,is,O
T0107,student,B-OCCUPATION
T0107,income,O
T0107,around,O
T0107,350000,B-ANNUAL_INCOME
T0108,Hi,O
T0108,I,O
T0108,am,O
T0108,54,B-AGE
T0108,years,O
T0108,old,O
T0108,student,O
T0108,from,O
T0108,Bihar,B-STATE
T0108,My,O
T0108,family,O
T0108,income,O
T0108,is,O
T0108,45000,B-ANNUAL_INCOME
T0108,and,O
T0108,I,O
T0108,am,O
T0108,differently,B-DISABILITY
T0108,abled,I-DISABILITY
T0109,Namaste,O
T0109,main,O
T0109,46,B-AGE
T0109,varsh,O
T0109,ka,O
T0109,berojgar,B-OCCUPATION
T0109,hu,O
T0109,Rajasthan,B-STATE
T0109,se,O
T0109,Meri,O
T0109,income,O
T0109,0,B-ANNUAL_INCOME
T0109,rupaye,O
T0109,hai,O
T0109,aur,O
T0109,main,O
T0109,ST,B-CASTE_CATEGORY
T0109,varg,O
T0109,se,O
T0109,hoon,O
T0109,Main,O
T0109,divyang,B-DISABILITY
T0109,hu,O
T0110,Hi,O
T0110,I,O
T0110,am,O
T0110,63,B-AGE
T0110,years,O
T0110,old,O
T0110,student,O
T0110,from,O
T0110,Maharashtra,B-STATE
T0110,My,O
T0110,family,O
T0110,income,O
T0110,is,O
T0110,80000,B-ANNUAL_INCOME
T0110,and,O
T0110,I,O
T0110,am,O
T0110,differently,B-DISABILITY
T0110,abled,I-DISABILITY
T0111,Hi,O
T0111,I,O
T0111,am,O
T0111,35,B-AGE
T0111,years,O
T0111,old,O
T0111,student,O
T0111,from,O
T0111,Maharashtra,B-STATE
T0111,My,O
T0111,family,O
T0111,income,O
T0111,is,O
T0111,120000,B-ANNUAL_INCOME
T0111,and,O
T0111,I,O
T0111,am,O
T0111,differently,B-DISABILITY
T0111,abled,I-DISABILITY
T0112,Hi,O
T0112,I,O
T0112,am,O
T0112,45,B-AGE
T0112,years,O
T0112,old,O
T0112,student,O
T0112,from,O
T0112,Karnataka,B-STATE
T0112,My,O
T0112,family,O
T0112,income,O
T0112,is,O
T0112,120000,B-ANNUAL_INCOME
T0112,and,O
T0112,I,O
T0112,am,O
T0112,differently,B-DISABILITY
T0112,abled,I-DISABILITY
T0113,Main,O
T0113,West,B-STATE
T0113,Bengal,I-STATE
T0113,se,O
T0113,ek,O
T0113,street,B-OCCUPATION
T0113,vendor,I-OCCUPATION
T0113,hu,O
T0113,meri,O
T0113,umar,O
T0113,33,B-AGE
T0113,saal,O
T0113,hai,O
T0113,aur,O
T0113,saalana,O
T0113,kamai,O
T0113,120000,B-ANNUAL_INCOME
T0113,rupe,O
T0113,hai,O
T0114,I,O
T0114,am,O
T0114,a,O
T0114,42,B-AGE
T0114,year,O
T0114,old,O
T0114,female,B-GENDER
T0114,chhatra,B-OCCUPATION
T0114,living,O
T0114,in,O
T0114,Bihar,B-STATE
T0114,My,O
T0114,annual,O
T0114,household,O
T0114,income,O
T0114,is,O
T0114,600000,B-ANNUAL_INCOME
T0114,rupees,O
T0115,Hi,O
T0115,I,O
T0115,am,O
T0115,64,B-AGE
T0115,years,O
T0115,old,O
T0115,student,O
T0115,from,O
T0115,Madhya,B-STATE
T0115,Pradesh,I-STATE
T0115,My,O
T0115,family,O
T0115,income,O
T0115,is,O
T0115,0,B-ANNUAL_INCOME
T0115,and,O
T0115,I,O
T0115,am,O
T0115,differently,B-DISABILITY
T0115,abled,I-DISABILITY
T0116,Namaste,O
T0116,main,O
T0116,60,B-AGE
T0116,varsh,O
T0116,ka,O
T0116,chhatra,B-OCCUPATION
T0116,hu,O
T0116,Rajasthan,B-STATE
T0116,se,O
T0116,Meri,O
T0116,income,O
T0116,350000,B-ANNUAL_INCOME
T0116,rupaye,O
T0116,hai,O
T0116,aur,O
T0116,main,O
T0116,ST,B-CASTE_CATEGORY
T0116,varg,O
T0116,se,O
T0116,hoon,O
T0116,Main,O
T0116,divyang,B-DISABILITY
T0116,hu,O
T0117,Namaste,O
T0117,main,O
T0117,50,B-AGE
T0117,varsh,O
T0117,ka,O
T0117,farmer,B-OCCUPATION
T0117,hu,O
T0117,Tamil,B-STATE
T0117,Nadu,I-STATE
T0117,se,O
T0117,Meri,O
T0117,income,O
T0117,350000,B-ANNUAL_INCOME
T0117,rupaye,O
T0117,hai,O
T0117,aur,O
T0117,main,O
T0117,ST,B-CASTE_CATEGORY
T0117,varg,O
T0117,se,O
T0117,hoon,O
T0117,Main,O
T0117,divyang,B-DISABILITY
T0117,hu,O
T0118,Namaste,O
T0118,main,O
T0118,54,B-AGE
T0118,varsh,O
T0118,ka,O
T0118,unemployed,B-OCCUPATION
T0118,hu,O
T0118,West,B-STATE
T0118,Bengal,I-STATE
T0118,se,O
T0118,Meri,O
T0118,income,O
T0118,120000,B-ANNUAL_INCOME
T0118,rupaye,O
T0118,hai,O
T0118,aur,O
T0118,main,O
T0118,OBC,B-CASTE_CATEGORY
T0118,varg,O
T0118,se,O
T0118,hoon,O
T0118,Main,O
T0118,divyang,B-DISABILITY
T0118,hu,O
T0119,Main,O
T0119,Tamil,B-STATE
T0119,Nadu,I-STATE
T0119,se,O
T0119,ek,O
T0119,chhatra,B-OCCUPATION
T0119,hu,O
T0119,meri,O
T0119,umar,O
T0119,47,B-AGE
T0119,saal,O
T0119,hai,O
T0119,aur,O
T0119,saalana,O
T0119,kamai,O
T0119,200000,B-ANNUAL_INCOME
T0119,rupe,O
T0119,hai,O
T0120,Mera,O
T0120,naam,O
T0120,Ramesh,O
T0120,hai,O
T0120,main,O
T0120,Karnataka,B-STATE
T0120,ka,O
T0120,rehne,O
T0120,wala,O
T0120,hu,O
T0120,Main,O
T0120,ST,B-CASTE_CATEGORY
T0120,category,O
T0120,se,O
T0120,ek,O
T0120,purush,B-GENDER
T0120,hu,O
T0120,aur,O
T0120,mazdoor,B-OCCUPATION
T0120,hu,O
T0120,Aamdani,O
T0120,600000,B-ANNUAL_INCOME
T0120,per,O
T0120,year,O
T0120,hai,O
T0121,I,O
T0121,belong,O
T0121,to,O
T0121,OBC,B-CASTE_CATEGORY
T0121,category,O
T0121,from,O
T0121,Karnataka,B-STATE
T0121,Age,O
T0121,is,O
T0121,25,B-AGE
T0121,profession,O
T0121,is,O
T0121,bunkar,B-OCCUPATION
T0121,income,O
T0121,around,O
T0121,600000,B-ANNUAL_INCOME
T0122,I,O
T0122,belong,O
T0122,to,O
T0122,OBC,B-CASTE_CATEGORY
T0122,category,O
T0122,from,O
T0122,Madhya,B-STATE
T0122,Pradesh,I-STATE
T0122,Age,O
T0122,is,O
T0122,64,B-AGE
T0122,profession,O
T0122,is,O
T0122,labour,B-OCCUPATION
T0122,income,O
T0122,around,O
T0122,600000,B-ANNUAL_INCOME
T0123,Hi,O
T0123,I,O
T0123,am,O
T0123,47,B-AGE
T0123,years,O
T0123,old,O
T0123,student,O
T0123,from,O
T0123,Karnataka,B-STATE
T0123,My,O
T0123,family,O
T0123,income,O
T0123,is,O
T0123,600000,B-ANNUAL_INCOME
T0123,and,O
T0123,I,O
T0123,am,O
T0123,differently,B-DISABILITY
T0123,abled,I-DISABILITY
T0124,Main,O
T0124,Karnataka,B-STATE
T0124,se,O
T0124,ek,O
T0124,daily,B-OCCUPATION
T0124,wage,I-OCCUPATION
T0124,worker,I-OCCUPATION
T0124,hu,O
T0124,meri,O
T0124,umar,O
T0124,40,B-AGE
T0124,saal,O
T0124,hai,O
T0124,aur,O
T0124,saalana,O
T0124,kamai,O
T0124,0,B-ANNUAL_INCOME
T0124,rupe,O
T0124,hai,O
T0125,I,O
T0125,belong,O
T0125,to,O
T0125,General,B-CASTE_CATEGORY
T0125,category,O
T0125,from,O
T0125,Maharashtra,B-STATE
T0125,Age,O
T0125,is,O
T0125,31,B-AGE
T0125,profession,O
T0125,is,O
T0125,chhatra,B-OCCUPATION
T0125,income,O
T0125,around,O
T0125,120000,B-ANNUAL_INCOME
T0126,I,O
T0126,am,O
T0126,a,O
T0126,65,B-AGE
T0126,year,O
T0126,old,O
T0126,female,B-GENDER
T0126,unemployed,B-OCCUPATION
T0126,living,O
T0126,in,O
T0126,West,B-STATE
T0126,Bengal,I-STATE
T0126,My,O
T0126,annual,O
T0126,household,O
T0126,income,O
T0126,is,O
T0126,600000,B-ANNUAL_INCOME
T0126,rupees,O
T0127,Hi,O
T0127,I,O
T0127,am,O
T0127,50,B-AGE
T0127,years,O
T0127,old,O
T0127,student,B-OCCUPATION
T0127,from,O
T0127,Bihar,B-STATE
T0127,My,O
T0127,family,O
T0127,income,O
T0127,is,O
T0127,200000,B-ANNUAL_INCOME
T0127,and,O
T0127,I,O
T0127,am,O
T0127,differently,B-DISABILITY
T0127,abled,I-DISABILITY
T0128,Mera,O
T0128,naam,O
T0128,Ramesh,O
T0128,hai,O
T0128,main,O
T0128,Uttar,B-STATE
T0128,Pradesh,I-STATE
T0128,ka,O
T0128,rehne,O
T0128,wala,O
T0128,hu,O
T0128,Main,O
T0128,ST,B-CASTE_CATEGORY
T0128,category,O
T0128,se,O
T0128,ek,O
T0128,mahila,B-GENDER
T0128,hu,O
T0128,aur,O
T0128,kisan,B-OCCUPATION
T0128,hu,O
T0128,Aamdani,O
T0128,120000,B-ANNUAL_INCOME
T0128,per,O
T0128,year,O
T0128,hai,O
T0129,I,O
T0129,belong,O
T0129,to,O
T0129,General,B-CASTE_CATEGORY
T0129,category,O
T0129,from,O
T0129,Maharashtra,B-STATE
T0129,Age,O
T0129,is,O
T0129,59,B-AGE
T0129,profession,O
T0129,is,O
T0129,daily,B-OCCUPATION
T0129,wage,I-OCCUPATION
T0129,worker,I-OCCUPATION
T0129,income,O
T0129,around,O
T0129,120000,B-ANNUAL_INCOME
T0130,Mera,O
T0130,naam,O
T0130,Ramesh,O
T0130,hai,O
T0130,main,O
T0130,Rajasthan,B-STATE
T0130,ka,O
T0130,rehne,O
T0130,wala,O
T0130,hu,O
T0130,Main,O
T0130,ST,B-CASTE_CATEGORY
T0130,category,O
T0130,se,O
T0130,ek,O
T0130,purush,B-GENDER
T0130,hu,O
T0130,aur,O
T0130,weaver,B-OCCUPATION
T0130,hu,O
T0130,Aamdani,O
T0130,0,B-ANNUAL_INCOME
T0130,per,O
T0130,year,O
T0130,hai,O
T0131,Mera,O
T0131,naam,O
T0131,Ramesh,O
T0131,hai,O
T0131,main,O
T0131,Bihar,B-STATE
T0131,ka,O
T0131,rehne,O
T0131,wala,O
T0131,hu,O
T0131,Main,O
T0131,ST,B-CASTE_CATEGORY
T0131,category,O
T0131,se,O
T0131,ek,O
T0131,mahila,B-GENDER
T0131,hu,O
T0131,aur,O
T0131,rehri,B-OCCUPATION
T0131,wala,I-OCCUPATION
T0131,hu,O
T0131,Aamdani,O
T0131,350000,B-ANNUAL_INCOME
T0131,per,O
T0131,year,O
T0131,hai,O
T0132,Namaste,O
T0132,main,O
T0132,29,B-AGE
T0132,varsh,O
T0132,ka,O
T0132,berojgar,B-OCCUPATION
T0132,hu,O
T0132,Uttar,B-STATE
T0132,Pradesh,I-STATE
T0132,se,O
T0132,Meri,O
T0132,income,O
T0132,200000,B-ANNUAL_INCOME
T0132,rupaye,O
T0132,hai,O
T0132,aur,O
T0132,main,O
T0132,OBC,B-CASTE_CATEGORY
T0132,varg,O
T0132,se,O
T0132,hoon,O
T0132,Main,O
T0132,divyang,B-DISABILITY
T0132,hu,O
T0133,Mera,O
T0133,naam,O
T0133,Ramesh,O
T0133,hai,O
T0133,main,O
T0133,Bihar,B-STATE
T0133,ka,O
T0133,rehne,O
T0133,wala,O
T0133,hu,O
T0133,Main,O
T0133,ST,B-CASTE_CATEGORY
T0133,category,O
T0133,se,O
T0133,ek,O
T0133,mahila,B-GENDER
T0133,hu,O
T0133,aur,O
T0133,bunkar,B-OCCUPATION
T0133,hu,O
T0133,Aamdani,O
T0133,600000,B-ANNUAL_INCOME
T0133,per,O
T0133,year,O
T0133,hai,O
T0134,I,O
T0134,am,O
T0134,a,O
T0134,62,B-AGE
T0134,year,O
T0134,old,O
T0134,female,B-GENDER
T0134,artisan,B-OCCUPATION
T0134,living,O
T0134,in,O
T0134,Tamil,B-STATE
T0134,Nadu,I-STATE
T0134,My,O
T0134,annual,O
T0134,household,O
T0134,income,O
T0134,is,O
T0134,45000,B-ANNUAL_INCOME
T0134,rupees,O
T0135,I,O
T0135,am,O
T0135,a,O
T0135,61,B-AGE
T0135,year,O
T0135,old,O
T0135,female,B-GENDER
T0135,unemployed,B-OCCUPATION
T0135,living,O
T0135,in,O
T0135,Karnataka,B-STATE
T0135,My,O
T0135,annual,O
T0135,household,O
T0135,income,O
T0135,is,O
T0135,45000,B-ANNUAL_INCOME
T0135,rupees,O
T0136,Mera,O
T0136,naam,O
T0136,Ramesh,O
T0136,hai,O
T0136,main,O
T0136,Madhya,B-STATE
T0136,Pradesh,I-STATE
T0136,ka,O
T0136,rehne,O
T0136,wala,O
T0136,hu,O
T0136,Main,O
T0136,OBC,B-CASTE_CATEGORY
T0136,category,O
T0136,se,O
T0136,ek,O
T0136,mahila,B-GENDER
T0136,hu,O
T0136,aur,O
T0136,labour,B-OCCUPATION
T0136,hu,O
T0136,Aamdani,O
T0136,200000,B-ANNUAL_INCOME
T0136,per,O
T0136,year,O
T0136,hai,O
T0137,Hi,O
T0137,I,O
T0137,am,O
T0137,26,B-AGE
T0137,years,O
T0137,old,O
T0137,student,O
T0137,from,O
T0137,Madhya,B-STATE
T0137,Pradesh,I-STATE
T0137,My,O
T0137,family,O
T0137,income,O
T0137,is,O
T0137,80000,B-ANNUAL_INCOME
T0137,and,O
T0137,I,O
T0137,am,O
T0137,differently,B-DISABILITY
T0137,abled,I-DISABILITY
T0138,Main,O
T0138,Karnataka,B-STATE
T0138,se,O
T0138,ek,O
T0138,bunkar,B-OCCUPATION
T0138,hu,O
T0138,meri,O
T0138,umar,O
T0138,31,B-AGE
T0138,saal,O
T0138,hai,O
T0138,aur,O
T0138,saalana,O
T0138,kamai,O
T0138,0,B-ANNUAL_INCOME
T0138,rupe,O
T0138,hai,O
T0139,I,O
T0139,belong,O
T0139,to,O
T0139,SC,B-CASTE_CATEGORY
T0139,category,O
T0139,from,O
T0139,Madhya,B-STATE
T0139,Pradesh,I-STATE
T0139,Age,O
T0139,is,O
T0139,25,B-AGE
T0139,profession,O
T0139,is,O
T0139,weaver,B-OCCUPATION
T0139,income,O
T0139,around,O
T0139,600000,B-ANNUAL_INCOME
T0140,I,O
T0140,belong,O
T0140,to,O
T0140,General,B-CASTE_CATEGORY
T0140,category,O
T0140,from,O
T0140,Maharashtra,B-STATE
T0140,Age,O
T0140,is,O
T0140,49,B-AGE
T0140,profession,O
T0140,is,O
T0140,labour,B-OCCUPATION
T0140,income,O
T0140,around,O
T0140,45000,B-ANNUAL_INCOME
T0141,Mera,O
T0141,naam,O
T0141,Ramesh,O
T0141,hai,O
T0141,main,O
T0141,Madhya,B-STATE
T0141,Pradesh,I-STATE
T0141,ka,O
T0141,rehne,O
T0141,wala,O
T0141,hu,O
T0141,Main,O
T0141,General,B-CASTE_CATEGORY
T0141,category,O
T0141,se,O
T0141,ek,O
T0141,purush,B-GENDER
T0141,hu,O
T0141,aur,O
T0141,weaver,B-OCCUPATION
T0141,hu,O
T0141,Aamdani,O
T0141,0,B-ANNUAL_INCOME
T0141,per,O
T0141,year,O
T0141,hai,O
T0142,I,O
T0142,belong,O
T0142,to,O
T0142,General,B-CASTE_CATEGORY
T0142,category,O
T0142,from,O
T0142,Maharashtra,B-STATE
T0142,Age,O
T0142,is,O
T0142,45,B-AGE
T0142,profession,O
T0142,is,O
T0142,kisan,B-OCCUPATION
T0142,income,O
T0142,around,O
T0142,350000,B-ANNUAL_INCOME
T0143,Namaste,O
T0143,main,O
T0143,64,B-AGE
T0143,varsh,O
T0143,ka,O
T0143,berojgar,B-OCCUPATION
T0143,hu,O
T0143,Karnataka,B-STATE
T0143,se,O
T0143,Meri,O
T0143,income,O
T0143,45000,B-ANNUAL_INCOME
T0143,rupaye,O
T0143,hai,O
T0143,aur,O
T0143,main,O
T0143,SC,B-CASTE_CATEGORY
T0143,varg,O
T0143,se,O
T0143,hoon,O
T0143,Main,O
T0143,divyang,B-DISABILITY
T0143,hu,O
T0144,Namaste,O
T0144,main,O
T0144,44,B-AGE
T0144,varsh,O
T0144,ka,O
T0144,bunkar,B-OCCUPATION
T0144,hu,O
T0144,Maharashtra,B-STATE
T0144,se,O
T0144,Meri,O
T0144,income,O
T0144,45000,B-ANNUAL_INCOME
T0144,rupaye,O
T0144,hai,O
T0144,aur,O
T0144,main,O
T0144,General,B-CASTE_CATEGORY
T0144,varg,O
T0144,se,O
T0144,hoon,O
T0144,Main,O
T0144,divyang,B-DISABILITY
T0144,hu,O
T0145,Main,O
T0145,Tamil,B-STATE
T0145,Nadu,I-STATE
T0145,se,O
T0145,ek,O
T0145,bunkar,B-OCCUPATION
T0145,hu,O
T0145,meri,O
T0145,umar,O
T0145,23,B-AGE
T0145,saal,O
T0145,hai,O
T0145,aur,O
T0145,saalana,O
T0145,kamai,O
T0145,45000,B-ANNUAL_INCOME
T0145,rupe,O
T0145,hai,O
T0146,Hi,O
T0146,I,O
T0146,am,O
T0146,40,B-AGE
T0146,years,O
T0146,old,O
T0146,student,O
T0146,from,O
T0146,Bihar,B-STATE
T0146,My,O
T0146,family,O
T0146,income,O
T0146,is,O
T0146,0,B-ANNUAL_INCOME
T0146,and,O
T0146,I,O
T0146,am,O
T0146,differently,B-DISABILITY
T0146,abled,I-DISABILITY
T0147,Namaste,O
T0147,main,O
T0147,58,B-AGE
T0147,varsh,O
T0147,ka,O
T0147,unemployed,B-OCCUPATION
T0147,hu,O
T0147,Rajasthan,B-STATE
T0147,se,O
T0147,Meri,O
T0147,income,O
T0147,45000,B-ANNUAL_INCOME
T0147,rupaye,O
T0147,hai,O
T0147,aur,O
T0147,main,O
T0147,SC,B-CASTE_CATEGORY
T0147,varg,O
T0147,se,O
T0147,hoon,O
T0147,Main,O
T0147,divyang,B-DISABILITY
T0147,hu,O
T0148,Mera,O
T0148,naam,O
T0148,Ramesh,O
T0148,hai,O
T0148,main,O
T0148,Uttar,B-STATE
T0148,Pradesh,I-STATE
T0148,ka,O
T0148,rehne,O
T0148,wala,O
T0148,hu,O
T0148,Main,O
T0148,OBC,B-CASTE_CATEGORY
T0148,category,O
T0148,se,O
T0148,ek,O
T0148,purush,B-GENDER
T0148,hu,O
T0148,aur,O
T0148,labour,B-OCCUPATION
T0148,hu,O
T0148,Aamdani,O
T0148,0,B-ANNUAL_INCOME
T0148,per,O
T0148,year,O
T0148,hai,O
T0149,Hi,O
T0149,I,O
T0149,am,O
T0149,29,B-AGE
T0149,years,O
T0149,old,O
T0149,student,O
T0149,from,O
T0149,Rajasthan,B-STATE
T0149,My,O
T0149,family,O
T0149,income,O
T0149,is,O
T0149,0,B-ANNUAL_INCOME
T0149,and,O
T0149,I,O
T0149,am,O
T0149,differently,B-DISABILITY
T0149,abled,I-DISABILITY
T0150,Hi,O
T0150,I,O
T0150,am,O
T0150,36,B-AGE
T0150,years,O
T0150,old,O
T0150,student,O
T0150,from,O
T0150,Madhya,B-STATE
T0150,Pradesh,I-STATE
T0150,My,O
T0150,family,O
T0150,income,O
T0150,is,O
T0150,0,B-ANNUAL_INCOME
T0150,and,O
T0150,I,O
T0150,am,O
T0150,differently,B-DISABILITY
T0150,abled,I-DISABILITY
T0151,I,O
T0151,am,O
T0151,a,O
T0151,30,B-AGE
T0151,year,O
T0151,old,O
T0151,female,B-GENDER
T0151,weaver,B-OCCUPATION
T0151,living,O
T0151,in,O
T0151,Tamil,B-STATE
T0151,Nadu,I-STATE
T0151,My,O
T0151,annual,O
T0151,household,O
T0151,income,O
T0151,is,O
T0151,0,B-ANNUAL_INCOME
T0151,rupees,O
T0152,Namaste,O
T0152,main,O
T0152,47,B-AGE
T0152,varsh,O
T0152,ka,O
T0152,farmer,B-OCCUPATION
T0152,hu,O
T0152,Madhya,B-STATE
T0152,Pradesh,I-STATE
T0152,se,O
T0152,Meri,O
T0152,income,O
T0152,45000,B-ANNUAL_INCOME
T0152,rupaye,O
T0152,hai,O
T0152,aur,O
T0152,main,O
T0152,General,B-CASTE_CATEGORY
T0152,varg,O
T0152,se,O
T0152,hoon,O
T0152,Main,O
T0152,divyang,B-DISABILITY
T0152,hu,O
T0153,Mera,O
T0153,naam,O
T0153,Ramesh,O
T0153,hai,O
T0153,main,O
T0153,Uttar,B-STATE
T0153,Pradesh,I-STATE
T0153,ka,O
T0153,rehne,O
T0153,wala,O
T0153,hu,O
T0153,Main,O
T0153,General,B-CASTE_CATEGORY
T0153,category,O
T0153,se,O
T0153,ek,O
T0153,mahila,B-GENDER
T0153,hu,O
T0153,aur,O
T0153,artisan,B-OCCUPATION
T0153,hu,O
T0153,Aamdani,O
T0153,350000,B-ANNUAL_INCOME
T0153,per,O
T0153,year,O
T0153,hai,O
T0154,I,O
T0154,belong,O
T0154,to,O
T0154,OBC,B-CASTE_CATEGORY
T0154,category,O
T0154,from,O
T0154,Rajasthan,B-STATE
T0154,Age,O
T0154,is,O
T0154,38,B-AGE
T0154,profession,O
T0154,is,O
T0154,chhatra,B-OCCUPATION
T0154,income,O
T0154,around,O
T0154,80000,B-ANNUAL_INCOME
T0155,Mera,O
T0155,naam,O
T0155,Ramesh,O
T0155,hai,O
T0155,main,O
T0155,Bihar,B-STATE
T0155,ka,O
T0155,rehne,O
T0155,wala,O
T0155,hu,O
T0155,Main,O
T0155,SC,B-CASTE_CATEGORY
T0155,category,O
T0155,se,O
T0155,ek,O
T0155,mahila,B-GENDER
T0155,hu,O
T0155,aur,O
T0155,kisan,B-OCCUPATION
T0155,hu,O
T0155,Aamdani,O
T0155,600000,B-ANNUAL_INCOME
T0155,per,O
T0155,year,O
T0155,hai,O
T0156,I,O
T0156,am,O
T0156,a,O
T0156,23,B-AGE
T0156,year,O
T0156,old,O
T0156,male,B-GENDER
T0156,chhatra,B-OCCUPATION
T0156,living,O
T0156,in,O
T0156,Karnataka,B-STATE
T0156,My,O
T0156,annual,O
T0156,household,O
T0156,income,O
T0156,is,O
T0156,80000,B-ANNUAL_INCOME
T0156,rupees,O
T0157,I,O
T0157,belong,O
T0157,to,O
T0157,OBC,B-CASTE_CATEGORY
T0157,category,O
T0157,from,O
T0157,Karnataka,B-STATE
T0157,Age,O
T0157,is,O
T0157,20,B-AGE
T0157,profession,O
T0157,is,O
T0157,bunkar,B-OCCUPATION
T0157,income,O
T0157,around,O
T0157,350000,B-ANNUAL_INCOME
T0158,Namaste,O
T0158,main,O
T0158,50,B-AGE
T0158,varsh,O
T0158,ka,O
T0158,mazdoor,B-OCCUPATION
T0158,hu,O
T0158,Bihar,B-STATE
T0158,se,O
T0158,Meri,O
T0158,income,O
T0158,80000,B-ANNUAL_INCOME
T0158,rupaye,O
T0158,hai,O
T0158,aur,O
T0158,main,O
T0158,SC,B-CASTE_CATEGORY
T0158,varg,O
T0158,se,O
T0158,hoon,O
T0158,Main,O
T0158,divyang,B-DISABILITY
T0158,hu,O
T0159,I,O
T0159,belong,O
T0159,to,O
T0159,OBC,B-CASTE_CATEGORY
T0159,category,O
T0159,from,O
T0159,Madhya,B-STATE
T0159,Pradesh,I-STATE
T0159,Age,O
T0159,is,O
T0159,64,B-AGE
T0159,profession,O
T0159,is,O
T0159,daily,B-OCCUPATION
T0159,wage,I-OCCUPATION
T0159,worker,I-OCCUPATION
T0159,income,O
T0159,around,O
T0159,80000,B-ANNUAL_INCOME
T0160,I,O
T0160,am,O
T0160,a,O
T0160,18,B-AGE
T0160,year,O
T0160,old,O
T0160,male,B-GENDER
T0160,chhatra,B-OCCUPATION
T0160,living,O
T0160,in,O
T0160,Rajasthan,B-STATE
T0160,My,O
T0160,annual,O
T0160,household,O
T0160,income,O
T0160,is,O
T0160,0,B-ANNUAL_INCOME
T0160,rupees,O
T0161,Hi,O
T0161,I,O
T0161,am,O
T0161,58,B-AGE
T0161,years,O
T0161,old,O
T0161,student,O
T0161,from,O
T0161,Maharashtra,B-STATE
T0161,My,O
T0161,family,O
T0161,income,O
T0161,is,O
T0161,600000,B-ANNUAL_INCOME
T0161,and,O
T0161,I,O
T0161,am,O
T0161,differently,B-DISABILITY
T0161,abled,I-DISABILITY
T0162,I,O
T0162,belong,O
T0162,to,O
T0162,SC,B-CASTE_CATEGORY
T0162,category,O
T0162,from,O
T0162,Maharashtra,B-STATE
T0162,Age,O
T0162,is,O
T0162,46,B-AGE
T0162,profession,O
T0162,is,O
T0162,student,B-OCCUPATION
T0162,income,O
T0162,around,O
T0162,600000,B-ANNUAL_INCOME
T0163,Mera,O
T0163,naam,O
T0163,Ramesh,O
T0163,hai,O
T0163,main,O
T0163,Karnataka,B-STATE
T0163,ka,O
T0163,rehne,O
T0163,wala,O
T0163,hu,O
T0163,Main,O
T0163,ST,B-CASTE_CATEGORY
T0163,category,O
T0163,se,O
T0163,ek,O
T0163,purush,B-GENDER
T0163,hu,O
T0163,aur,O
T0163,chhatra,B-OCCUPATION
T0163,hu,O
T0163,Aamdani,O
T0163,120000,B-ANNUAL_INCOME
T0163,per,O
T0163,year,O
T0163,hai,O
T0164,Mera,O
T0164,naam,O
T0164,Ramesh,O
T0164,hai,O
T0164,main,O
T0164,Karnataka,B-STATE
T0164,ka,O
T0164,rehne,O
T0164,wala,O
T0164,hu,O
T0164,Main,O
T0164,ST,B-CASTE_CATEGORY
T0164,category,O
T0164,se,O
T0164,ek,O
T0164,purush,B-GENDER
T0164,hu,O
T0164,aur,O
T0164,unemployed,B-OCCUPATION
T0164,hu,O
T0164,Aamdani,O
T0164,45000,B-ANNUAL_INCOME
T0164,per,O
T0164,year,O
T0164,hai,O
T0165,Namaste,O
T0165,main,O
T0165,27,B-AGE
T0165,varsh,O
T0165,ka,O
T0165,rehri,B-OCCUPATION
T0165,wala,I-OCCUPATION
T0165,hu,O
T0165,Bihar,B-STATE
T0165,se,O
T0165,Meri,O
T0165,income,O
T0165,600000,B-ANNUAL_INCOME
T0165,rupaye,O
T0165,hai,O
T0165,aur,O
T0165,main,O
T0165,OBC,B-CASTE_CATEGORY
T0165,varg,O
T0165,se,O
T0165,hoon,O
T0165,Main,O
T0165,divyang,B-DISABILITY
T0165,hu,O
T0166,Hi,O
T0166,I,O
T0166,am,O
T0166,65,B-AGE
T0166,years,O
T0166,old,O
T0166,student,O
T0166,from,O
T0166,Uttar,B-STATE
T0166,Pradesh,I-STATE
T0166,My,O
T0166,family,O
T0166,income,O
T0166,is,O
T0166,350000,B-ANNUAL_INCOME
T0166,and,O
T0166,I,O
T0166,am,O
T0166,differently,B-DISABILITY
T0166,abled,I-DISABILITY
T0167,I,O
T0167,am,O
T0167,a,O
T0167,21,B-AGE
T0167,year,O
T0167,old,O
T0167,male,B-GENDER
T0167,labour,B-OCCUPATION
T0167,living,O
T0167,in,O
T0167,Bihar,B-STATE
T0167,My,O
T0167,annual,O
T0167,household,O
T0167,income,O
T0167,is,O
T0167,120000,B-ANNUAL_INCOME
T0167,rupees,O
T0168,Namaste,O
T0168,main,O
T0168,54,B-AGE
T0168,varsh,O
T0168,ka,O
T0168,street,B-OCCUPATION
T0168,vendor,I-OCCUPATION
T0168,hu,O
T0168,Madhya,B-STATE
T0168,Pradesh,I-STATE
T0168,se,O
T0168,Meri,O
T0168,income,O
T0168,600000,B-ANNUAL_INCOME
T0168,rupaye,O
T0168,hai,O
T0168,aur,O
T0168,main,O
T0168,General,B-CASTE_CATEGORY
T0168,varg,O
T0168,se,O
T0168,hoon,O
T0168,Main,O
T0168,divyang,B-DISABILITY
T0168,hu,O
T0169,Mera,O
T0169,naam,O
T0169,Ramesh,O
T0169,hai,O
T0169,main,O
T0169,Tamil,B-STATE
T0169,Nadu,I-STATE
T0169,ka,O
T0169,rehne,O
T0169,wala,O
T0169,hu,O
T0169,Main,O
T0169,SC,B-CASTE_CATEGORY
T0169,category,O
T0169,se,O
T0169,ek,O
T0169,mahila,B-GENDER
T0169,hu,O
T0169,aur,O
T0169,student,B-OCCUPATION
T0169,hu,O
T0169,Aamdani,O
T0169,45000,B-ANNUAL_INCOME
T0169,per,O
T0169,year,O
T0169,hai,O
T0170,Main,O
T0170,Maharashtra,B-STATE
T0170,se,O
T0170,ek,O
T0170,berojgar,B-OCCUPATION
T0170,hu,O
T0170,meri,O
T0170,umar,O
T0170,24,B-AGE
T0170,saal,O
T0170,hai,O
T0170,aur,O
T0170,saalana,O
T0170,kamai,O
T0170,200000,B-ANNUAL_INCOME
T0170,rupe,O
T0170,hai,O
T0171,Hi,O
T0171,I,O
T0171,am,O
T0171,46,B-AGE
T0171,years,O
T0171,old,O
T0171,student,O
T0171,from,O
T0171,Uttar,B-STATE
T0171,Pradesh,I-STATE
T0171,My,O
T0171,family,O
T0171,income,O
T0171,is,O
T0171,0,B-ANNUAL_INCOME
T0171,and,O
T0171,I,O
T0171,am,O
T0171,differently,B-DISABILITY
T0171,abled,I-DISABILITY
T0172,Namaste,O
T0172,main,O
T0172,44,B-AGE
T0172,varsh,O
T0172,ka,O
T0172,rehri,B-OCCUPATION
T0172,wala,I-OCCUPATION
T0172,hu,O
T0172,Maharashtra,B-STATE
T0172,se,O
T0172,Meri,O
T0172,income,O
T0172,200000,B-ANNUAL_INCOME
T0172,rupaye,O
T0172,hai,O
T0172,aur,O
T0172,main,O
T0172,ST,B-CASTE_CATEGORY
T0172,varg,O
T0172,se,O
T0172,hoon,O
T0172,Main,O
T0172,divyang,B-DISABILITY
T0172,hu,O
T0173,Mera,O
T0173,naam,O
T0173,Ramesh,O
T0173,hai,O
T0173,main,O
T0173,West,B-STATE
T0173,Bengal,I-STATE
T0173,ka,O
T0173,rehne,O
T0173,wala,O
T0173,hu,O
T0173,Main,O
T0173,General,B-CASTE_CATEGORY
T0173,category,O
T0173,se,O
T0173,ek,O
T0173,mahila,B-GENDER
T0173,hu,O
T0173,aur,O
T0173,chhatra,B-OCCUPATION
T0173,hu,O
T0173,Aamdani,O
T0173,0,B-ANNUAL_INCOME
T0173,per,O
T0173,year,O
T0173,hai,O
T0174,I,O
T0174,am,O
T0174,a,O
T0174,29,B-AGE
T0174,year,O
T0174,old,O
T0174,male,B-GENDER
T0174,labour,B-OCCUPATION
T0174,living,O
T0174,in,O
T0174,West,B-STATE
T0174,Bengal,I-STATE
T0174,My,O
T0174,annual,O
T0174,household,O
T0174,income,O
T0174,is,O
T0174,200000,B-ANNUAL_INCOME
T0174,rupees,O
T0175,Hi,O
T0175,I,O
T0175,am,O
T0175,58,B-AGE
T0175,years,O
T0175,old,O
T0175,student,O
T0175,from,O
T0175,Rajasthan,B-STATE
T0175,My,O
T0175,family,O
T0175,income,O
T0175,is,O
T0175,600000,B-ANNUAL_INCOME
T0175,and,O
T0175,I,O
T0175,am,O
T0175,differently,B-DISABILITY
T0175,abled,I-DISABILITY
T0176,Hi,O
T0176,I,O
T0176,am,O
T0176,31,B-AGE
T0176,years,O
T0176,old,O
T0176,student,B-OCCUPATION
T0176,from,O
T0176,Bihar,B-STATE
T0176,My,O
T0176,family,O
T0176,income,O
T0176,is,O
T0176,80000,B-ANNUAL_INCOME
T0176,and,O
T0176,I,O
T0176,am,O
T0176,differently,B-DISABILITY
T0176,abled,I-DISABILITY
T0177,Mera,O
T0177,naam,O
T0177,Ramesh,O
T0177,hai,O
T0177,main,O
T0177,Rajasthan,B-STATE
T0177,ka,O
T0177,rehne,O
T0177,wala,O
T0177,hu,O
T0177,Main,O
T0177,General,B-CASTE_CATEGORY
T0177,category,O
T0177,se,O
T0177,ek,O
T0177,purush,B-GENDER
T0177,hu,O
T0177,aur,O
T0177,bunkar,B-OCCUPATION
T0177,hu,O
T0177,Aamdani,O
T0177,350000,B-ANNUAL_INCOME
T0177,per,O
T0177,year,O
T0177,hai,O
T0178,I,O
T0178,am,O
T0178,a,O
T0178,52,B-AGE
T0178,year,O
T0178,old,O
T0178,male,B-GENDER
T0178,rehri,B-OCCUPATION
T0178,wala,I-OCCUPATION
T0178,living,O
T0178,in,O
T0178,West,B-STATE
T0178,Bengal,I-STATE
T0178,My,O
T0178,annual,O
T0178,household,O
T0178,income,O
T0178,is,O
T0178,120000,B-ANNUAL_INCOME
T0178,rupees,O
T0179,Mera,O
T0179,naam,O
T0179,Ramesh,O
T0179,hai,O
T0179,main,O
T0179,West,B-STATE
T0179,Bengal,I-STATE
T0179,ka,O
T0179,rehne,O
T0179,wala,O
T0179,hu,O
T0179,Main,O
T0179,OBC,B-CASTE_CATEGORY
T0179,category,O
T0179,se,O
T0179,ek,O
T0179,purush,B-GENDER
T0179,hu,O
T0179,aur,O
T0179,bunkar,B-OCCUPATION
T0179,hu,O
T0179,Aamdani,O
T0179,0,B-ANNUAL_INCOME
T0179,per,O
T0179,year,O
T0179,hai,O
T0180,Main,O
T0180,Maharashtra,B-STATE
T0180,se,O
T0180,ek,O
T0180,chhatra,B-OCCUPATION
T0180,hu,O
T0180,meri,O
T0180,umar,O
T0180,52,B-AGE
T0180,saal,O
T0180,hai,O
T0180,aur,O
T0180,saalana,O
T0180,kamai,O
T0180,600000,B-ANNUAL_INCOME
T0180,rupe,O
T0180,hai,O
T0181,Hi,O
T0181,I,O
T0181,am,O
T0181,28,B-AGE
T0181,years,O
T0181,old,O
T0181,student,O
T0181,from,O
T0181,Maharashtra,B-STATE
T0181,My,O
T0181,family,O
T0181,income,O
T0181,is,O
T0181,600000,B-ANNUAL_INCOME
T0181,and,O
T0181,I,O
T0181,am,O
T0181,differently,B-DISABILITY
T0181,abled,I-DISABILITY
T0182,Namaste,O
T0182,main,O
T0182,65,B-AGE
T0182,varsh,O
T0182,ka,O
T0182,kisan,B-OCCUPATION
T0182,hu,O
T0182,Uttar,B-STATE
T0182,Pradesh,I-STATE
T0182,se,O
T0182,Meri,O
T0182,income,O
T0182,80000,B-ANNUAL_INCOME
T0182,rupaye,O
T0182,hai,O
T0182,aur,O
T0182,main,O
T0182,ST,B-CASTE_CATEGORY
T0182,varg,O
T0182,se,O
T0182,hoon,O
T0182,Main,O
T0182,divyang,B-DISABILITY
T0182,hu,O
T0183,Mera,O
T0183,naam,O
T0183,Ramesh,O
T0183,hai,O
T0183,main,O
T0183,Uttar,B-STATE
T0183,Pradesh,I-STATE
T0183,ka,O
T0183,rehne,O
T0183,wala,O
T0183,hu,O
T0183,Main,O
T0183,General,B-CASTE_CATEGORY
T0183,category,O
T0183,se,O
T0183,ek,O
T0183,purush,B-GENDER
T0183,hu,O
T0183,aur,O
T0183,weaver,B-OCCUPATION
T0183,hu,O
T0183,Aamdani,O
T0183,120000,B-ANNUAL_INCOME
T0183,per,O
T0183,year,O
T0183,hai,O
T0184,I,O
T0184,belong,O
T0184,to,O
T0184,OBC,B-CASTE_CATEGORY
T0184,category,O
T0184,from,O
T0184,Bihar,B-STATE
T0184,Age,O
T0184,is,O
T0184,59,B-AGE
T0184,profession,O
T0184,is,O
T0184,weaver,B-OCCUPATION
T0184,income,O
T0184,around,O
T0184,120000,B-ANNUAL_INCOME
T0185,Hi,O
T0185,I,O
T0185,am,O
T0185,18,B-AGE
T0185,years,O
T0185,old,O
T0185,student,O
T0185,from,O
T0185,Karnataka,B-STATE
T0185,My,O
T0185,family,O
T0185,income,O
T0185,is,O
T0185,350000,B-ANNUAL_INCOME
T0185,and,O
T0185,I,O
T0185,am,O
T0185,differently,B-DISABILITY
T0185,abled,I-DISABILITY
T0186,Mera,O
T0186,naam,O
T0186,Ramesh,O
T0186,hai,O
T0186,main,O
T0186,Bihar,B-STATE
T0186,ka,O
T0186,rehne,O
T0186,wala,O
T0186,hu,O
T0186,Main,O
T0186,SC,B-CASTE_CATEGORY
T0186,category,O
T0186,se,O
T0186,ek,O
T0186,purush,B-GENDER
T0186,hu,O
T0186,aur,O
T0186,bunkar,B-OCCUPATION
T0186,hu,O
T0186,Aamdani,O
T0186,600000,B-ANNUAL_INCOME
T0186,per,O
T0186,year,O
T0186,hai,O
T0187,I,O
T0187,belong,O
T0187,to,O
T0187,SC,B-CASTE_CATEGORY
T0187,category,O
T0187,from,O
T0187,Uttar,B-STATE
T0187,Pradesh,I-STATE
T0187,Age,O
T0187,is,O
T0187,31,B-AGE
T0187,profession,O
T0187,is,O
T0187,mazdoor,B-OCCUPATION
T0187,income,O
T0187,around,O
T0187,200000,B-ANNUAL_INCOME
T0188,I,O
T0188,am,O
T0188,a,O
T0188,34,B-AGE
T0188,year,O
T0188,old,O
T0188,male,B-GENDER
T0188,daily,B-OCCUPATION
T0188,wage,I-OCCUPATION
T0188,worker,I-OCCUPATION
T0188,living,O
T0188,in,O
T0188,Bihar,B-STATE
T0188,My,O
T0188,annual,O
T0188,household,O
T0188,income,O
T0188,is,O
T0188,0,B-ANNUAL_INCOME
T0188,rupees,O
T0189,I,O
T0189,am,O
T0189,a,O
T0189,31,B-AGE
T0189,year,O
T0189,old,O
T0189,female,B-GENDER
T0189,kisan,B-OCCUPATION
T0189,living,O
T0189,in,O
T0189,Tamil,B-STATE
T0189,Nadu,I-STATE
T0189,My,O
T0189,annual,O
T0189,household,O
T0189,income,O
T0189,is,O
T0189,80000,B-ANNUAL_INCOME
T0189,rupees,O
T0190,Hi,O
T0190,I,O
T0190,am,O
T0190,55,B-AGE
T0190,years,O
T0190,old,O
T0190,student,O
T0190,from,O
T0190,Uttar,B-STATE
T0190,Pradesh,I-STATE
T0190,My,O
T0190,family,O
T0190,income,O
T0190,is,O
T0190,0,B-ANNUAL_INCOME
T0190,and,O
T0190,I,O
T0190,am,O
T0190,differently,B-DISABILITY
T0190,abled,I-DISABILITY
T0191,Namaste,O
T0191,main,O
T0191,58,B-AGE
T0191,varsh,O
T0191,ka,O
T0191,labour,B-OCCUPATION
T0191,hu,O
T0191,West,B-STATE
T0191,Bengal,I-STATE
T0191,se,O
T0191,Meri,O
T0191,income,O
T0191,80000,B-ANNUAL_INCOME
T0191,rupaye,O
T0191,hai,O
T0191,aur,O
T0191,main,O
T0191,SC,B-CASTE_CATEGORY
T0191,varg,O
T0191,se,O
T0191,hoon,O
T0191,Main,O
T0191,divyang,B-DISABILITY
T0191,hu,O
T0192,I,O
T0192,belong,O
T0192,to,O
T0192,OBC,B-CASTE_CATEGORY
T0192,category,O
T0192,from,O
T0192,Maharashtra,B-STATE
T0192,Age,O
T0192,is,O
T0192,18,B-AGE
T0192,profession,O
T0192,is,O
T0192,bunkar,B-OCCUPATION
T0192,income,O
T0192,around,O
T0192,120000,B-ANNUAL_INCOME
T0193,I,O
T0193,belong,O
T0193,to,O
T0193,General,B-CASTE_CATEGORY
T0193,category,O
T0193,from,O
T0193,Madhya,B-STATE
T0193,Pradesh,I-STATE
T0193,Age,O
T0193,is,O
T0193,50,B-AGE
T0193,profession,O
T0193,is,O
T0193,bunkar,B-OCCUPATION
T0193,income,O
T0193,around,O
T0193,0,B-ANNUAL_INCOME
T0194,Main,O
T0194,Madhya,B-STATE
T0194,Pradesh,I-STATE
T0194,se,O
T0194,ek,O
T0194,farmer,B-OCCUPATION
T0194,hu,O
T0194,meri,O
T0194,umar,O
T0194,55,B-AGE
T0194,saal,O
T0194,hai,O
T0194,aur,O
T0194,saalana,O
T0194,kamai,O
T0194,80000,B-ANNUAL_INCOME
T0194,rupe,O
T0194,hai,O
T0195,Hi,O
T0195,I,O
T0195,am,O
T0195,35,B-AGE
T0195,years,O
T0195,old,O
T0195,student,O
T0195,from,O
T0195,Karnataka,B-STATE
T0195,My,O
T0195,family,O
T0195,income,O
T0195,is,O
T0195,200000,B-ANNUAL_INCOME
T0195,and,O
T0195,I,O
T0195,am,O
T0195,differently,B-DISABILITY
T0195,abled,I-DISABILITY
T0196,Namaste,O
T0196,main,O
T0196,48,B-AGE
T0196,varsh,O
T0196,ka,O
T0196,bunkar,B-OCCUPATION
T0196,hu,O
T0196,Maharashtra,B-STATE
T0196,se,O
T0196,Meri,O
T0196,income,O
T0196,600000,B-ANNUAL_INCOME
T0196,rupaye,O
T0196,hai,O
T0196,aur,O
T0196,main,O
T0196,General,B-CASTE_CATEGORY
T0196,varg,O
T0196,se,O
T0196,hoon,O
T0196,Main,O
T0196,divyang,B-DISABILITY
T0196,hu,O
T0197,Hi,O
T0197,I,O
T0197,am,O
T0197,49,B-AGE
T0197,years,O
T0197,old,O
T0197,student,O
T0197,from,O
T0197,Uttar,B-STATE
T0197,Pradesh,I-STATE
T0197,My,O
T0197,family,O
T0197,income,O
T0197,is,O
T0197,120000,B-ANNUAL_INCOME
T0197,and,O
T0197,I,O
T0197,am,O
T0197,differently,B-DISABILITY
T0197,abled,I-DISABILITY
T0198,Main,O
T0198,Karnataka,B-STATE
T0198,se,O
T0198,ek,O
T0198,daily,B-OCCUPATION
T0198,wage,I-OCCUPATION
T0198,worker,I-OCCUPATION
T0198,hu,O
T0198,meri,O
T0198,umar,O
T0198,32,B-AGE
T0198,saal,O
T0198,hai,O
T0198,aur,O
T0198,saalana,O
T0198,kamai,O
T0198,600000,B-ANNUAL_INCOME
T0198,rupe,O
T0198,hai,O
T0199,I,O
T0199,belong,O
T0199,to,O
T0199,SC,B-CASTE_CATEGORY
T0199,category,O
T0199,from,O
T0199,Uttar,B-STATE
T0199,Pradesh,I-STATE
T0199,Age,O
T0199,is,O
T0199,43,B-AGE
T0199,profession,O
T0199,is,O
T0199,rehri,B-OCCUPATION
T0199,wala,I-OCCUPATION
T0199,income,O
T0199,around,O
T0199,80000,B-ANNUAL_INCOME
T0200,Namaste,O
T0200,main,O
T0200,18,B-AGE
T0200,varsh,O
T0200,ka,O
T0200,daily,B-OCCUPATION
T0200,wage,I-OCCUPATION
T0200,worker,I-OCCUPATION
T0200,hu,O
T0200,Karnataka,B-STATE
T0200,se,O
T0200,Meri,O
T0200,income,O
T0200,0,B-ANNUAL_INCOME
T0200,rupaye,O
T0200,hai,O
T0200,aur,O
T0200,main,O
T0200,General,B-CASTE_CATEGORY
T0200,varg,O
T0200,se,O
T0200,hoon,O
T0200,Main,O
T0200,divyang,B-DISABILITY
T0200,hu,O
T0201,Mera,O
T0201,naam,O
T0201,Ramesh,O
T0201,hai,O
T0201,main,O
T0201,Rajasthan,B-STATE
T0201,ka,O
T0201,rehne,O
T0201,wala,O
T0201,hu,O
T0201,Main,O
T0201,General,B-CASTE_CATEGORY
T0201,category,O
T0201,se,O
T0201,ek,O
T0201,mahila,B-GENDER
T0201,hu,O
T0201,aur,O
T0201,student,B-OCCUPATION
T0201,hu,O
T0201,Aamdani,O
T0201,45000,B-ANNUAL_INCOME
T0201,per,O
T0201,year,O
T0201,hai,O
T0202,I,O
T0202,belong,O
T0202,to,O
T0202,ST,B-CASTE_CATEGORY
T0202,category,O
T0202,from,O
T0202,West,B-STATE
T0202,Bengal,I-STATE
T0202,Age,O
T0202,is,O
T0202,18,B-AGE
T0202,profession,O
T0202,is,O
T0202,mazdoor,B-OCCUPATION
T0202,income,O
T0202,around,O
T0202,120000,B-ANNUAL_INCOME
T0203,Mera,O
T0203,naam,O
T0203,Ramesh,O
T0203,hai,O
T0203,main,O
T0203,West,B-STATE
T0203,Bengal,I-STATE
T0203,ka,O
T0203,rehne,O
T0203,wala,O
T0203,hu,O
T0203,Main,O
T0203,General,B-CASTE_CATEGORY
T0203,category,O
T0203,se,O
T0203,ek,O
T0203,purush,B-GENDER
T0203,hu,O
T0203,aur,O
T0203,farmer,B-OCCUPATION
T0203,hu,O
T0203,Aamdani,O
T0203,350000,B-ANNUAL_INCOME
T0203,per,O
T0203,year,O
T0203,hai,O
T0204,Mera,O
T0204,naam,O
T0204,Ramesh,O
T0204,hai,O
T0204,main,O
T0204,Karnataka,B-STATE
T0204,ka,O
T0204,rehne,O
T0204,wala,O
T0204,hu,O
T0204,Main,O
T0204,SC,B-CASTE_CATEGORY
T0204,category,O
T0204,se,O
T0204,ek,O
T0204,mahila,B-GENDER
T0204,hu,O
T0204,aur,O
T0204,rehri,B-OCCUPATION
T0204,wala,I-OCCUPATION
T0204,hu,O
T0204,Aamdani,O
T0204,45000,B-ANNUAL_INCOME
T0204,per,O
T0204,year,O
T0204,hai,O
T0205,Main,O
T0205,Madhya,B-STATE
T0205,Pradesh,I-STATE
T0205,se,O
T0205,ek,O
T0205,labour,B-OCCUPATION
T0205,hu,O
T0205,meri,O
T0205,umar,O
T0205,60,B-AGE
T0205,saal,O
T0205,hai,O
T0205,aur,O
T0205,saalana,O
T0205,kamai,O
T0205,200000,B-ANNUAL_INCOME
T0205,rupe,O
T0205,hai,O
T0206,Namaste,O
T0206,main,O
T0206,42,B-AGE
T0206,varsh,O
T0206,ka,O
T0206,berojgar,B-OCCUPATION
T0206,hu,O
T0206,Uttar,B-STATE
T0206,Pradesh,I-STATE
T0206,se,O
T0206,Meri,O
T0206,income,O
T0206,120000,B-ANNUAL_INCOME
T0206,rupaye,O
T0206,hai,O
T0206,aur,O
T0206,main,O
T0206,SC,B-CASTE_CATEGORY
T0206,varg,O
T0206,se,O
T0206,hoon,O
T0206,Main,O
T0206,divyang,B-DISABILITY
T0206,hu,O
T0207,I,O
T0207,am,O
T0207,a,O
T0207,47,B-AGE
T0207,year,O
T0207,old,O
T0207,male,B-GENDER
T0207,mazdoor,B-OCCUPATION
T0207,living,O
T0207,in,O
T0207,West,B-STATE
T0207,Bengal,I-STATE
T0207,My,O
T0207,annual,O
T0207,household,O
T0207,income,O
T0207,is,O
T0207,45000,B-ANNUAL_INCOME
T0207,rupees,O
T0208,I,O
T0208,am,O
T0208,a,O
T0208,39,B-AGE
T0208,year,O
T0208,old,O
T0208,female,B-GENDER
T0208,unemployed,B-OCCUPATION
T0208,living,O
T0208,in,O
T0208,West,B-STATE
T0208,Bengal,I-STATE
T0208,My,O
T0208,annual,O
T0208,household,O
T0208,income,O
T0208,is,O
T0208,120000,B-ANNUAL_INCOME
T0208,rupees,O
T0209,I,O
T0209,am,O
T0209,a,O
T0209,65,B-AGE
T0209,year,O
T0209,old,O
T0209,female,B-GENDER
T0209,artisan,B-OCCUPATION
T0209,living,O
T0209,in,O
T0209,Tamil,B-STATE
T0209,Nadu,I-STATE
T0209,My,O
T0209,annual,O
T0209,household,O
T0209,income,O
T0209,is,O
T0209,45000,B-ANNUAL_INCOME
T0209,rupees,O
T0210,Main,O
T0210,Uttar,B-STATE
T0210,Pradesh,I-STATE
T0210,se,O
T0210,ek,O
T0210,weaver,B-OCCUPATION
T0210,hu,O
T0210,meri,O
T0210,umar,O
T0210,40,B-AGE
T0210,saal,O
T0210,hai,O
T0210,aur,O
T0210,saalana,O
T0210,kamai,O
T0210,120000,B-ANNUAL_INCOME
T0210,rupe,O
T0210,hai,O
T0211,I,O
T0211,belong,O
T0211,to,O
T0211,General,B-CASTE_CATEGORY
T0211,category,O
T0211,from,O
T0211,Maharashtra,B-STATE
T0211,Age,O
T0211,is,O
T0211,49,B-AGE
T0211,profession,O
T0211,is,O
T0211,street,B-OCCUPATION
T0211,vendor,I-OCCUPATION
T0211,income,O
T0211,around,O
T0211,350000,B-ANNUAL_INCOME
T0212,Namaste,O
T0212,main,O
T0212,21,B-AGE
T0212,varsh,O
T0212,ka,O
T0212,student,B-OCCUPATION
T0212,hu,O
T0212,Maharashtra,B-STATE
T0212,se,O
T0212,Meri,O
T0212,income,O
T0212,120000,B-ANNUAL_INCOME
T0212,rupaye,O
T0212,hai,O
T0212,aur,O
T0212,main,O
T0212,General,B-CASTE_CATEGORY
T0212,varg,O
T0212,se,O
T0212,hoon,O
T0212,Main,O
T0212,divyang,B-DISABILITY
T0212,hu,O
T0213,Namaste,O
T0213,main,O
T0213,47,B-AGE
T0213,varsh,O
T0213,ka,O
T0213,student,B-OCCUPATION
T0213,hu,O
T0213,Uttar,B-STATE
T0213,Pradesh,I-STATE
T0213,se,O
T0213,Meri,O
T0213,income,O
T0213,0,B-ANNUAL_INCOME
T0213,rupaye,O
T0213,hai,O
T0213,aur,O
T0213,main,O
T0213,General,B-CASTE_CATEGORY
T0213,varg,O
T0213,se,O
T0213,hoon,O
T0213,Main,O
T0213,divyang,B-DISABILITY
T0213,hu,O
T0214,Hi,O
T0214,I,O
T0214,am,O
T0214,35,B-AGE
T0214,years,O
T0214,old,O
T0214,student,O
T0214,from,O
T0214,Karnataka,B-STATE
T0214,My,O
T0214,family,O
T0214,income,O
T0214,is,O
T0214,200000,B-ANNUAL_INCOME
T0214,and,O
T0214,I,O
T0214,am,O
T0214,differently,B-DISABILITY
T0214,abled,I-DISABILITY
T0215,I,O
T0215,belong,O
T0215,to,O
T0215,OBC,B-CASTE_CATEGORY
T0215,category,O
T0215,from,O
T0215,Maharashtra,B-STATE
T0215,Age,O
T0215,is,O
T0215,52,B-AGE
T0215,profession,O
T0215,is,O
T0215,student,B-OCCUPATION
T0215,income,O
T0215,around,O
T0215,120000,B-ANNUAL_INCOME
T0216,I,O
T0216,belong,O
T0216,to,O
T0216,OBC,B-CASTE_CATEGORY
T0216,category,O
T0216,from,O
T0216,Tamil,B-STATE
T0216,Nadu,I-STATE
T0216,Age,O
T0216,is,O
T0216,59,B-AGE
T0216,profession,O
T0216,is,O
T0216,bunkar,B-OCCUPATION
T0216,income,O
T0216,around,O
T0216,600000,B-ANNUAL_INCOME
T0217,Namaste,O
T0217,main,O
T0217,20,B-AGE
T0217,varsh,O
T0217,ka,O
T0217,labour,B-OCCUPATION
T0217,hu,O
T0217,Bihar,B-STATE
T0217,se,O
T0217,Meri,O
T0217,income,O
T0217,0,B-ANNUAL_INCOME
T0217,rupaye,O
T0217,hai,O
T0217,aur,O
T0217,main,O
T0217,SC,B-CASTE_CATEGORY
T0217,varg,O
T0217,se,O
T0217,hoon,O
T0217,Main,O
T0217,divyang,B-DISABILITY
T0217,hu,O
T0218,Namaste,O
T0218,main,O
T0218,46,B-AGE
T0218,varsh,O
T0218,ka,O
T0218,unemployed,B-OCCUPATION
T0218,hu,O
T0218,West,B-STATE
T0218,Bengal,I-STATE
T0218,se,O
T0218,Meri,O
T0218,income,O
T0218,45000,B-ANNUAL_INCOME
T0218,rupaye,O
T0218,hai,O
T0218,aur,O
T0218,main,O
T0218,ST,B-CASTE_CATEGORY
T0218,varg,O
T0218,se,O
T0218,hoon,O
T0218,Main,O
T0218,divyang,B-DISABILITY
T0218,hu,O
T0219,I,O
T0219,belong,O
T0219,to,O
T0219,SC,B-CASTE_CATEGORY
T0219,category,O
T0219,from,O
T0219,West,B-STATE
T0219,Bengal,I-STATE
T0219,Age,O
T0219,is,O
T0219,55,B-AGE
T0219,profession,O
T0219,is,O
T0219,artisan,B-OCCUPATION
T0219,income,O
T0219,around,O
T0219,80000,B-ANNUAL_INCOME
T0220,Mera,O
T0220,naam,O
T0220,Ramesh,O
T0220,hai,O
T0220,main,O
T0220,Tamil,B-STATE
T0220,Nadu,I-STATE
T0220,ka,O
T0220,rehne,O
T0220,wala,O
T0220,hu,O
T0220,Main,O
T0220,ST,B-CASTE_CATEGORY
T0220,category,O
T0220,se,O
T0220,ek,O
T0220,purush,B-GENDER
T0220,hu,O
T0220,aur,O
T0220,street,B-OCCUPATION
T0220,vendor,I-OCCUPATION
T0220,hu,O
T0220,Aamdani,O
T0220,0,B-ANNUAL_INCOME
T0220,per,O
T0220,year,O
T0220,hai,O
T0221,I,O
T0221,belong,O
T0221,to,O
T0221,OBC,B-CASTE_CATEGORY
T0221,category,O
T0221,from,O
T0221,Bihar,B-STATE
T0221,Age,O
T0221,is,O
T0221,19,B-AGE
T0221,profession,O
T0221,is,O
T0221,chhatra,B-OCCUPATION
T0221,income,O
T0221,around,O
T0221,120000,B-ANNUAL_INCOME
T0222,Mera,O
T0222,naam,O
T0222,Ramesh,O
T0222,hai,O
T0222,main,O
T0222,Tamil,B-STATE
T0222,Nadu,I-STATE
T0222,ka,O
T0222,rehne,O
T0222,wala,O
T0222,hu,O
T0222,Main,O
T0222,SC,B-CASTE_CATEGORY
T0222,category,O
T0222,se,O
T0222,ek,O
T0222,purush,B-GENDER
T0222,hu,O
T0222,aur,O
T0222,kisan,B-OCCUPATION
T0222,hu,O
T0222,Aamdani,O
T0222,200000,B-ANNUAL_INCOME
T0222,per,O
T0222,year,O
T0222,hai,O
T0223,I,O
T0223,am,O
T0223,a,O
T0223,62,B-AGE
T0223,year,O
T0223,old,O
T0223,female,B-GENDER
T0223,artisan,B-OCCUPATION
T0223,living,O
T0223,in,O
T0223,Tamil,B-STATE
T0223,Nadu,I-STATE
T0223,My,O
T0223,annual,O
T0223,household,O
T0223,income,O
T0223,is,O
T0223,120000,B-ANNUAL_INCOME
T0223,rupees,O
T0224,Main,O
T0224,Bihar,B-STATE
T0224,se,O
T0224,ek,O
T0224,mazdoor,B-OCCUPATION
T0224,hu,O
T0224,meri,O
T0224,umar,O
T0224,34,B-AGE
T0224,saal,O
T0224,hai,O
T0224,aur,O
T0224,saalana,O
T0224,kamai,O
T0224,45000,B-ANNUAL_INCOME
T0224,rupe,O
T0224,hai,O
T0225,Main,O
T0225,Rajasthan,B-STATE
T0225,se,O
T0225,ek,O
T0225,kisan,B-OCCUPATION
T0225,hu,O
T0225,meri,O
T0225,umar,O
T0225,59,B-AGE
T0225,saal,O
T0225,hai,O
T0225,aur,O
T0225,saalana,O
T0225,kamai,O
T0225,45000,B-ANNUAL_INCOME
T0225,rupe,O
T0225,hai,O
T0226,Main,O
T0226,Madhya,B-STATE
T0226,Pradesh,I-STATE
T0226,se,O
T0226,ek,O
T0226,unemployed,B-OCCUPATION
T0226,hu,O
T0226,meri,O
T0226,umar,O
T0226,23,B-AGE
T0226,saal,O
T0226,hai,O
T0226,aur,O
T0226,saalana,O
T0226,kamai,O
T0226,350000,B-ANNUAL_INCOME
T0226,rupe,O
T0226,hai,O
T0227,Namaste,O
T0227,main,O
T0227,51,B-AGE
T0227,varsh,O
T0227,ka,O
T0227,chhatra,B-OCCUPATION
T0227,hu,O
T0227,Karnataka,B-STATE
T0227,se,O
T0227,Meri,O
T0227,income,O
T0227,45000,B-ANNUAL_INCOME
T0227,rupaye,O
T0227,hai,O
T0227,aur,O
T0227,main,O
T0227,SC,B-CASTE_CATEGORY
T0227,varg,O
T0227,se,O
T0227,hoon,O
T0227,Main,O
T0227,divyang,B-DISABILITY
T0227,hu,O
T0228,Namaste,O
T0228,main,O
T0228,44,B-AGE
T0228,varsh,O
T0228,ka,O
T0228,farmer,B-OCCUPATION
T0228,hu,O
T0228,Maharashtra,B-STATE
T0228,se,O
T0228,Meri,O
T0228,income,O
T0228,200000,B-ANNUAL_INCOME
T0228,rupaye,O
T0228,hai,O
T0228,aur,O
T0228,main,O
T0228,General,B-CASTE_CATEGORY
T0228,varg,O
T0228,se,O
T0228,hoon,O
T0228,Main,O
T0228,divyang,B-DISABILITY
T0228,hu,O
T0229,Namaste,O
T0229,main,O
T0229,35,B-AGE
T0229,varsh,O
T0229,ka,O
T0229,artisan,B-OCCUPATION
T0229,hu,O
T0229,Tamil,B-STATE
T0229,Nadu,I-STATE
T0229,se,O
T0229,Meri,O
T0229,income,O
T0229,600000,B-ANNUAL_INCOME
T0229,rupaye,O
T0229,hai,O
T0229,aur,O
T0229,main,O
T0229,OBC,B-CASTE_CATEGORY
T0229,varg,O
T0229,se,O
T0229,hoon,O
T0229,Main,O
T0229,divyang,B-DISABILITY
T0229,hu,O
T0230,I,O
T0230,am,O
T0230,a,O
T0230,45,B-AGE
T0230,year,O
T0230,old,O
T0230,male,B-GENDER
T0230,kisan,B-OCCUPATION
T0230,living,O
T0230,in,O
T0230,Bihar,B-STATE
T0230,My,O
T0230,annual,O
T0230,household,O
T0230,income,O
T0230,is,O
T0230,0,B-ANNUAL_INCOME
T0230,rupees,O
T0231,Hi,O
T0231,I,O
T0231,am,O
T0231,45,B-AGE
T0231,years,O
T0231,old,O
T0231,student,O
T0231,from,O
T0231,Tamil,B-STATE
T0231,Nadu,I-STATE
T0231,My,O
T0231,family,O
T0231,income,O
T0231,is,O
T0231,350000,B-ANNUAL_INCOME
T0231,and,O
T0231,I,O
T0231,am,O
T0231,differently,B-DISABILITY
T0231,abled,I-DISABILITY
T0232,Namaste,O
T0232,main,O
T0232,20,B-AGE
T0232,varsh,O
T0232,ka,O
T0232,weaver,B-OCCUPATION
T0232,hu,O
T0232,Karnataka,B-STATE
T0232,se,O
T0232,Meri,O
T0232,income,O
T0232,200000,B-ANNUAL_INCOME
T0232,rupaye,O
T0232,hai,O
T0232,aur,O
T0232,main,O
T0232,General,B-CASTE_CATEGORY
T0232,varg,O
T0232,se,O
T0232,hoon,O
T0232,Main,O
T0232,divyang,B-DISABILITY
T0232,hu,O
T0233,Namaste,O
T0233,main,O
T0233,47,B-AGE
T0233,varsh,O
T0233,ka,O
T0233,farmer,B-OCCUPATION
T0233,hu,O
T0233,Uttar,B-STATE
T0233,Pradesh,I-STATE
T0233,se,O
T0233,Meri,O
T0233,income,O
T0233,600000,B-ANNUAL_INCOME
T0233,rupaye,O
T0233,hai,O
T0233,aur,O
T0233,main,O
T0233,General,B-CASTE_CATEGORY
T0233,varg,O
T0233,se,O
T0233,hoon,O
T0233,Main,O
T0233,divyang,B-DISABILITY
T0233,hu,O
T0234,I,O
T0234,am,O
T0234,a,O
T0234,22,B-AGE
T0234,year,O
T0234,old,O
T0234,female,B-GENDER
T0234,unemployed,B-OCCUPATION
T0234,living,O
T0234,in,O
T0234,Karnataka,B-STATE
T0234,My,O
T0234,annual,O
T0234,household,O
T0234,income,O
T0234,is,O
T0234,45000,B-ANNUAL_INCOME
T0234,rupees,O
T0235,Mera,O
T0235,naam,O
T0235,Ramesh,O
T0235,hai,O
T0235,main,O
T0235,Rajasthan,B-STATE
T0235,ka,O
T0235,rehne,O
T0235,wala,O
T0235,hu,O
T0235,Main,O
T0235,SC,B-CASTE_CATEGORY
T0235,category,O
T0235,se,O
T0235,ek,O
T0235,purush,B-GENDER
T0235,hu,O
T0235,aur,O
T0235,bunkar,B-OCCUPATION
T0235,hu,O
T0235,Aamdani,O
T0235,45000,B-ANNUAL_INCOME
T0235,per,O
T0235,year,O
T0235,hai,O
T0236,Namaste,O
T0236,main,O
T0236,28,B-AGE
T0236,varsh,O
T0236,ka,O
T0236,chhatra,B-OCCUPATION
T0236,hu,O
T0236,Bihar,B-STATE
T0236,se,O
T0236,Meri,O
T0236,income,O
T0236,120000,B-ANNUAL_INCOME
T0236,rupaye,O
T0236,hai,O
T0236,aur,O
T0236,main,O
T0236,General,B-CASTE_CATEGORY
T0236,varg,O
T0236,se,O
T0236,hoon,O
T0236,Main,O
T0236,divyang,B-DISABILITY
T0236,hu,O
T0237,Main,O
T0237,Maharashtra,B-STATE
T0237,se,O
T0237,ek,O
T0237,unemployed,B-OCCUPATION
T0237,hu,O
T0237,meri,O
T0237,umar,O
T0237,40,B-AGE
T0237,saal,O
T0237,hai,O
T0237,aur,O
T0237,saalana,O
T0237,kamai,O
T0237,0,B-ANNUAL_INCOME
T0237,rupe,O
T0237,hai,O
T0238,Namaste,O
T0238,main,O
T0238,64,B-AGE
T0238,varsh,O
T0238,ka,O
T0238,chhatra,B-OCCUPATION
T0238,hu,O
T0238,West,B-STATE
T0238,Bengal,I-STATE
T0238,se,O
T0238,Meri,O
T0238,income,O
T0238,45000,B-ANNUAL_INCOME
T0238,rupaye,O
T0238,hai,O
T0238,aur,O
T0238,main,O
T0238,ST,B-CASTE_CATEGORY
T0238,varg,O
T0238,se,O
T0238,hoon,O
T0238,Main,O
T0238,divyang,B-DISABILITY
T0238,hu,O
T0239,I,O
T0239,belong,O
T0239,to,O
T0239,General,B-CASTE_CATEGORY
T0239,category,O
T0239,from,O
T0239,Madhya,B-STATE
T0239,Pradesh,I-STATE
T0239,Age,O
T0239,is,O
T0239,21,B-AGE
T0239,profession,O
T0239,is,O
T0239,daily,B-OCCUPATION
T0239,wage,I-OCCUPATION
T0239,worker,I-OCCUPATION
T0239,income,O
T0239,around,O
T0239,0,B-ANNUAL_INCOME
T0240,I,O
T0240,am,O
T0240,a,O
T0240,29,B-AGE
T0240,year,O
T0240,old,O
T0240,female,B-GENDER
T0240,weaver,B-OCCUPATION
T0240,living,O
T0240,in,O
T0240,Uttar,B-STATE
T0240,Pradesh,I-STATE
T0240,My,O
T0240,annual,O
T0240,household,O
T0240,income,O
T0240,is,O
T0240,0,B-ANNUAL_INCOME
T0240,rupees,O
T0241,Namaste,O
T0241,main,O
T0241,26,B-AGE
T0241,varsh,O
T0241,ka,O
T0241,artisan,B-OCCUPATION
T0241,hu,O
T0241,Uttar,B-STATE
T0241,Pradesh,I-STATE
T0241,se,O
T0241,Meri,O
T0241,income,O
T0241,350000,B-ANNUAL_INCOME
T0241,rupaye,O
T0241,hai,O
T0241,aur,O
T0241,main,O
T0241,General,B-CASTE_CATEGORY
T0241,varg,O
T0241,se,O
T0241,hoon,O
T0241,Main,O
T0241,divyang,B-DISABILITY
T0241,hu,O
T0242,Mera,O
T0242,naam,O
T0242,Ramesh,O
T0242,hai,O
T0242,main,O
T0242,Madhya,B-STATE
T0242,Pradesh,I-STATE
T0242,ka,O
T0242,rehne,O
T0242,wala,O
T0242,hu,O
T0242,Main,O
T0242,OBC,B-CASTE_CATEGORY
T0242,category,O
T0242,se,O
T0242,ek,O
T0242,mahila,B-GENDER
T0242,hu,O
T0242,aur,O
T0242,unemployed,B-OCCUPATION
T0242,hu,O
T0242,Aamdani,O
T0242,200000,B-ANNUAL_INCOME
T0242,per,O
T0242,year,O
T0242,hai,O
T0243,Main,O
T0243,Madhya,B-STATE
T0243,Pradesh,I-STATE
T0243,se,O
T0243,ek,O
T0243,bunkar,B-OCCUPATION
T0243,hu,O
T0243,meri,O
T0243,umar,O
T0243,43,B-AGE
T0243,saal,O
T0243,hai,O
T0243,aur,O
T0243,saalana,O
T0243,kamai,O
T0243,120000,B-ANNUAL_INCOME
T0243,rupe,O
T0243,hai,O
T0244,Namaste,O
T0244,main,O
T0244,35,B-AGE
T0244,varsh,O
T0244,ka,O
T0244,labour,B-OCCUPATION
T0244,hu,O
T0244,Uttar,B-STATE
T0244,Pradesh,I-STATE
T0244,se,O
T0244,Meri,O
T0244,income,O
T0244,120000,B-ANNUAL_INCOME
T0244,rupaye,O
T0244,hai,O
T0244,aur,O
T0244,main,O
T0244,ST,B-CASTE_CATEGORY
T0244,varg,O
T0244,se,O
T0244,hoon,O
T0244,Main,O
T0244,divyang,B-DISABILITY
T0244,hu,O
T0245,Namaste,O
T0245,main,O
T0245,44,B-AGE
T0245,varsh,O
T0245,ka,O
T0245,artisan,B-OCCUPATION
T0245,hu,O
T0245,Karnataka,B-STATE
T0245,se,O
T0245,Meri,O
T0245,income,O
T0245,350000,B-ANNUAL_INCOME
T0245,rupaye,O
T0245,hai,O
T0245,aur,O
T0245,main,O
T0245,General,B-CASTE_CATEGORY
T0245,varg,O
T0245,se,O
T0245,hoon,O
T0245,Main,O
T0245,divyang,B-DISABILITY
T0245,hu,O
T0246,Hi,O
T0246,I,O
T0246,am,O
T0246,45,B-AGE
T0246,years,O
T0246,old,O
T0246,student,O
T0246,from,O
T0246,Uttar,B-STATE
T0246,Pradesh,I-STATE
T0246,My,O
T0246,family,O
T0246,income,O
T0246,is,O
T0246,350000,B-ANNUAL_INCOME
T0246,and,O
T0246,I,O
T0246,am,O
T0246,differently,B-DISABILITY
T0246,abled,I-DISABILITY
T0247,Main,O
T0247,Maharashtra,B-STATE
T0247,se,O
T0247,ek,O
T0247,artisan,B-OCCUPATION
T0247,hu,O
T0247,meri,O
T0247,umar,O
T0247,46,B-AGE
T0247,saal,O
T0247,hai,O
T0247,aur,O
T0247,saalana,O
T0247,kamai,O
T0247,45000,B-ANNUAL_INCOME
T0247,rupe,O
T0247,hai,O
T0248,I,O
T0248,am,O
T0248,a,O
T0248,21,B-AGE
T0248,year,O
T0248,old,O
T0248,male,B-GENDER
T0248,artisan,B-OCCUPATION
T0248,living,O
T0248,in,O
T0248,Madhya,B-STATE
T0248,Pradesh,I-STATE
T0248,My,O
T0248,annual,O
T0248,household,O
T0248,income,O
T0248,is,O
T0248,120000,B-ANNUAL_INCOME
T0248,rupees,O
T0249,Main,O
T0249,Madhya,B-STATE
T0249,Pradesh,I-STATE
T0249,se,O
T0249,ek,O
T0249,student,B-OCCUPATION
T0249,hu,O
T0249,meri,O
T0249,umar,O
T0249,39,B-AGE
T0249,saal,O
T0249,hai,O
T0249,aur,O
T0249,saalana,O
T0249,kamai,O
T0249,200000,B-ANNUAL_INCOME
T0249,rupe,O
T0249,hai,O
T0250,I,O
T0250,am,O
T0250,a,O
T0250,32,B-AGE
T0250,year,O
T0250,old,O
T0250,female,B-GENDER
T0250,artisan,B-OCCUPATION
T0250,living,O
T0250,in,O
T0250,Karnataka,B-STATE
T0250,My,O
T0250,annual,O
T0250,household,O
T0250,income,O
T0250,is,O
T0250,0,B-ANNUAL_INCOME
T0250,rupees,O
T0251,Hi,O
T0251,I,O
T0251,am,O
T0251,36,B-AGE
T0251,years,O
T0251,old,O
T0251,student,O
T0251,from,O
T0251,Bihar,B-STATE
T0251,My,O
T0251,family,O
T0251,income,O
T0251,is,O
T0251,80000,B-ANNUAL_INCOME
T0251,and,O
T0251,I,O
T0251,am,O
T0251,differently,B-DISABILITY
T0251,abled,I-DISABILITY
T0252,Main,O
T0252,Madhya,B-STATE
T0252,Pradesh,I-STATE
T0252,se,O
T0252,ek,O
T0252,labour,B-OCCUPATION
T0252,hu,O
T0252,meri,O
T0252,umar,O
T0252,38,B-AGE
T0252,saal,O
T0252,hai,O
T0252,aur,O
T0252,saalana,O
T0252,kamai,O
T0252,120000,B-ANNUAL_INCOME
T0252,rupe,O
T0252,hai,O
T0253,Main,O
T0253,West,B-STATE
T0253,Bengal,I-STATE
T0253,se,O
T0253,ek,O
T0253,street,B-OCCUPATION
T0253,vendor,I-OCCUPATION
T0253,hu,O
T0253,meri,O
T0253,umar,O
T0253,59,B-AGE
T0253,saal,O
T0253,hai,O
T0253,aur,O
T0253,saalana,O
T0253,kamai,O
T0253,200000,B-ANNUAL_INCOME
T0253,rupe,O
T0253,hai,O
T0254,I,O
T0254,belong,O
T0254,to,O
T0254,ST,B-CASTE_CATEGORY
T0254,category,O
T0254,from,O
T0254,Rajasthan,B-STATE
T0254,Age,O
T0254,is,O
T0254,53,B-AGE
T0254,profession,O
T0254,is,O
T0254,unemployed,B-OCCUPATION
T0254,income,O
T0254,around,O
T0254,200000,B-ANNUAL_INCOME
T0255,Main,O
T0255,Tamil,B-STATE
T0255,Nadu,I-STATE
T0255,se,O
T0255,ek,O
T0255,daily,B-OCCUPATION
T0255,wage,I-OCCUPATION
T0255,worker,I-OCCUPATION
T0255,hu,O
T0255,meri,O
T0255,umar,O
T0255,49,B-AGE
T0255,saal,O
T0255,hai,O
T0255,aur,O
T0255,saalana,O
T0255,kamai,O
T0255,45000,B-ANNUAL_INCOME
T0255,rupe,O
T0255,hai,O
T0256,Hi,O
T0256,I,O
T0256,am,O
T0256,34,B-AGE
T0256,years,O
T0256,old,O
T0256,student,B-OCCUPATION
T0256,from,O
T0256,Maharashtra,B-STATE
T0256,My,O
T0256,family,O
T0256,income,O
T0256,is,O
T0256,45000,B-ANNUAL_INCOME
T0256,and,O
T0256,I,O
T0256,am,O
T0256,differently,B-DISABILITY
T0256,abled,I-DISABILITY
T0257,Mera,O
T0257,naam,O
T0257,Ramesh,O
T0257,hai,O
T0257,main,O
T0257,Karnataka,B-STATE
T0257,ka,O
T0257,rehne,O
T0257,wala,O
T0257,hu,O
T0257,Main,O
T0257,SC,B-CASTE_CATEGORY
T0257,category,O
T0257,se,O
T0257,ek,O
T0257,mahila,B-GENDER
T0257,hu,O
T0257,aur,O
T0257,labour,B-OCCUPATION
T0257,hu,O
T0257,Aamdani,O
T0257,45000,B-ANNUAL_INCOME
T0257,per,O
T0257,year,O
T0257,hai,O
T0258,Hi,O
T0258,I,O
T0258,am,O
T0258,19,B-AGE
T0258,years,O
T0258,old,O
T0258,student,O
T0258,from,O
T0258,Karnataka,B-STATE
T0258,My,O
T0258,family,O
T0258,income,O
T0258,is,O
T0258,200000,B-ANNUAL_INCOME
T0258,and,O
T0258,I,O
T0258,am,O
T0258,differently,B-DISABILITY
T0258,abled,I-DISABILITY
T0259,Namaste,O
T0259,main,O
T0259,29,B-AGE
T0259,varsh,O
T0259,ka,O
T0259,labour,B-OCCUPATION
T0259,hu,O
T0259,Madhya,B-STATE
T0259,Pradesh,I-STATE
T0259,se,O
T0259,Meri,O
T0259,income,O
T0259,200000,B-ANNUAL_INCOME
T0259,rupaye,O
T0259,hai,O
T0259,aur,O
T0259,main,O
T0259,OBC,B-CASTE_CATEGORY
T0259,varg,O
T0259,se,O
T0259,hoon,O
T0259,Main,O
T0259,divyang,B-DISABILITY
T0259,hu,O
T0260,I,O
T0260,am,O
T0260,a,O
T0260,47,B-AGE
T0260,year,O
T0260,old,O
T0260,female,B-GENDER
T0260,weaver,B-OCCUPATION
T0260,living,O
T0260,in,O
T0260,West,B-STATE
T0260,Bengal,I-STATE
T0260,My,O
T0260,annual,O
T0260,household,O
T0260,income,O
T0260,is,O
T0260,80000,B-ANNUAL_INCOME
T0260,rupees,O
T0261,Hi,O
T0261,I,O
T0261,am,O
T0261,61,B-AGE
T0261,years,O
T0261,old,O
T0261,student,O
T0261,from,O
T0261,Uttar,B-STATE
T0261,Pradesh,I-STATE
T0261,My,O
T0261,family,O
T0261,income,O
T0261,is,O
T0261,120000,B-ANNUAL_INCOME
T0261,and,O
T0261,I,O
T0261,am,O
T0261,differently,B-DISABILITY
T0261,abled,I-DISABILITY
T0262,Main,O
T0262,West,B-STATE
T0262,Bengal,I-STATE
T0262,se,O
T0262,ek,O
T0262,berojgar,B-OCCUPATION
T0262,hu,O
T0262,meri,O
T0262,umar,O
T0262,56,B-AGE
T0262,saal,O
T0262,hai,O
T0262,aur,O
T0262,saalana,O
T0262,kamai,O
T0262,45000,B-ANNUAL_INCOME
T0262,rupe,O
T0262,hai,O
T0263,Main,O
T0263,Rajasthan,B-STATE
T0263,se,O
T0263,ek,O
T0263,street,B-OCCUPATION
T0263,vendor,I-OCCUPATION
T0263,hu,O
T0263,meri,O
T0263,umar,O
T0263,38,B-AGE
T0263,saal,O
T0263,hai,O
T0263,aur,O
T0263,saalana,O
T0263,kamai,O
T0263,200000,B-ANNUAL_INCOME
T0263,rupe,O
T0263,hai,O
T0264,Namaste,O
T0264,main,O
T0264,36,B-AGE
T0264,varsh,O
T0264,ka,O
T0264,student,B-OCCUPATION
T0264,hu,O
T0264,Maharashtra,B-STATE
T0264,se,O
T0264,Meri,O
T0264,income,O
T0264,120000,B-ANNUAL_INCOME
T0264,rupaye,O
T0264,hai,O
T0264,aur,O
T0264,main,O
T0264,ST,B-CASTE_CATEGORY
T0264,varg,O
T0264,se,O
T0264,hoon,O
T0264,Main,O
T0264,divyang,B-DISABILITY
T0264,hu,O
T0265,Mera,O
T0265,naam,O
T0265,Ramesh,O
T0265,hai,O
T0265,main,O
T0265,Maharashtra,B-STATE
T0265,ka,O
T0265,rehne,O
T0265,wala,O
T0265,hu,O
T0265,Main,O
T0265,ST,B-CASTE_CATEGORY
T0265,category,O
T0265,se,O
T0265,ek,O
T0265,purush,B-GENDER
T0265,hu,O
T0265,aur,O
T0265,berojgar,B-OCCUPATION
T0265,hu,O
T0265,Aamdani,O
T0265,45000,B-ANNUAL_INCOME
T0265,per,O
T0265,year,O
T0265,hai,O
T0266,Mera,O
T0266,naam,O
T0266,Ramesh,O
T0266,hai,O
T0266,main,O
T0266,Rajasthan,B-STATE
T0266,ka,O
T0266,rehne,O
T0266,wala,O
T0266,hu,O
T0266,Main,O
T0266,OBC,B-CASTE_CATEGORY
T0266,category,O
T0266,se,O
T0266,ek,O
T0266,mahila,B-GENDER
T0266,hu,O
T0266,aur,O
T0266,chhatra,B-OCCUPATION
T0266,hu,O
T0266,Aamdani,O
T0266,200000,B-ANNUAL_INCOME
T0266,per,O
T0266,year,O
T0266,hai,O
T0267,Hi,O
T0267,I,O
T0267,am,O
T0267,59,B-AGE
T0267,years,O
T0267,old,O
T0267,student,O
T0267,from,O
T0267,Uttar,B-STATE
T0267,Pradesh,I-STATE
T0267,My,O
T0267,family,O
T0267,income,O
T0267,is,O
T0267,0,B-ANNUAL_INCOME
T0267,and,O
T0267,I,O
T0267,am,O
T0267,differently,B-DISABILITY
T0267,abled,I-DISABILITY
T0268,Namaste,O
T0268,main,O
T0268,65,B-AGE
T0268,varsh,O
T0268,ka,O
T0268,unemployed,B-OCCUPATION
T0268,hu,O
T0268,Rajasthan,B-STATE
T0268,se,O
T0268,Meri,O
T0268,income,O
T0268,45000,B-ANNUAL_INCOME
T0268,rupaye,O
T0268,hai,O
T0268,aur,O
T0268,main,O
T0268,SC,B-CASTE_CATEGORY
T0268,varg,O
T0268,se,O
T0268,hoon,O
T0268,Main,O
T0268,divyang,B-DISABILITY
T0268,hu,O
T0269,Hi,O
T0269,I,O
T0269,am,O
T0269,44,B-AGE
T0269,years,O
T0269,old,O
T0269,student,O
T0269,from,O
T0269,Maharashtra,B-STATE
T0269,My,O
T0269,family,O
T0269,income,O
T0269,is,O
T0269,45000,B-ANNUAL_INCOME
T0269,and,O
T0269,I,O
T0269,am,O
T0269,differently,B-DISABILITY
T0269,abled,I-DISABILITY
T0270,Namaste,O
T0270,main,O
T0270,43,B-AGE
T0270,varsh,O
T0270,ka,O
T0270,daily,B-OCCUPATION
T0270,wage,I-OCCUPATION
T0270,worker,I-OCCUPATION
T0270,hu,O
T0270,Madhya,B-STATE
T0270,Pradesh,I-STATE
T0270,se,O
T0270,Meri,O
T0270,income,O
T0270,45000,B-ANNUAL_INCOME
T0270,rupaye,O
T0270,hai,O
T0270,aur,O
T0270,main,O
T0270,SC,B-CASTE_CATEGORY
T0270,varg,O
T0270,se,O
T0270,hoon,O
T0270,Main,O
T0270,divyang,B-DISABILITY
T0270,hu,O
T0271,Hi,O
T0271,I,O
T0271,am,O
T0271,61,B-AGE
T0271,years,O
T0271,old,O
T0271,student,O
T0271,from,O
T0271,Rajasthan,B-STATE
T0271,My,O
T0271,family,O
T0271,income,O
T0271,is,O
T0271,0,B-ANNUAL_INCOME
T0271,and,O
T0271,I,O
T0271,am,O
T0271,differently,B-DISABILITY
T0271,abled,I-DISABILITY
T0272,Main,O
T0272,Madhya,B-STATE
T0272,Pradesh,I-STATE
T0272,se,O
T0272,ek,O
T0272,bunkar,B-OCCUPATION
T0272,hu,O
T0272,meri,O
T0272,umar,O
T0272,23,B-AGE
T0272,saal,O
T0272,hai,O
T0272,aur,O
T0272,saalana,O
T0272,kamai,O
T0272,80000,B-ANNUAL_INCOME
T0272,rupe,O
T0272,hai,O
T0273,Hi,O
T0273,I,O
T0273,am,O
T0273,33,B-AGE
T0273,years,O
T0273,old,O
T0273,student,O
T0273,from,O
T0273,Rajasthan,B-STATE
T0273,My,O
T0273,family,O
T0273,income,O
T0273,is,O
T0273,80000,B-ANNUAL_INCOME
T0273,and,O
T0273,I,O
T0273,am,O
T0273,differently,B-DISABILITY
T0273,abled,I-DISABILITY
T0274,Hi,O
T0274,I,O
T0274,am,O
T0274,27,B-AGE
T0274,years,O
T0274,old,O
T0274,student,O
T0274,from,O
T0274,Uttar,B-STATE
T0274,Pradesh,I-STATE
T0274,My,O
T0274,family,O
T0274,income,O
T0274,is,O
T0274,0,B-ANNUAL_INCOME
T0274,and,O
T0274,I,O
T0274,am,O
T0274,differently,B-DISABILITY
T0274,abled,I-DISABILITY
T0275,I,O
T0275,belong,O
T0275,to,O
T0275,OBC,B-CASTE_CATEGORY
T0275,category,O
T0275,from,O
T0275,West,B-STATE
T0275,Bengal,I-STATE
T0275,Age,O
T0275,is,O
T0275,27,B-AGE
T0275,profession,O
T0275,is,O
T0275,mazdoor,B-OCCUPATION
T0275,income,O
T0275,around,O
T0275,600000,B-ANNUAL_INCOME
T0276,Mera,O
T0276,naam,O
T0276,Ramesh,O
T0276,hai,O
T0276,main,O
T0276,Uttar,B-STATE
T0276,Pradesh,I-STATE
T0276,ka,O
T0276,rehne,O
T0276,wala,O
T0276,hu,O
T0276,Main,O
T0276,OBC,B-CASTE_CATEGORY
T0276,category,O
T0276,se,O
T0276,ek,O
T0276,purush,B-GENDER
T0276,hu,O
T0276,aur,O
T0276,unemployed,B-OCCUPATION
T0276,hu,O
T0276,Aamdani,O
T0276,80000,B-ANNUAL_INCOME
T0276,per,O
T0276,year,O
T0276,hai,O
T0277,Mera,O
T0277,naam,O
T0277,Ramesh,O
T0277,hai,O
T0277,main,O
T0277,West,B-STATE
T0277,Bengal,I-STATE
T0277,ka,O
T0277,rehne,O
T0277,wala,O
T0277,hu,O
T0277,Main,O
T0277,General,B-CASTE_CATEGORY
T0277,category,O
T0277,se,O
T0277,ek,O
T0277,mahila,B-GENDER
T0277,hu,O
T0277,aur,O
T0277,berojgar,B-OCCUPATION
T0277,hu,O
T0277,Aamdani,O
T0277,0,B-ANNUAL_INCOME
T0277,per,O
T0277,year,O
T0277,hai,O
T0278,Mera,O
T0278,naam,O
T0278,Ramesh,O
T0278,hai,O
T0278,main,O
T0278,Uttar,B-STATE
T0278,Pradesh,I-STATE
T0278,ka,O
T0278,rehne,O
T0278,wala,O
T0278,hu,O
T0278,Main,O
T0278,SC,B-CASTE_CATEGORY
T0278,category,O
T0278,se,O
T0278,ek,O
T0278,mahila,B-GENDER
T0278,hu,O
T0278,aur,O
T0278,farmer,B-OCCUPATION
T0278,hu,O
T0278,Aamdani,O
T0278,80000,B-ANNUAL_INCOME
T0278,per,O
T0278,year,O
T0278,hai,O
T0279,I,O
T0279,am,O
T0279,a,O
T0279,25,B-AGE
T0279,year,O
T0279,old,O
T0279,male,B-GENDER
T0279,student,B-OCCUPATION
T0279,living,O
T0279,in,O
T0279,Uttar,B-STATE
T0279,Pradesh,I-STATE
T0279,My,O
T0279,annual,O
T0279,household,O
T0279,income,O
T0279,is,O
T0279,45000,B-ANNUAL_INCOME
T0279,rupees,O
T0280,Main,O
T0280,Bihar,B-STATE
T0280,se,O
T0280,ek,O
T0280,weaver,B-OCCUPATION
T0280,hu,O
T0280,meri,O
T0280,umar,O
T0280,31,B-AGE
T0280,saal,O
T0280,hai,O
T0280,aur,O
T0280,saalana,O
T0280,kamai,O
T0280,200000,B-ANNUAL_INCOME
T0280,rupe,O
T0280,hai,O
T0281,Main,O
T0281,Bihar,B-STATE
T0281,se,O
T0281,ek,O
T0281,artisan,B-OCCUPATION
T0281,hu,O
T0281,meri,O
T0281,umar,O
T0281,25,B-AGE
T0281,saal,O
T0281,hai,O
T0281,aur,O
T0281,saalana,O
T0281,kamai,O
T0281,45000,B-ANNUAL_INCOME
T0281,rupe,O
T0281,hai,O
T0282,I,O
T0282,am,O
T0282,a,O
T0282,55,B-AGE
T0282,year,O
T0282,old,O
T0282,male,B-GENDER
T0282,student,B-OCCUPATION
T0282,living,O
T0282,in,O
T0282,Madhya,B-STATE
T0282,Pradesh,I-STATE
T0282,My,O
T0282,annual,O
T0282,household,O
T0282,income,O
T0282,is,O
T0282,600000,B-ANNUAL_INCOME
T0282,rupees,O
T0283,Namaste,O
T0283,main,O
T0283,48,B-AGE
T0283,varsh,O
T0283,ka,O
T0283,weaver,B-OCCUPATION
T0283,hu,O
T0283,Maharashtra,B-STATE
T0283,se,O
T0283,Meri,O
T0283,income,O
T0283,45000,B-ANNUAL_INCOME
T0283,rupaye,O
T0283,hai,O
T0283,aur,O
T0283,main,O
T0283,ST,B-CASTE_CATEGORY
T0283,varg,O
T0283,se,O
T0283,hoon,O
T0283,Main,O
T0283,divyang,B-DISABILITY
T0283,hu,O
T0284,I,O
T0284,belong,O
T0284,to,O
T0284,OBC,B-CASTE_CATEGORY
T0284,category,O
T0284,from,O
T0284,West,B-STATE
T0284,Bengal,I-STATE
T0284,Age,O
T0284,is,O
T0284,42,B-AGE
T0284,profession,O
T0284,is,O
T0284,farmer,B-OCCUPATION
T0284,income,O
T0284,around,O
T0284,80000,B-ANNUAL_INCOME
T0285,I,O
T0285,am,O
T0285,a,O
T0285,27,B-AGE
T0285,year,O
T0285,old,O
T0285,male,B-GENDER
T0285,daily,B-OCCUPATION
T0285,wage,I-OCCUPATION
T0285,worker,I-OCCUPATION
T0285,living,O
T0285,in,O
T0285,Maharashtra,B-STATE
T0285,My,O
T0285,annual,O
T0285,household,O
T0285,income,O
T0285,is,O
T0285,45000,B-ANNUAL_INCOME
T0285,rupees,O
T0286,Hi,O
T0286,I,O
T0286,am,O
T0286,19,B-AGE
T0286,years,O
T0286,old,O
T0286,student,O
T0286,from,O
T0286,Bihar,B-STATE
T0286,My,O
T0286,family,O
T0286,income,O
T0286,is,O
T0286,80000,B-ANNUAL_INCOME
T0286,and,O
T0286,I,O
T0286,am,O
T0286,differently,B-DISABILITY
T0286,abled,I-DISABILITY
T0287,I,O
T0287,belong,O
T0287,to,O
T0287,SC,B-CASTE_CATEGORY
T0287,category,O
T0287,from,O
T0287,Madhya,B-STATE
T0287,Pradesh,I-STATE
T0287,Age,O
T0287,is,O
T0287,37,B-AGE
T0287,profession,O
T0287,is,O
T0287,farmer,B-OCCUPATION
T0287,income,O
T0287,around,O
T0287,80000,B-ANNUAL_INCOME
T0288,Namaste,O
T0288,main,O
T0288,60,B-AGE
T0288,varsh,O
T0288,ka,O
T0288,labour,B-OCCUPATION
T0288,hu,O
T0288,West,B-STATE
T0288,Bengal,I-STATE
T0288,se,O
T0288,Meri,O
T0288,income,O
T0288,600000,B-ANNUAL_INCOME
T0288,rupaye,O
T0288,hai,O
T0288,aur,O
T0288,main,O
T0288,General,B-CASTE_CATEGORY
T0288,varg,O
T0288,se,O
T0288,hoon,O
T0288,Main,O
T0288,divyang,B-DISABILITY
T0288,hu,O
T0289,Main,O
T0289,Uttar,B-STATE
T0289,Pradesh,I-STATE
T0289,se,O
T0289,ek,O
T0289,berojgar,B-OCCUPATION
T0289,hu,O
T0289,meri,O
T0289,umar,O
T0289,37,B-AGE
T0289,saal,O
T0289,hai,O
T0289,aur,O
T0289,saalana,O
T0289,kamai,O
T0289,350000,B-ANNUAL_INCOME
T0289,rupe,O
T0289,hai,O
T0290,Main,O
T0290,Tamil,B-STATE
T0290,Nadu,I-STATE
T0290,se,O
T0290,ek,O
T0290,labour,B-OCCUPATION
T0290,hu,O
T0290,meri,O
T0290,umar,O
T0290,59,B-AGE
T0290,saal,O
T0290,hai,O
T0290,aur,O
T0290,saalana,O
T0290,kamai,O
T0290,350000,B-ANNUAL_INCOME
T0290,rupe,O
T0290,hai,O
T0291,Mera,O
T0291,naam,O
T0291,Ramesh,O
T0291,hai,O
T0291,main,O
T0291,Tamil,B-STATE
T0291,Nadu,I-STATE
T0291,ka,O
T0291,rehne,O
T0291,wala,O
T0291,hu,O
T0291,Main,O
T0291,ST,B-CASTE_CATEGORY
T0291,category,O
T0291,se,O
T0291,ek,O
T0291,purush,B-GENDER
T0291,hu,O
T0291,aur,O
T0291,daily,B-OCCUPATION
T0291,wage,I-OCCUPATION
T0291,worker,I-OCCUPATION
T0291,hu,O
T0291,Aamdani,O
T0291,200000,B-ANNUAL_INCOME
T0291,per,O
T0291,year,O
T0291,hai,O
T0292,Main,O
T0292,West,B-STATE
T0292,Bengal,I-STATE
T0292,se,O
T0292,ek,O
T0292,rehri,B-OCCUPATION
T0292,wala,I-OCCUPATION
T0292,hu,O
T0292,meri,O
T0292,umar,O
T0292,28,B-AGE
T0292,saal,O
T0292,hai,O
T0292,aur,O
T0292,saalana,O
T0292,kamai,O
T0292,45000,B-ANNUAL_INCOME
T0292,rupe,O
T0292,hai,O
T0293,Main,O
T0293,Rajasthan,B-STATE
T0293,se,O
T0293,ek,O
T0293,berojgar,B-OCCUPATION
T0293,hu,O
T0293,meri,O
T0293,umar,O
T0293,28,B-AGE
T0293,saal,O
T0293,hai,O
T0293,aur,O
T0293,saalana,O
T0293,kamai,O
T0293,0,B-ANNUAL_INCOME
T0293,rupe,O
T0293,hai,O
T0294,I,O
T0294,belong,O
T0294,to,O
T0294,SC,B-CASTE_CATEGORY
T0294,category,O
T0294,from,O
T0294,Rajasthan,B-STATE
T0294,Age,O
T0294,is,O
T0294,26,B-AGE
T0294,profession,O
T0294,is,O
T0294,unemployed,B-OCCUPATION
T0294,income,O
T0294,around,O
T0294,45000,B-ANNUAL_INCOME
T0295,Namaste,O
T0295,main,O
T0295,21,B-AGE
T0295,varsh,O
T0295,ka,O
T0295,unemployed,B-OCCUPATION
T0295,hu,O
T0295,Rajasthan,B-STATE
T0295,se,O
T0295,Meri,O
T0295,income,O
T0295,80000,B-ANNUAL_INCOME
T0295,rupaye,O
T0295,hai,O
T0295,aur,O
T0295,main,O
T0295,OBC,B-CASTE_CATEGORY
T0295,varg,O
T0295,se,O
T0295,hoon,O
T0295,Main,O
T0295,divyang,B-DISABILITY
T0295,hu,O
T0296,I,O
T0296,belong,O
T0296,to,O
T0296,OBC,B-CASTE_CATEGORY
T0296,category,O
T0296,from,O
T0296,Rajasthan,B-STATE
T0296,Age,O
T0296,is,O
T0296,51,B-AGE
T0296,profession,O
T0296,is,O
T0296,unemployed,B-OCCUPATION
T0296,income,O
T0296,around,O
T0296,45000,B-ANNUAL_INCOME
T0297,Hi,O
T0297,I,O
T0297,am,O
T0297,63,B-AGE
T0297,years,O
T0297,old,O
T0297,student,O
T0297,from,O
T0297,Madhya,B-STATE
T0297,Pradesh,I-STATE
T0297,My,O
T0297,family,O
T0297,income,O
T0297,is,O
T0297,0,B-ANNUAL_INCOME
T0297,and,O
T0297,I,O
T0297,am,O
T0297,differently,B-DISABILITY
T0297,abled,I-DISABILITY
T0298,Main,O
T0298,Maharashtra,B-STATE
T0298,se,O
T0298,ek,O
T0298,unemployed,B-OCCUPATION
T0298,hu,O
T0298,meri,O
T0298,umar,O
T0298,18,B-AGE
T0298,saal,O
T0298,hai,O
T0298,aur,O
T0298,saalana,O
T0298,kamai,O
T0298,600000,B-ANNUAL_INCOME
T0298,rupe,O
T0298,hai,O
T0299,Main,O
T0299,Uttar,B-STATE
T0299,Pradesh,I-STATE
T0299,se,O
T0299,ek,O
T0299,bunkar,B-OCCUPATION
T0299,hu,O
T0299,meri,O
T0299,umar,O
T0299,34,B-AGE
T0299,saal,O
T0299,hai,O
T0299,aur,O
T0299,saalana,O
T0299,kamai,O
T0299,45000,B-ANNUAL_INCOME
T0299,rupe,O
T0299,hai,O
T0300,Namaste,O
T0300,main,O
T0300,32,B-AGE
T0300,varsh,O
T0300,ka,O
T0300,mazdoor,B-OCCUPATION
T0300,hu,O
T0300,West,B-STATE
T0300,Bengal,I-STATE
T0300,se,O
T0300,Meri,O
T0300,income,O
T0300,600000,B-ANNUAL_INCOME
T0300,rupaye,O
T0300,hai,O
T0300,aur,O
T0300,main,O
T0300,OBC,B-CASTE_CATEGORY
T0300,varg,O
T0300,se,O
T0300,hoon,O
T0300,Main,O
T0300,divyang,B-DISABILITY
T0300,hu,O
T0301,Mera,O
T0301,naam,O
T0301,Ramesh,O
T0301,hai,O
T0301,main,O
T0301,West,B-STATE
T0301,Bengal,I-STATE
T0301,ka,O
T0301,rehne,O
T0301,wala,O
T0301,hu,O
T0301,Main,O
T0301,SC,B-CASTE_CATEGORY
T0301,category,O
T0301,se,O
T0301,ek,O
T0301,mahila,B-GENDER
T0301,hu,O
T0301,aur,O
T0301,berojgar,B-OCCUPATION
T0301,hu,O
T0301,Aamdani,O
T0301,45000,B-ANNUAL_INCOME
T0301,per,O
T0301,year,O
T0301,hai,O
T0302,I,O
T0302,belong,O
T0302,to,O
T0302,SC,B-CASTE_CATEGORY
T0302,category,O
T0302,from,O
T0302,Maharashtra,B-STATE
T0302,Age,O
T0302,is,O
T0302,31,B-AGE
T0302,profession,O
T0302,is,O
T0302,daily,B-OCCUPATION
T0302,wage,I-OCCUPATION
T0302,worker,I-OCCUPATION
T0302,income,O
T0302,around,O
T0302,600000,B-ANNUAL_INCOME
T0303,I,O
T0303,am,O
T0303,a,O
T0303,55,B-AGE
T0303,year,O
T0303,old,O
T0303,male,B-GENDER
T0303,artisan,B-OCCUPATION
T0303,living,O
T0303,in,O
T0303,Tamil,B-STATE
T0303,Nadu,I-STATE
T0303,My,O
T0303,annual,O
T0303,household,O
T0303,income,O
T0303,is,O
T0303,0,B-ANNUAL_INCOME
T0303,rupees,O
T0304,I,O
T0304,belong,O
T0304,to,O
T0304,SC,B-CASTE_CATEGORY
T0304,category,O
T0304,from,O
T0304,Uttar,B-STATE
T0304,Pradesh,I-STATE
T0304,Age,O
T0304,is,O
T0304,49,B-AGE
T0304,profession,O
T0304,is,O
T0304,student,B-OCCUPATION
T0304,income,O
T0304,around,O
T0304,0,B-ANNUAL_INCOME
T0305,I,O
T0305,belong,O
T0305,to,O
T0305,OBC,B-CASTE_CATEGORY
T0305,category,O
T0305,from,O
T0305,Madhya,B-STATE
T0305,Pradesh,I-STATE
T0305,Age,O
T0305,is,O
T0305,33,B-AGE
T0305,profession,O
T0305,is,O
T0305,bunkar,B-OCCUPATION
T0305,income,O
T0305,around,O
T0305,600000,B-ANNUAL_INCOME
T0306,I,O
T0306,am,O
T0306,a,O
T0306,37,B-AGE
T0306,year,O
T0306,old,O
T0306,female,B-GENDER
T0306,farmer,B-OCCUPATION
T0306,living,O
T0306,in,O
T0306,Tamil,B-STATE
T0306,Nadu,I-STATE
T0306,My,O
T0306,annual,O
T0306,household,O
T0306,income,O
T0306,is,O
T0306,80000,B-ANNUAL_INCOME
T0306,rupees,O
T0307,Mera,O
T0307,naam,O
T0307,Ramesh,O
T0307,hai,O
T0307,main,O
T0307,Rajasthan,B-STATE
T0307,ka,O
T0307,rehne,O
T0307,wala,O
T0307,hu,O
T0307,Main,O
T0307,General,B-CASTE_CATEGORY
T0307,category,O
T0307,se,O
T0307,ek,O
T0307,mahila,B-GENDER
T0307,hu,O
T0307,aur,O
T0307,mazdoor,B-OCCUPATION
T0307,hu,O
T0307,Aamdani,O
T0307,80000,B-ANNUAL_INCOME
T0307,per,O
T0307,year,O
T0307,hai,O
T0308,Hi,O
T0308,I,O
T0308,am,O
T0308,30,B-AGE
T0308,years,O
T0308,old,O
T0308,student,O
T0308,from,O
T0308,Madhya,B-STATE
T0308,Pradesh,I-STATE
T0308,My,O
T0308,family,O
T0308,income,O
T0308,is,O
T0308,45000,B-ANNUAL_INCOME
T0308,and,O
T0308,I,O
T0308,am,O
T0308,differently,B-DISABILITY
T0308,abled,I-DISABILITY
T0309,Main,O
T0309,Karnataka,B-STATE
T0309,se,O
T0309,ek,O
T0309,street,B-OCCUPATION
T0309,vendor,I-OCCUPATION
T0309,hu,O
T0309,meri,O
T0309,umar,O
T0309,21,B-AGE
T0309,saal,O
T0309,hai,O
T0309,aur,O
T0309,saalana,O
T0309,kamai,O
T0309,80000,B-ANNUAL_INCOME
T0309,rupe,O
T0309,hai,O
T0310,Namaste,O
T0310,main,O
T0310,49,B-AGE
T0310,varsh,O
T0310,ka,O
T0310,rehri,B-OCCUPATION
T0310,wala,I-OCCUPATION
T0310,hu,O
T0310,Uttar,B-STATE
T0310,Pradesh,I-STATE
T0310,se,O
T0310,Meri,O
T0310,income,O
T0310,600000,B-ANNUAL_INCOME
T0310,rupaye,O
T0310,hai,O
T0310,aur,O
T0310,main,O
T0310,OBC,B-CASTE_CATEGORY
T0310,varg,O
T0310,se,O
T0310,hoon,O
T0310,Main,O
T0310,divyang,B-DISABILITY
T0310,hu,O
T0311,Hi,O
T0311,I,O
T0311,am,O
T0311,25,B-AGE
T0311,years,O
T0311,old,O
T0311,student,O
T0311,from,O
T0311,Karnataka,B-STATE
T0311,My,O
T0311,family,O
T0311,income,O
T0311,is,O
T0311,350000,B-ANNUAL_INCOME
T0311,and,O
T0311,I,O
T0311,am,O
T0311,differently,B-DISABILITY
T0311,abled,I-DISABILITY
T0312,Mera,O
T0312,naam,O
T0312,Ramesh,O
T0312,hai,O
T0312,main,O
T0312,Tamil,B-STATE
T0312,Nadu,I-STATE
T0312,ka,O
T0312,rehne,O
T0312,wala,O
T0312,hu,O
T0312,Main,O
T0312,General,B-CASTE_CATEGORY
T0312,category,O
T0312,se,O
T0312,ek,O
T0312,mahila,B-GENDER
T0312,hu,O
T0312,aur,O
T0312,bunkar,B-OCCUPATION
T0312,hu,O
T0312,Aamdani,O
T0312,600000,B-ANNUAL_INCOME
T0312,per,O
T0312,year,O
T0312,hai,O
T0313,I,O
T0313,am,O
T0313,a,O
T0313,62,B-AGE
T0313,year,O
T0313,old,O
T0313,male,B-GENDER
T0313,street,B-OCCUPATION
T0313,vendor,I-OCCUPATION
T0313,living,O
T0313,in,O
T0313,Bihar,B-STATE
T0313,My,O
T0313,annual,O
T0313,household,O
T0313,income,O
T0313,is,O
T0313,45000,B-ANNUAL_INCOME
T0313,rupees,O
T0314,Hi,O
T0314,I,O
T0314,am,O
T0314,48,B-AGE
T0314,years,O
T0314,old,O
T0314,student,O
T0314,from,O
T0314,Bihar,B-STATE
T0314,My,O
T0314,family,O
T0314,income,O
T0314,is,O
T0314,45000,B-ANNUAL_INCOME
T0314,and,O
T0314,I,O
T0314,am,O
T0314,differently,B-DISABILITY
T0314,abled,I-DISABILITY
T0315,Main,O
T0315,Bihar,B-STATE
T0315,se,O
T0315,ek,O
T0315,rehri,B-OCCUPATION
T0315,wala,I-OCCUPATION
T0315,hu,O
T0315,meri,O
T0315,umar,O
T0315,53,B-AGE
T0315,saal,O
T0315,hai,O
T0315,aur,O
T0315,saalana,O
T0315,kamai,O
T0315,600000,B-ANNUAL_INCOME
T0315,rupe,O
T0315,hai,O
T0316,Namaste,O
T0316,main,O
T0316,46,B-AGE
T0316,varsh,O
T0316,ka,O
T0316,chhatra,B-OCCUPATION
T0316,hu,O
T0316,Uttar,B-STATE
T0316,Pradesh,I-STATE
T0316,se,O
T0316,Meri,O
T0316,income,O
T0316,600000,B-ANNUAL_INCOME
T0316,rupaye,O
T0316,hai,O
T0316,aur,O
T0316,main,O
T0316,ST,B-CASTE_CATEGORY
T0316,varg,O
T0316,se,O
T0316,hoon,O
T0316,Main,O
T0316,divyang,B-DISABILITY
T0316,hu,O
T0317,Main,O
T0317,Karnataka,B-STATE
T0317,se,O
T0317,ek,O
T0317,rehri,B-OCCUPATION
T0317,wala,I-OCCUPATION
T0317,hu,O
T0317,meri,O
T0317,umar,O
T0317,44,B-AGE
T0317,saal,O
T0317,hai,O
T0317,aur,O
T0317,saalana,O
T0317,kamai,O
T0317,600000,B-ANNUAL_INCOME
T0317,rupe,O
T0317,hai,O
T0318,I,O
T0318,am,O
T0318,a,O
T0318,20,B-AGE
T0318,year,O
T0318,old,O
T0318,female,B-GENDER
T0318,street,B-OCCUPATION
T0318,vendor,I-OCCUPATION
T0318,living,O
T0318,in,O
T0318,Karnataka,B-STATE
T0318,My,O
T0318,annual,O
T0318,household,O
T0318,income,O
T0318,is,O
T0318,600000,B-ANNUAL_INCOME
T0318,rupees,O
T0319,Main,O
T0319,Karnataka,B-STATE
T0319,se,O
T0319,ek,O
T0319,bunkar,B-OCCUPATION
T0319,hu,O
T0319,meri,O
T0319,umar,O
T0319,54,B-AGE
T0319,saal,O
T0319,hai,O
T0319,aur,O
T0319,saalana,O
T0319,kamai,O
T0319,600000,B-ANNUAL_INCOME
T0319,rupe,O
T0319,hai,O
T0320,Main,O
T0320,Uttar,B-STATE
T0320,Pradesh,I-STATE
T0320,se,O
T0320,ek,O
T0320,kisan,B-OCCUPATION
T0320,hu,O
T0320,meri,O
T0320,umar,O
T0320,29,B-AGE
T0320,saal,O
T0320,hai,O
T0320,aur,O
T0320,saalana,O
T0320,kamai,O
T0320,200000,B-ANNUAL_INCOME
T0320,rupe,O
T0320,hai,O
T0321,I,O
T0321,am,O
T0321,a,O
T0321,25,B-AGE
T0321,year,O
T0321,old,O
T0321,female,B-GENDER
T0321,student,B-OCCUPATION
T0321,living,O
T0321,in,O
T0321,Maharashtra,B-STATE
T0321,My,O
T0321,annual,O
T0321,household,O
T0321,income,O
T0321,is,O
T0321,350000,B-ANNUAL_INCOME
T0321,rupees,O
T0322,Namaste,O
T0322,main,O
T0322,43,B-AGE
T0322,varsh,O
T0322,ka,O
T0322,weaver,B-OCCUPATION
T0322,hu,O
T0322,Tamil,B-STATE
T0322,Nadu,I-STATE
T0322,se,O
T0322,Meri,O
T0322,income,O
T0322,45000,B-ANNUAL_INCOME
T0322,rupaye,O
T0322,hai,O
T0322,aur,O
T0322,main,O
T0322,General,B-CASTE_CATEGORY
T0322,varg,O
T0322,se,O
T0322,hoon,O
T0322,Main,O
T0322,divyang,B-DISABILITY
T0322,hu,O
T0323,Namaste,O
T0323,main,O
T0323,62,B-AGE
T0323,varsh,O
T0323,ka,O
T0323,berojgar,B-OCCUPATION
T0323,hu,O
T0323,Uttar,B-STATE
T0323,Pradesh,I-STATE
T0323,se,O
T0323,Meri,O
T0323,income,O
T0323,120000,B-ANNUAL_INCOME
T0323,rupaye,O
T0323,hai,O
T0323,aur,O
T0323,main,O
T0323,ST,B-CASTE_CATEGORY
T0323,varg,O
T0323,se,O
T0323,hoon,O
T0323,Main,O
T0323,divyang,B-DISABILITY
T0323,hu,O
T0324,I,O
T0324,belong,O
T0324,to,O
T0324,SC,B-CASTE_CATEGORY
T0324,category,O
T0324,from,O
T0324,Bihar,B-STATE
T0324,Age,O
T0324,is,O
T0324,39,B-AGE
T0324,profession,O
T0324,is,O
T0324,street,B-OCCUPATION
T0324,vendor,I-OCCUPATION
T0324,income,O
T0324,around,O
T0324,80000,B-ANNUAL_INCOME
T0325,I,O
T0325,am,O
T0325,a,O
T0325,36,B-AGE
T0325,year,O
T0325,old,O
T0325,female,B-GENDER
T0325,unemployed,B-OCCUPATION
T0325,living,O
T0325,in,O
T0325,Bihar,B-STATE
T0325,My,O
T0325,annual,O
T0325,household,O
T0325,income,O
T0325,is,O
T0325,45000,B-ANNUAL_INCOME
T0325,rupees,O
T0326,Mera,O
T0326,naam,O
T0326,Ramesh,O
T0326,hai,O
T0326,main,O
T0326,Uttar,B-STATE
T0326,Pradesh,I-STATE
T0326,ka,O
T0326,rehne,O
T0326,wala,O
T0326,hu,O
T0326,Main,O
T0326,ST,B-CASTE_CATEGORY
T0326,category,O
T0326,se,O
T0326,ek,O
T0326,mahila,B-GENDER
T0326,hu,O
T0326,aur,O
T0326,mazdoor,B-OCCUPATION
T0326,hu,O
T0326,Aamdani,O
T0326,80000,B-ANNUAL_INCOME
T0326,per,O
T0326,year,O
T0326,hai,O
T0327,I,O
T0327,am,O
T0327,a,O
T0327,44,B-AGE
T0327,year,O
T0327,old,O
T0327,male,B-GENDER
T0327,street,B-OCCUPATION
T0327,vendor,I-OCCUPATION
T0327,living,O
T0327,in,O
T0327,Bihar,B-STATE
T0327,My,O
T0327,annual,O
T0327,household,O
T0327,income,O
T0327,is,O
T0327,350000,B-ANNUAL_INCOME
T0327,rupees,O
T0328,Hi,O
T0328,I,O
T0328,am,O
T0328,55,B-AGE
T0328,years,O
T0328,old,O
T0328,student,O
T0328,from,O
T0328,Rajasthan,B-STATE
T0328,My,O
T0328,family,O
T0328,income,O
T0328,is,O
T0328,80000,B-ANNUAL_INCOME
T0328,and,O
T0328,I,O
T0328,am,O
T0328,differently,B-DISABILITY
T0328,abled,I-DISABILITY
T0329,I,O
T0329,am,O
T0329,a,O
T0329,34,B-AGE
T0329,year,O
T0329,old,O
T0329,male,B-GENDER
T0329,daily,B-OCCUPATION
T0329,wage,I-OCCUPATION
T0329,worker,I-OCCUPATION
T0329,living,O
T0329,in,O
T0329,West,B-STATE
T0329,Bengal,I-STATE
T0329,My,O
T0329,annual,O
T0329,household,O
T0329,income,O
T0329,is,O
T0329,80000,B-ANNUAL_INCOME
T0329,rupees,O
T0330,I,O
T0330,am,O
T0330,a,O
T0330,28,B-AGE
T0330,year,O
T0330,old,O
T0330,male,B-GENDER
T0330,student,B-OCCUPATION
T0330,living,O
T0330,in,O
T0330,Madhya,B-STATE
T0330,Pradesh,I-STATE
T0330,My,O
T0330,annual,O
T0330,household,O
T0330,income,O
T0330,is,O
T0330,45000,B-ANNUAL_INCOME
T0330,rupees,O
T0331,I,O
T0331,belong,O
T0331,to,O
T0331,OBC,B-CASTE_CATEGORY
T0331,category,O
T0331,from,O
T0331,Maharashtra,B-STATE
T0331,Age,O
T0331,is,O
T0331,61,B-AGE
T0331,profession,O
T0331,is,O
T0331,weaver,B-OCCUPATION
T0331,income,O
T0331,around,O
T0331,600000,B-ANNUAL_INCOME
T0332,I,O
T0332,am,O
T0332,a,O
T0332,36,B-AGE
T0332,year,O
T0332,old,O
T0332,male,B-GENDER
T0332,berojgar,B-OCCUPATION
T0332,living,O
T0332,in,O
T0332,Rajasthan,B-STATE
T0332,My,O
T0332,annual,O
T0332,household,O
T0332,income,O
T0332,is,O
T0332,120000,B-ANNUAL_INCOME
T0332,rupees,O
T0333,Namaste,O
T0333,main,O
T0333,58,B-AGE
T0333,varsh,O
T0333,ka,O
T0333,berojgar,B-OCCUPATION
T0333,hu,O
T0333,Rajasthan,B-STATE
T0333,se,O
T0333,Meri,O
T0333,income,O
T0333,200000,B-ANNUAL_INCOME
T0333,rupaye,O
T0333,hai,O
T0333,aur,O
T0333,main,O
T0333,ST,B-CASTE_CATEGORY
T0333,varg,O
T0333,se,O
T0333,hoon,O
T0333,Main,O
T0333,divyang,B-DISABILITY
T0333,hu,O
T0334,Namaste,O
T0334,main,O
T0334,47,B-AGE
T0334,varsh,O
T0334,ka,O
T0334,mazdoor,B-OCCUPATION
T0334,hu,O
T0334,Uttar,B-STATE
T0334,Pradesh,I-STATE
T0334,se,O
T0334,Meri,O
T0334,income,O
T0334,600000,B-ANNUAL_INCOME
T0334,rupaye,O
T0334,hai,O
T0334,aur,O
T0334,main,O
T0334,OBC,B-CASTE_CATEGORY
T0334,varg,O
T0334,se,O
T0334,hoon,O
T0334,Main,O
T0334,divyang,B-DISABILITY
T0334,hu,O
T0335,Mera,O
T0335,naam,O
T0335,Ramesh,O
T0335,hai,O
T0335,main,O
T0335,Madhya,B-STATE
T0335,Pradesh,I-STATE
T0335,ka,O
T0335,rehne,O
T0335,wala,O
T0335,hu,O
T0335,Main,O
T0335,General,B-CASTE_CATEGORY
T0335,category,O
T0335,se,O
T0335,ek,O
T0335,mahila,B-GENDER
T0335,hu,O
T0335,aur,O
T0335,mazdoor,B-OCCUPATION
T0335,hu,O
T0335,Aamdani,O
T0335,600000,B-ANNUAL_INCOME
T0335,per,O
T0335,year,O
T0335,hai,O
T0336,I,O
T0336,am,O
T0336,a,O
T0336,63,B-AGE
T0336,year,O
T0336,old,O
T0336,male,B-GENDER
T0336,mazdoor,B-OCCUPATION
T0336,living,O
T0336,in,O
T0336,Maharashtra,B-STATE
T0336,My,O
T0336,annual,O
T0336,household,O
T0336,income,O
T0336,is,O
T0336,350000,B-ANNUAL_INCOME
T0336,rupees,O
T0337,Main,O
T0337,Bihar,B-STATE
T0337,se,O
T0337,ek,O
T0337,daily,B-OCCUPATION
T0337,wage,I-OCCUPATION
T0337,worker,I-OCCUPATION
T0337,hu,O
T0337,meri,O
T0337,umar,O
T0337,26,B-AGE
T0337,saal,O
T0337,hai,O
T0337,aur,O
T0337,saalana,O
T0337,kamai,O
T0337,120000,B-ANNUAL_INCOME
T0337,rupe,O
T0337,hai,O
T0338,Mera,O
T0338,naam,O
T0338,Ramesh,O
T0338,hai,O
T0338,main,O
T0338,Madhya,B-STATE
T0338,Pradesh,I-STATE
T0338,ka,O
T0338,rehne,O
T0338,wala,O
T0338,hu,O
T0338,Main,O
T0338,General,B-CASTE_CATEGORY
T0338,category,O
T0338,se,O
T0338,ek,O
T0338,mahila,B-GENDER
T0338,hu,O
T0338,aur,O
T0338,bunkar,B-OCCUPATION
T0338,hu,O
T0338,Aamdani,O
T0338,80000,B-ANNUAL_INCOME
T0338,per,O
T0338,year,O
T0338,hai,O
T0339,I,O
T0339,am,O
T0339,a,O
T0339,21,B-AGE
T0339,year,O
T0339,old,O
T0339,female,B-GENDER
T0339,student,B-OCCUPATION
T0339,living,O
T0339,in,O
T0339,Bihar,B-STATE
T0339,My,O
T0339,annual,O
T0339,household,O
T0339,income,O
T0339,is,O
T0339,600000,B-ANNUAL_INCOME
T0339,rupees,O
T0340,I,O
T0340,am,O
T0340,a,O
T0340,61,B-AGE
T0340,year,O
T0340,old,O
T0340,male,B-GENDER
T0340,chhatra,B-OCCUPATION
T0340,living,O
T0340,in,O
T0340,Bihar,B-STATE
T0340,My,O
T0340,annual,O
T0340,household,O
T0340,income,O
T0340,is,O
T0340,45000,B-ANNUAL_INCOME
T0340,rupees,O
T0341,Mera,O
T0341,naam,O
T0341,Ramesh,O
T0341,hai,O
T0341,main,O
T0341,Karnataka,B-STATE
T0341,ka,O
T0341,rehne,O
T0341,wala,O
T0341,hu,O
T0341,Main,O
T0341,SC,B-CASTE_CATEGORY
T0341,category,O
T0341,se,O
T0341,ek,O
T0341,mahila,B-GENDER
T0341,hu,O
T0341,aur,O
T0341,berojgar,B-OCCUPATION
T0341,hu,O
T0341,Aamdani,O
T0341,45000,B-ANNUAL_INCOME
T0341,per,O
T0341,year,O
T0341,hai,O
T0342,Hi,O
T0342,I,O
T0342,am,O
T0342,53,B-AGE
T0342,years,O
T0342,old,O
T0342,student,O
T0342,from,O
T0342,Karnataka,B-STATE
T0342,My,O
T0342,family,O
T0342,income,O
T0342,is,O
T0342,45000,B-ANNUAL_INCOME
T0342,and,O
T0342,I,O
T0342,am,O
T0342,differently,B-DISABILITY
T0342,abled,I-DISABILITY
T0343,I,O
T0343,belong,O
T0343,to,O
T0343,OBC,B-CASTE_CATEGORY
T0343,category,O
T0343,from,O
T0343,Tamil,B-STATE
T0343,Nadu,I-STATE
T0343,Age,O
T0343,is,O
T0343,61,B-AGE
T0343,profession,O
T0343,is,O
T0343,weaver,B-OCCUPATION
T0343,income,O
T0343,around,O
T0343,120000,B-ANNUAL_INCOME
T0344,I,O
T0344,am,O
T0344,a,O
T0344,58,B-AGE
T0344,year,O
T0344,old,O
T0344,male,B-GENDER
T0344,weaver,B-OCCUPATION
T0344,living,O
T0344,in,O
T0344,Maharashtra,B-STATE
T0344,My,O
T0344,annual,O
T0344,household,O
T0344,income,O
T0344,is,O
T0344,350000,B-ANNUAL_INCOME
T0344,rupees,O
T0345,Main,O
T0345,Rajasthan,B-STATE
T0345,se,O
T0345,ek,O
T0345,weaver,B-OCCUPATION
T0345,hu,O
T0345,meri,O
T0345,umar,O
T0345,29,B-AGE
T0345,saal,O
T0345,hai,O
T0345,aur,O
T0345,saalana,O
T0345,kamai,O
T0345,600000,B-ANNUAL_INCOME
T0345,rupe,O
T0345,hai,O
T0346,Main,O
T0346,Madhya,B-STATE
T0346,Pradesh,I-STATE
T0346,se,O
T0346,ek,O
T0346,street,B-OCCUPATION
T0346,vendor,I-OCCUPATION
T0346,hu,O
T0346,meri,O
T0346,umar,O
T0346,56,B-AGE
T0346,saal,O
T0346,hai,O
T0346,aur,O
T0346,saalana,O
T0346,kamai,O
T0346,600000,B-ANNUAL_INCOME
T0346,rupe,O
T0346,hai,O
T0347,Hi,O
T0347,I,O
T0347,am,O
T0347,34,B-AGE
T0347,years,O
T0347,old,O
T0347,student,O
T0347,from,O
T0347,Uttar,B-STATE
T0347,Pradesh,I-STATE
T0347,My,O
T0347,family,O
T0347,income,O
T0347,is,O
T0347,200000,B-ANNUAL_INCOME
T0347,and,O
T0347,I,O
T0347,am,O
T0347,differently,B-DISABILITY
T0347,abled,I-DISABILITY
T0348,Namaste,O
T0348,main,O
T0348,58,B-AGE
T0348,varsh,O
T0348,ka,O
T0348,rehri,B-OCCUPATION
T0348,wala,I-OCCUPATION
T0348,hu,O
T0348,Karnataka,B-STATE
T0348,se,O
T0348,Meri,O
T0348,income,O
T0348,600000,B-ANNUAL_INCOME
T0348,rupaye,O
T0348,hai,O
T0348,aur,O
T0348,main,O
T0348,ST,B-CASTE_CATEGORY
T0348,varg,O
T0348,se,O
T0348,hoon,O
T0348,Main,O
T0348,divyang,B-DISABILITY
T0348,hu,O
T0349,Hi,O
T0349,I,O
T0349,am,O
T0349,26,B-AGE
T0349,years,O
T0349,old,O
T0349,student,O
T0349,from,O
T0349,Tamil,B-STATE
T0349,Nadu,I-STATE
T0349,My,O
T0349,family,O
T0349,income,O
T0349,is,O
T0349,80000,B-ANNUAL_INCOME
T0349,and,O
T0349,I,O
T0349,am,O
T0349,differently,B-DISABILITY
T0349,abled,I-DISABILITY
T0350,Namaste,O
T0350,main,O
T0350,28,B-AGE
T0350,varsh,O
T0350,ka,O
T0350,berojgar,B-OCCUPATION
T0350,hu,O
T0350,West,B-STATE
T0350,Bengal,I-STATE
T0350,se,O
T0350,Meri,O
T0350,income,O
T0350,0,B-ANNUAL_INCOME
T0350,rupaye,O
T0350,hai,O
T0350,aur,O
T0350,main,O
T0350,SC,B-CASTE_CATEGORY
T0350,varg,O
T0350,se,O
T0350,hoon,O
T0350,Main,O
T0350,divyang,B-DISABILITY
T0350,hu,O
T0351,I,O
T0351,belong,O
T0351,to,O
T0351,ST,B-CASTE_CATEGORY
T0351,category,O
T0351,from,O
T0351,Karnataka,B-STATE
T0351,Age,O
T0351,is,O
T0351,44,B-AGE
T0351,profession,O
T0351,is,O
T0351,rehri,B-OCCUPATION
T0351,wala,I-OCCUPATION
T0351,income,O
T0351,around,O
T0351,120000,B-ANNUAL_INCOME
T0352,Hi,O
T0352,I,O
T0352,am,O
T0352,21,B-AGE
T0352,years,O
T0352,old,O
T0352,student,O
T0352,from,O
T0352,Madhya,B-STATE
T0352,Pradesh,I-STATE
T0352,My,O
T0352,family,O
T0352,income,O
T0352,is,O
T0352,600000,B-ANNUAL_INCOME
T0352,and,O
T0352,I,O
T0352,am,O
T0352,differently,B-DISABILITY
T0352,abled,I-DISABILITY
T0353,I,O
T0353,belong,O
T0353,to,O
T0353,SC,B-CASTE_CATEGORY
T0353,category,O
T0353,from,O
T0353,Rajasthan,B-STATE
T0353,Age,O
T0353,is,O
T0353,27,B-AGE
T0353,profession,O
T0353,is,O
T0353,student,B-OCCUPATION
T0353,income,O
T0353,around,O
T0353,120000,B-ANNUAL_INCOME
T0354,Hi,O
T0354,I,O
T0354,am,O
T0354,25,B-AGE
T0354,years,O
T0354,old,O
T0354,student,B-OCCUPATION
T0354,from,O
T0354,Karnataka,B-STATE
T0354,My,O
T0354,family,O
T0354,income,O
T0354,is,O
T0354,45000,B-ANNUAL_INCOME
T0354,and,O
T0354,I,O
T0354,am,O
T0354,differently,B-DISABILITY
T0354,abled,I-DISABILITY
T0355,Namaste,O
T0355,main,O
T0355,27,B-AGE
T0355,varsh,O
T0355,ka,O
T0355,student,B-OCCUPATION
T0355,hu,O
T0355,Madhya,B-STATE
T0355,Pradesh,I-STATE
T0355,se,O
T0355,Meri,O
T0355,income,O
T0355,600000,B-ANNUAL_INCOME
T0355,rupaye,O
T0355,hai,O
T0355,aur,O
T0355,main,O
T0355,OBC,B-CASTE_CATEGORY
T0355,varg,O
T0355,se,O
T0355,hoon,O
T0355,Main,O
T0355,divyang,B-DISABILITY
T0355,hu,O
T0356,I,O
T0356,am,O
T0356,a,O
T0356,23,B-AGE
T0356,year,O
T0356,old,O
T0356,male,B-GENDER
T0356,chhatra,B-OCCUPATION
T0356,living,O
T0356,in,O
T0356,Rajasthan,B-STATE
T0356,My,O
T0356,annual,O
T0356,household,O
T0356,income,O
T0356,is,O
T0356,45000,B-ANNUAL_INCOME
T0356,rupees,O
T0357,Hi,O
T0357,I,O
T0357,am,O
T0357,57,B-AGE
T0357,years,O
T0357,old,O
T0357,student,O
T0357,from,O
T0357,Uttar,B-STATE
T0357,Pradesh,I-STATE
T0357,My,O
T0357,family,O
T0357,income,O
T0357,is,O
T0357,80000,B-ANNUAL_INCOME
T0357,and,O
T0357,I,O
T0357,am,O
T0357,differently,B-DISABILITY
T0357,abled,I-DISABILITY
T0358,I,O
T0358,am,O
T0358,a,O
T0358,65,B-AGE
T0358,year,O
T0358,old,O
T0358,female,B-GENDER
T0358,daily,B-OCCUPATION
T0358,wage,I-OCCUPATION
T0358,worker,I-OCCUPATION
T0358,living,O
T0358,in,O
T0358,Maharashtra,B-STATE
T0358,My,O
T0358,annual,O
T0358,household,O
T0358,income,O
T0358,is,O
T0358,600000,B-ANNUAL_INCOME
T0358,rupees,O
T0359,I,O
T0359,am,O
T0359,a,O
T0359,31,B-AGE
T0359,year,O
T0359,old,O
T0359,male,B-GENDER
T0359,daily,B-OCCUPATION
T0359,wage,I-OCCUPATION
T0359,worker,I-OCCUPATION
T0359,living,O
T0359,in,O
T0359,Bihar,B-STATE
T0359,My,O
T0359,annual,O
T0359,household,O
T0359,income,O
T0359,is,O
T0359,0,B-ANNUAL_INCOME
T0359,rupees,O
T0360,Hi,O
T0360,I,O
T0360,am,O
T0360,26,B-AGE
T0360,years,O
T0360,old,O
T0360,student,O
T0360,from,O
T0360,Rajasthan,B-STATE
T0360,My,O
T0360,family,O
T0360,income,O
T0360,is,O
T0360,0,B-ANNUAL_INCOME
T0360,and,O
T0360,I,O
T0360,am,O
T0360,differently,B-DISABILITY
T0360,abled,I-DISABILITY
T0361,I,O
T0361,belong,O
T0361,to,O
T0361,ST,B-CASTE_CATEGORY
T0361,category,O
T0361,from,O
T0361,Madhya,B-STATE
T0361,Pradesh,I-STATE
T0361,Age,O
T0361,is,O
T0361,65,B-AGE
T0361,profession,O
T0361,is,O
T0361,farmer,B-OCCUPATION
T0361,income,O
T0361,around,O
T0361,200000,B-ANNUAL_INCOME
T0362,Namaste,O
T0362,main,O
T0362,35,B-AGE
T0362,varsh,O
T0362,ka,O
T0362,rehri,B-OCCUPATION
T0362,wala,I-OCCUPATION
T0362,hu,O
T0362,Bihar,B-STATE
T0362,se,O
T0362,Meri,O
T0362,income,O
T0362,120000,B-ANNUAL_INCOME
T0362,rupaye,O
T0362,hai,O
T0362,aur,O
T0362,main,O
T0362,SC,B-CASTE_CATEGORY
T0362,varg,O
T0362,se,O
T0362,hoon,O
T0362,Main,O
T0362,divyang,B-DISABILITY
T0362,hu,O
T0363,Hi,O
T0363,I,O
T0363,am,O
T0363,29,B-AGE
T0363,years,O
T0363,old,O
T0363,student,O
T0363,from,O
T0363,Madhya,B-STATE
T0363,Pradesh,I-STATE
T0363,My,O
T0363,family,O
T0363,income,O
T0363,is,O
T0363,600000,B-ANNUAL_INCOME
T0363,and,O
T0363,I,O
T0363,am,O
T0363,differently,B-DISABILITY
T0363,abled,I-DISABILITY
T0364,Namaste,O
T0364,main,O
T0364,29,B-AGE
T0364,varsh,O
T0364,ka,O
T0364,street,B-OCCUPATION
T0364,vendor,I-OCCUPATION
T0364,hu,O
T0364,Karnataka,B-STATE
T0364,se,O
T0364,Meri,O
T0364,income,O
T0364,200000,B-ANNUAL_INCOME
T0364,rupaye,O
T0364,hai,O
T0364,aur,O
T0364,main,O
T0364,OBC,B-CASTE_CATEGORY
T0364,varg,O
T0364,se,O
T0364,hoon,O
T0364,Main,O
T0364,divyang,B-DISABILITY
T0364,hu,O
T0365,I,O
T0365,belong,O
T0365,to,O
T0365,SC,B-CASTE_CATEGORY
T0365,category,O
T0365,from,O
T0365,Maharashtra,B-STATE
T0365,Age,O
T0365,is,O
T0365,47,B-AGE
T0365,profession,O
T0365,is,O
T0365,rehri,B-OCCUPATION
T0365,wala,I-OCCUPATION
T0365,income,O
T0365,around,O
T0365,80000,B-ANNUAL_INCOME
T0366,Main,O
T0366,Madhya,B-STATE
T0366,Pradesh,I-STATE
T0366,se,O
T0366,ek,O
T0366,street,B-OCCUPATION
T0366,vendor,I-OCCUPATION
T0366,hu,O
T0366,meri,O
T0366,umar,O
T0366,26,B-AGE
T0366,saal,O
T0366,hai,O
T0366,aur,O
T0366,saalana,O
T0366,kamai,O
T0366,350000,B-ANNUAL_INCOME
T0366,rupe,O
T0366,hai,O
T0367,I,O
T0367,belong,O
T0367,to,O
T0367,SC,B-CASTE_CATEGORY
T0367,category,O
T0367,from,O
T0367,West,B-STATE
T0367,Bengal,I-STATE
T0367,Age,O
T0367,is,O
T0367,31,B-AGE
T0367,profession,O
T0367,is,O
T0367,labour,B-OCCUPATION
T0367,income,O
T0367,around,O
T0367,80000,B-ANNUAL_INCOME
T0368,Namaste,O
T0368,main,O
T0368,60,B-AGE
T0368,varsh,O
T0368,ka,O
T0368,student,B-OCCUPATION
T0368,hu,O
T0368,Rajasthan,B-STATE
T0368,se,O
T0368,Meri,O
T0368,income,O
T0368,200000,B-ANNUAL_INCOME
T0368,rupaye,O
T0368,hai,O
T0368,aur,O
T0368,main,O
T0368,SC,B-CASTE_CATEGORY
T0368,varg,O
T0368,se,O
T0368,hoon,O
T0368,Main,O
T0368,divyang,B-DISABILITY
T0368,hu,O
T0369,I,O
T0369,am,O
T0369,a,O
T0369,44,B-AGE
T0369,year,O
T0369,old,O
T0369,female,B-GENDER
T0369,berojgar,B-OCCUPATION
T0369,living,O
T0369,in,O
T0369,Rajasthan,B-STATE
T0369,My,O
T0369,annual,O
T0369,household,O
T0369,income,O
T0369,is,O
T0369,120000,B-ANNUAL_INCOME
T0369,rupees,O
T0370,Namaste,O
T0370,main,O
T0370,30,B-AGE
T0370,varsh,O
T0370,ka,O
T0370,kisan,B-OCCUPATION
T0370,hu,O
T0370,Tamil,B-STATE
T0370,Nadu,I-STATE
T0370,se,O
T0370,Meri,O
T0370,income,O
T0370,45000,B-ANNUAL_INCOME
T0370,rupaye,O
T0370,hai,O
T0370,aur,O
T0370,main,O
T0370,ST,B-CASTE_CATEGORY
T0370,varg,O
T0370,se,O
T0370,hoon,O
T0370,Main,O
T0370,divyang,B-DISABILITY
T0370,hu,O
T0371,Mera,O
T0371,naam,O
T0371,Ramesh,O
T0371,hai,O
T0371,main,O
T0371,Bihar,B-STATE
T0371,ka,O
T0371,rehne,O
T0371,wala,O
T0371,hu,O
T0371,Main,O
T0371,SC,B-CASTE_CATEGORY
T0371,category,O
T0371,se,O
T0371,ek,O
T0371,mahila,B-GENDER
T0371,hu,O
T0371,aur,O
T0371,farmer,B-OCCUPATION
T0371,hu,O
T0371,Aamdani,O
T0371,350000,B-ANNUAL_INCOME
T0371,per,O
T0371,year,O
T0371,hai,O
T0372,Main,O
T0372,Madhya,B-STATE
T0372,Pradesh,I-STATE
T0372,se,O
T0372,ek,O
T0372,unemployed,B-OCCUPATION
T0372,hu,O
T0372,meri,O
T0372,umar,O
T0372,35,B-AGE
T0372,saal,O
T0372,hai,O
T0372,aur,O
T0372,saalana,O
T0372,kamai,O
T0372,200000,B-ANNUAL_INCOME
T0372,rupe,O
T0372,hai,O
T0373,I,O
T0373,am,O
T0373,a,O
T0373,62,B-AGE
T0373,year,O
T0373,old,O
T0373,male,B-GENDER
T0373,bunkar,B-OCCUPATION
T0373,living,O
T0373,in,O
T0373,Rajasthan,B-STATE
T0373,My,O
T0373,annual,O
T0373,household,O
T0373,income,O
T0373,is,O
T0373,600000,B-ANNUAL_INCOME
T0373,rupees,O
T0374,Namaste,O
T0374,main,O
T0374,50,B-AGE
T0374,varsh,O
T0374,ka,O
T0374,labour,B-OCCUPATION
T0374,hu,O
T0374,Madhya,B-STATE
T0374,Pradesh,I-STATE
T0374,se,O
T0374,Meri,O
T0374,income,O
T0374,200000,B-ANNUAL_INCOME
T0374,rupaye,O
T0374,hai,O
T0374,aur,O
T0374,main,O
T0374,General,B-CASTE_CATEGORY
T0374,varg,O
T0374,se,O
T0374,hoon,O
T0374,Main,O
T0374,divyang,B-DISABILITY
T0374,hu,O
T0375,Hi,O
T0375,I,O
T0375,am,O
T0375,19,B-AGE
T0375,years,O
T0375,old,O
T0375,student,O
T0375,from,O
T0375,Tamil,B-STATE
T0375,Nadu,I-STATE
T0375,My,O
T0375,family,O
T0375,income,O
T0375,is,O
T0375,600000,B-ANNUAL_INCOME
T0375,and,O
T0375,I,O
T0375,am,O
T0375,differently,B-DISABILITY
T0375,abled,I-DISABILITY
T0376,I,O
T0376,am,O
T0376,a,O
T0376,35,B-AGE
T0376,year,O
T0376,old,O
T0376,male,B-GENDER
T0376,weaver,B-OCCUPATION
T0376,living,O
T0376,in,O
T0376,West,B-STATE
T0376,Bengal,I-STATE
T0376,My,O
T0376,annual,O
T0376,household,O
T0376,income,O
T0376,is,O
T0376,45000,B-ANNUAL_INCOME
T0376,rupees,O
T0377,Main,O
T0377,Tamil,B-STATE
T0377,Nadu,I-STATE
T0377,se,O
T0377,ek,O
T0377,student,B-OCCUPATION
T0377,hu,O
T0377,meri,O
T0377,umar,O
T0377,33,B-AGE
T0377,saal,O
T0377,hai,O
T0377,aur,O
T0377,saalana,O
T0377,kamai,O
T0377,45000,B-ANNUAL_INCOME
T0377,rupe,O
T0377,hai,O
T0378,I,O
T0378,am,O
T0378,a,O
T0378,51,B-AGE
T0378,year,O
T0378,old,O
T0378,male,B-GENDER
T0378,street,B-OCCUPATION
T0378,vendor,I-OCCUPATION
T0378,living,O
T0378,in,O
T0378,Bihar,B-STATE
T0378,My,O
T0378,annual,O
T0378,household,O
T0378,income,O
T0378,is,O
T0378,120000,B-ANNUAL_INCOME
T0378,rupees,O
T0379,Main,O
T0379,Uttar,B-STATE
T0379,Pradesh,I-STATE
T0379,se,O
T0379,ek,O
T0379,rehri,B-OCCUPATION
T0379,wala,I-OCCUPATION
T0379,hu,O
T0379,meri,O
T0379,umar,O
T0379,61,B-AGE
T0379,saal,O
T0379,hai,O
T0379,aur,O
T0379,saalana,O
T0379,kamai,O
T0379,350000,B-ANNUAL_INCOME
T0379,rupe,O
T0379,hai,O
T0380,Namaste,O
T0380,main,O
T0380,55,B-AGE
T0380,varsh,O
T0380,ka,O
T0380,student,B-OCCUPATION
T0380,hu,O
T0380,Maharashtra,B-STATE
T0380,se,O
T0380,Meri,O
T0380,income,O
T0380,45000,B-ANNUAL_INCOME
T0380,rupaye,O
T0380,hai,O
T0380,aur,O
T0380,main,O
T0380,SC,B-CASTE_CATEGORY
T0380,varg,O
T0380,se,O
T0380,hoon,O
T0380,Main,O
T0380,divyang,B-DISABILITY
T0380,hu,O
T0381,Mera,O
T0381,naam,O
T0381,Ramesh,O
T0381,hai,O
T0381,main,O
T0381,Tamil,B-STATE
T0381,Nadu,I-STATE
T0381,ka,O
T0381,rehne,O
T0381,wala,O
T0381,hu,O
T0381,Main,O
T0381,General,B-CASTE_CATEGORY
T0381,category,O
T0381,se,O
T0381,ek,O
T0381,mahila,B-GENDER
T0381,hu,O
T0381,aur,O
T0381,bunkar,B-OCCUPATION
T0381,hu,O
T0381,Aamdani,O
T0381,80000,B-ANNUAL_INCOME
T0381,per,O
T0381,year,O
T0381,hai,O
T0382,I,O
T0382,belong,O
T0382,to,O
T0382,General,B-CASTE_CATEGORY
T0382,category,O
T0382,from,O
T0382,Madhya,B-STATE
T0382,Pradesh,I-STATE
T0382,Age,O
T0382,is,O
T0382,45,B-AGE
T0382,profession,O
T0382,is,O
T0382,mazdoor,B-OCCUPATION
T0382,income,O
T0382,around,O
T0382,120000,B-ANNUAL_INCOME
T0383,Namaste,O
T0383,main,O
T0383,42,B-AGE
T0383,varsh,O
T0383,ka,O
T0383,kisan,B-OCCUPATION
T0383,hu,O
T0383,Bihar,B-STATE
T0383,se,O
T0383,Meri,O
T0383,income,O
T0383,0,B-ANNUAL_INCOME
T0383,rupaye,O
T0383,hai,O
T0383,aur,O
T0383,main,O
T0383,SC,B-CASTE_CATEGORY
T0383,varg,O
T0383,se,O
T0383,hoon,O
T0383,Main,O
T0383,divyang,B-DISABILITY
T0383,hu,O
T0384,I,O
T0384,belong,O
T0384,to,O
T0384,General,B-CASTE_CATEGORY
T0384,category,O
T0384,from,O
T0384,Karnataka,B-STATE
T0384,Age,O
T0384,is,O
T0384,33,B-AGE
T0384,profession,O
T0384,is,O
T0384,farmer,B-OCCUPATION
T0384,income,O
T0384,around,O
T0384,200000,B-ANNUAL_INCOME
T0385,Mera,O
T0385,naam,O
T0385,Ramesh,O
T0385,hai,O
T0385,main,O
T0385,Uttar,B-STATE
T0385,Pradesh,I-STATE
T0385,ka,O
T0385,rehne,O
T0385,wala,O
T0385,hu,O
T0385,Main,O
T0385,General,B-CASTE_CATEGORY
T0385,category,O
T0385,se,O
T0385,ek,O
T0385,purush,B-GENDER
T0385,hu,O
T0385,aur,O
T0385,farmer,B-OCCUPATION
T0385,hu,O
T0385,Aamdani,O
T0385,120000,B-ANNUAL_INCOME
T0385,per,O
T0385,year,O
T0385,hai,O
T0386,Main,O
T0386,Maharashtra,B-STATE
T0386,se,O
T0386,ek,O
T0386,labour,B-OCCUPATION
T0386,hu,O
T0386,meri,O
T0386,umar,O
T0386,45,B-AGE
T0386,saal,O
T0386,hai,O
T0386,aur,O
T0386,saalana,O
T0386,kamai,O
T0386,0,B-ANNUAL_INCOME
T0386,rupe,O
T0386,hai,O
T0387,Mera,O
T0387,naam,O
T0387,Ramesh,O
T0387,hai,O
T0387,main,O
T0387,Maharashtra,B-STATE
T0387,ka,O
T0387,rehne,O
T0387,wala,O
T0387,hu,O
T0387,Main,O
T0387,ST,B-CASTE_CATEGORY
T0387,category,O
T0387,se,O
T0387,ek,O
T0387,mahila,B-GENDER
T0387,hu,O
T0387,aur,O
T0387,berojgar,B-OCCUPATION
T0387,hu,O
T0387,Aamdani,O
T0387,600000,B-ANNUAL_INCOME
T0387,per,O
T0387,year,O
T0387,hai,O
T0388,I,O
T0388,am,O
T0388,a,O
T0388,24,B-AGE
T0388,year,O
T0388,old,O
T0388,female,B-GENDER
T0388,labour,B-OCCUPATION
T0388,living,O
T0388,in,O
T0388,Tamil,B-STATE
T0388,Nadu,I-STATE
T0388,My,O
T0388,annual,O
T0388,household,O
T0388,income,O
T0388,is,O
T0388,0,B-ANNUAL_INCOME
T0388,rupees,O
T0389,I,O
T0389,belong,O
T0389,to,O
T0389,General,B-CASTE_CATEGORY
T0389,category,O
T0389,from,O
T0389,Rajasthan,B-STATE
T0389,Age,O
T0389,is,O
T0389,47,B-AGE
T0389,profession,O
T0389,is,O
T0389,berojgar,B-OCCUPATION
T0389,income,O
T0389,around,O
T0389,200000,B-ANNUAL_INCOME
T0390,Mera,O
T0390,naam,O
T0390,Ramesh,O
T0390,hai,O
T0390,main,O
T0390,Karnataka,B-STATE
T0390,ka,O
T0390,rehne,O
T0390,wala,O
T0390,hu,O
T0390,Main,O
T0390,ST,B-CASTE_CATEGORY
T0390,category,O
T0390,se,O
T0390,ek,O
T0390,mahila,B-GENDER
T0390,hu,O
T0390,aur,O
T0390,mazdoor,B-OCCUPATION
T0390,hu,O
T0390,Aamdani,O
T0390,45000,B-ANNUAL_INCOME
T0390,per,O
T0390,year,O
T0390,hai,O
T0391,Main,O
T0391,Bihar,B-STATE
T0391,se,O
T0391,ek,O
T0391,artisan,B-OCCUPATION
T0391,hu,O
T0391,meri,O
T0391,umar,O
T0391,31,B-AGE
T0391,saal,O
T0391,hai,O
T0391,aur,O
T0391,saalana,O
T0391,kamai,O
T0391,80000,B-ANNUAL_INCOME
T0391,rupe,O
T0391,hai,O
T0392,Main,O
T0392,Bihar,B-STATE
T0392,se,O
T0392,ek,O
T0392,mazdoor,B-OCCUPATION
T0392,hu,O
T0392,meri,O
T0392,umar,O
T0392,53,B-AGE
T0392,saal,O
T0392,hai,O
T0392,aur,O
T0392,saalana,O
T0392,kamai,O
T0392,80000,B-ANNUAL_INCOME
T0392,rupe,O
T0392,hai,O
T0393,Main,O
T0393,Rajasthan,B-STATE
T0393,se,O
T0393,ek,O
T0393,labour,B-OCCUPATION
T0393,hu,O
T0393,meri,O
T0393,umar,O
T0393,52,B-AGE
T0393,saal,O
T0393,hai,O
T0393,aur,O
T0393,saalana,O
T0393,kamai,O
T0393,0,B-ANNUAL_INCOME
T0393,rupe,O
T0393,hai,O
T0394,Namaste,O
T0394,main,O
T0394,54,B-AGE
T0394,varsh,O
T0394,ka,O
T0394,weaver,B-OCCUPATION
T0394,hu,O
T0394,Tamil,B-STATE
T0394,Nadu,I-STATE
T0394,se,O
T0394,Meri,O
T0394,income,O
T0394,80000,B-ANNUAL_INCOME
T0394,rupaye,O
T0394,hai,O
T0394,aur,O
T0394,main,O
T0394,General,B-CASTE_CATEGORY
T0394,varg,O
T0394,se,O
T0394,hoon,O
T0394,Main,O
T0394,divyang,B-DISABILITY
T0394,hu,O
T0395,Main,O
T0395,West,B-STATE
T0395,Bengal,I-STATE
T0395,se,O
T0395,ek,O
T0395,weaver,B-OCCUPATION
T0395,hu,O
T0395,meri,O
T0395,umar,O
T0395,43,B-AGE
T0395,saal,O
T0395,hai,O
T0395,aur,O
T0395,saalana,O
T0395,kamai,O
T0395,600000,B-ANNUAL_INCOME
T0395,rupe,O
T0395,hai,O
T0396,Namaste,O
T0396,main,O
T0396,64,B-AGE
T0396,varsh,O
T0396,ka,O
T0396,daily,B-OCCUPATION
T0396,wage,I-OCCUPATION
T0396,worker,I-OCCUPATION
T0396,hu,O
T0396,Madhya,B-STATE
T0396,Pradesh,I-STATE
T0396,se,O
T0396,Meri,O
T0396,income,O
T0396,0,B-ANNUAL_INCOME
T0396,rupaye,O
T0396,hai,O
T0396,aur,O
T0396,main,O
T0396,OBC,B-CASTE_CATEGORY
T0396,varg,O
T0396,se,O
T0396,hoon,O
T0396,Main,O
T0396,divyang,B-DISABILITY
T0396,hu,O
T0397,Hi,O
T0397,I,O
T0397,am,O
T0397,19,B-AGE
T0397,years,O
T0397,old,O
T0397,student,O
T0397,from,O
T0397,Madhya,B-STATE
T0397,Pradesh,I-STATE
T0397,My,O
T0397,family,O
T0397,income,O
T0397,is,O
T0397,0,B-ANNUAL_INCOME
T0397,and,O
T0397,I,O
T0397,am,O
T0397,differently,B-DISABILITY
T0397,abled,I-DISABILITY
T0398,Mera,O
T0398,naam,O
T0398,Ramesh,O
T0398,hai,O
T0398,main,O
T0398,West,B-STATE
T0398,Bengal,I-STATE
T0398,ka,O
T0398,rehne,O
T0398,wala,O
T0398,hu,O
T0398,Main,O
T0398,OBC,B-CASTE_CATEGORY
T0398,category,O
T0398,se,O
T0398,ek,O
T0398,purush,B-GENDER
T0398,hu,O
T0398,aur,O
T0398,mazdoor,B-OCCUPATION
T0398,hu,O
T0398,Aamdani,O
T0398,200000,B-ANNUAL_INCOME
T0398,per,O
T0398,year,O
T0398,hai,O
T0399,I,O
T0399,am,O
T0399,a,O
T0399,51,B-AGE
T0399,year,O
T0399,old,O
T0399,female,B-GENDER
T0399,weaver,B-OCCUPATION
T0399,living,O
T0399,in,O
T0399,Bihar,B-STATE
T0399,My,O
T0399,annual,O
T0399,household,O
T0399,income,O
T0399,is,O
T0399,120000,B-ANNUAL_INCOME
T0399,rupees,O
T0400,Mera,O
T0400,naam,O
T0400,Ramesh,O
T0400,hai,O
T0400,main,O
T0400,Karnataka,B-STATE
T0400,ka,O
T0400,rehne,O
T0400,wala,O
T0400,hu,O
T0400,Main,O
T0400,General,B-CASTE_CATEGORY
T0400,category,O
T0400,se,O
T0400,ek,O
T0400,mahila,B-GENDER
T0400,hu,O
T0400,aur,O
T0400,rehri,B-OCCUPATION
T0400,wala,I-OCCUPATION
T0400,hu,O
T0400,Aamdani,O
T0400,600000,B-ANNUAL_INCOME
T0400,per,O
T0400,year,O
T0400,hai,O
T0401,I,O
T0401,am,O
T0401,a,O
T0401,59,B-AGE
T0401,year,O
T0401,old,O
T0401,female,B-GENDER
T0401,unemployed,B-OCCUPATION
T0401,living,O
T0401,in,O
T0401,Madhya,B-STATE
T0401,Pradesh,I-STATE
T0401,My,O
T0401,annual,O
T0401,household,O
T0401,income,O
T0401,is,O
T0401,0,B-ANNUAL_INCOME
T0401,rupees,O
T0402,I,O
T0402,belong,O
T0402,to,O
T0402,OBC,B-CASTE_CATEGORY
T0402,category,O
T0402,from,O
T0402,Madhya,B-STATE
T0402,Pradesh,I-STATE
T0402,Age,O
T0402,is,O
T0402,49,B-AGE
T0402,profession,O
T0402,is,O
T0402,daily,B-OCCUPATION
T0402,wage,I-OCCUPATION
T0402,worker,I-OCCUPATION
T0402,income,O
T0402,around,O
T0402,600000,B-ANNUAL_INCOME
T0403,Main,O
T0403,West,B-STATE
T0403,Bengal,I-STATE
T0403,se,O
T0403,ek,O
T0403,berojgar,B-OCCUPATION
T0403,hu,O
T0403,meri,O
T0403,umar,O
T0403,36,B-AGE
T0403,saal,O
T0403,hai,O
T0403,aur,O
T0403,saalana,O
T0403,kamai,O
T0403,200000,B-ANNUAL_INCOME
T0403,rupe,O
T0403,hai,O
T0404,I,O
T0404,am,O
T0404,a,O
T0404,21,B-AGE
T0404,year,O
T0404,old,O
T0404,male,B-GENDER
T0404,unemployed,B-OCCUPATION
T0404,living,O
T0404,in,O
T0404,Maharashtra,B-STATE
T0404,My,O
T0404,annual,O
T0404,household,O
T0404,income,O
T0404,is,O
T0404,200000,B-ANNUAL_INCOME
T0404,rupees,O
T0405,Main,O
T0405,Madhya,B-STATE
T0405,Pradesh,I-STATE
T0405,se,O
T0405,ek,O
T0405,mazdoor,B-OCCUPATION
T0405,hu,O
T0405,meri,O
T0405,umar,O
T0405,26,B-AGE
T0405,saal,O
T0405,hai,O
T0405,aur,O
T0405,saalana,O
T0405,kamai,O
T0405,0,B-ANNUAL_INCOME
T0405,rupe,O
T0405,hai,O
T0406,Main,O
T0406,West,B-STATE
T0406,Bengal,I-STATE
T0406,se,O
T0406,ek,O
T0406,daily,B-OCCUPATION
T0406,wage,I-OCCUPATION
T0406,worker,I-OCCUPATION
T0406,hu,O
T0406,meri,O
T0406,umar,O
T0406,56,B-AGE
T0406,saal,O
T0406,hai,O
T0406,aur,O
T0406,saalana,O
T0406,kamai,O
T0406,600000,B-ANNUAL_INCOME
T0406,rupe,O
T0406,hai,O
T0407,Mera,O
T0407,naam,O
T0407,Ramesh,O
T0407,hai,O
T0407,main,O
T0407,Tamil,B-STATE
T0407,Nadu,I-STATE
T0407,ka,O
T0407,rehne,O
T0407,wala,O
T0407,hu,O
T0407,Main,O
T0407,OBC,B-CASTE_CATEGORY
T0407,category,O
T0407,se,O
T0407,ek,O
T0407,purush,B-GENDER
T0407,hu,O
T0407,aur,O
T0407,street,B-OCCUPATION
T0407,vendor,I-OCCUPATION
T0407,hu,O
T0407,Aamdani,O
T0407,120000,B-ANNUAL_INCOME
T0407,per,O
T0407,year,O
T0407,hai,O
T0408,I,O
T0408,am,O
T0408,a,O
T0408,40,B-AGE
T0408,year,O
T0408,old,O
T0408,male,B-GENDER
T0408,chhatra,B-OCCUPATION
T0408,living,O
T0408,in,O
T0408,Maharashtra,B-STATE
T0408,My,O
T0408,annual,O
T0408,household,O
T0408,income,O
T0408,is,O
T0408,200000,B-ANNUAL_INCOME
T0408,rupees,O
T0409,I,O
T0409,belong,O
T0409,to,O
T0409,General,B-CASTE_CATEGORY
T0409,category,O
T0409,from,O
T0409,Bihar,B-STATE
T0409,Age,O
T0409,is,O
T0409,45,B-AGE
T0409,profession,O
T0409,is,O
T0409,daily,B-OCCUPATION
T0409,wage,I-OCCUPATION
T0409,worker,I-OCCUPATION
T0409,income,O
T0409,around,O
T0409,45000,B-ANNUAL_INCOME
T0410,I,O
T0410,belong,O
T0410,to,O
T0410,SC,B-CASTE_CATEGORY
T0410,category,O
T0410,from,O
T0410,Maharashtra,B-STATE
T0410,Age,O
T0410,is,O
T0410,19,B-AGE
T0410,profession,O
T0410,is,O
T0410,bunkar,B-OCCUPATION
T0410,income,O
T0410,around,O
T0410,350000,B-ANNUAL_INCOME
T0411,Main,O
T0411,Bihar,B-STATE
T0411,se,O
T0411,ek,O
T0411,berojgar,B-OCCUPATION
T0411,hu,O
T0411,meri,O
T0411,umar,O
T0411,51,B-AGE
T0411,saal,O
T0411,hai,O
T0411,aur,O
T0411,saalana,O
T0411,kamai,O
T0411,80000,B-ANNUAL_INCOME
T0411,rupe,O
T0411,hai,O
T0412,I,O
T0412,am,O
T0412,a,O
T0412,59,B-AGE
T0412,year,O
T0412,old,O
T0412,female,B-GENDER
T0412,labour,B-OCCUPATION
T0412,living,O
T0412,in,O
T0412,Bihar,B-STATE
T0412,My,O
T0412,annual,O
T0412,household,O
T0412,income,O
T0412,is,O
T0412,200000,B-ANNUAL_INCOME
T0412,rupees,O
T0413,Hi,O
T0413,I,O
T0413,am,O
T0413,57,B-AGE
T0413,years,O
T0413,old,O
T0413,student,O
T0413,from,O
T0413,Madhya,B-STATE
T0413,Pradesh,I-STATE
T0413,My,O
T0413,family,O
T0413,income,O
T0413,is,O
T0413,200000,B-ANNUAL_INCOME
T0413,and,O
T0413,I,O
T0413,am,O
T0413,differently,B-DISABILITY
T0413,abled,I-DISABILITY
T0414,Main,O
T0414,Maharashtra,B-STATE
T0414,se,O
T0414,ek,O
T0414,student,B-OCCUPATION
T0414,hu,O
T0414,meri,O
T0414,umar,O
T0414,22,B-AGE
T0414,saal,O
T0414,hai,O
T0414,aur,O
T0414,saalana,O
T0414,kamai,O
T0414,120000,B-ANNUAL_INCOME
T0414,rupe,O
T0414,hai,O
T0415,I,O
T0415,belong,O
T0415,to,O
T0415,OBC,B-CASTE_CATEGORY
T0415,category,O
T0415,from,O
T0415,West,B-STATE
T0415,Bengal,I-STATE
T0415,Age,O
T0415,is,O
T0415,26,B-AGE
T0415,profession,O
T0415,is,O
T0415,daily,B-OCCUPATION
T0415,wage,I-OCCUPATION
T0415,worker,I-OCCUPATION
T0415,income,O
T0415,around,O
T0415,120000,B-ANNUAL_INCOME
T0416,Main,O
T0416,Bihar,B-STATE
T0416,se,O
T0416,ek,O
T0416,kisan,B-OCCUPATION
T0416,hu,O
T0416,meri,O
T0416,umar,O
T0416,41,B-AGE
T0416,saal,O
T0416,hai,O
T0416,aur,O
T0416,saalana,O
T0416,kamai,O
T0416,120000,B-ANNUAL_INCOME
T0416,rupe,O
T0416,hai,O
T0417,I,O
T0417,am,O
T0417,a,O
T0417,36,B-AGE
T0417,year,O
T0417,old,O
T0417,male,B-GENDER
T0417,labour,B-OCCUPATION
T0417,living,O
T0417,in,O
T0417,Karnataka,B-STATE
T0417,My,O
T0417,annual,O
T0417,household,O
T0417,income,O
T0417,is,O
T0417,350000,B-ANNUAL_INCOME
T0417,rupees,O
T0418,Mera,O
T0418,naam,O
T0418,Ramesh,O
T0418,hai,O
T0418,main,O
T0418,West,B-STATE
T0418,Bengal,I-STATE
T0418,ka,O
T0418,rehne,O
T0418,wala,O
T0418,hu,O
T0418,Main,O
T0418,General,B-CASTE_CATEGORY
T0418,category,O
T0418,se,O
T0418,ek,O
T0418,mahila,B-GENDER
T0418,hu,O
T0418,aur,O
T0418,bunkar,B-OCCUPATION
T0418,hu,O
T0418,Aamdani,O
T0418,350000,B-ANNUAL_INCOME
T0418,per,O
T0418,year,O
T0418,hai,O
T0419,I,O
T0419,am,O
T0419,a,O
T0419,40,B-AGE
T0419,year,O
T0419,old,O
T0419,male,B-GENDER
T0419,farmer,B-OCCUPATION
T0419,living,O
T0419,in,O
T0419,Uttar,B-STATE
T0419,Pradesh,I-STATE
T0419,My,O
T0419,annual,O
T0419,household,O
T0419,income,O
T0419,is,O
T0419,200000,B-ANNUAL_INCOME
T0419,rupees,O
T0420,Namaste,O
T0420,main,O
T0420,42,B-AGE
T0420,varsh,O
T0420,ka,O
T0420,kisan,B-OCCUPATION
T0420,hu,O
T0420,Maharashtra,B-STATE
T0420,se,O
T0420,Meri,O
T0420,income,O
T0420,80000,B-ANNUAL_INCOME
T0420,rupaye,O
T0420,hai,O
T0420,aur,O
T0420,main,O
T0420,OBC,B-CASTE_CATEGORY
T0420,varg,O
T0420,se,O
T0420,hoon,O
T0420,Main,O
T0420,divyang,B-DISABILITY
T0420,hu,O
T0421,I,O
T0421,am,O
T0421,a,O
T0421,29,B-AGE
T0421,year,O
T0421,old,O
T0421,male,B-GENDER
T0421,labour,B-OCCUPATION
T0421,living,O
T0421,in,O
T0421,Rajasthan,B-STATE
T0421,My,O
T0421,annual,O
T0421,household,O
T0421,income,O
T0421,is,O
T0421,200000,B-ANNUAL_INCOME
T0421,rupees,O
T0422,Main,O
T0422,Uttar,B-STATE
T0422,Pradesh,I-STATE
T0422,se,O
T0422,ek,O
T0422,artisan,B-OCCUPATION
T0422,hu,O
T0422,meri,O
T0422,umar,O
T0422,47,B-AGE
T0422,saal,O
T0422,hai,O
T0422,aur,O
T0422,saalana,O
T0422,kamai,O
T0422,600000,B-ANNUAL_INCOME
T0422,rupe,O
T0422,hai,O
T0423,I,O
T0423,belong,O
T0423,to,O
T0423,OBC,B-CASTE_CATEGORY
T0423,category,O
T0423,from,O
T0423,Maharashtra,B-STATE
T0423,Age,O
T0423,is,O
T0423,51,B-AGE
T0423,profession,O
T0423,is,O
T0423,kisan,B-OCCUPATION
T0423,income,O
T0423,around,O
T0423,80000,B-ANNUAL_INCOME
T0424,Namaste,O
T0424,main,O
T0424,21,B-AGE
T0424,varsh,O
T0424,ka,O
T0424,unemployed,B-OCCUPATION
T0424,hu,O
T0424,Rajasthan,B-STATE
T0424,se,O
T0424,Meri,O
T0424,income,O
T0424,0,B-ANNUAL_INCOME
T0424,rupaye,O
T0424,hai,O
T0424,aur,O
T0424,main,O
T0424,ST,B-CASTE_CATEGORY
T0424,varg,O
T0424,se,O
T0424,hoon,O
T0424,Main,O
T0424,divyang,B-DISABILITY
T0424,hu,O
T0425,Namaste,O
T0425,main,O
T0425,30,B-AGE
T0425,varsh,O
T0425,ka,O
T0425,bunkar,B-OCCUPATION
T0425,hu,O
T0425,Rajasthan,B-STATE
T0425,se,O
T0425,Meri,O
T0425,income,O
T0425,45000,B-ANNUAL_INCOME
T0425,rupaye,O
T0425,hai,O
T0425,aur,O
T0425,main,O
T0425,General,B-CASTE_CATEGORY
T0425,varg,O
T0425,se,O
T0425,hoon,O
T0425,Main,O
T0425,divyang,B-DISABILITY
T0425,hu,O
T0426,I,O
T0426,am,O
T0426,a,O
T0426,55,B-AGE
T0426,year,O
T0426,old,O
T0426,male,B-GENDER
T0426,street,B-OCCUPATION
T0426,vendor,I-OCCUPATION
T0426,living,O
T0426,in,O
T0426,Rajasthan,B-STATE
T0426,My,O
T0426,annual,O
T0426,household,O
T0426,income,O
T0426,is,O
T0426,600000,B-ANNUAL_INCOME
T0426,rupees,O
T0427,Mera,O
T0427,naam,O
T0427,Ramesh,O
T0427,hai,O
T0427,main,O
T0427,Maharashtra,B-STATE
T0427,ka,O
T0427,rehne,O
T0427,wala,O
T0427,hu,O
T0427,Main,O
T0427,General,B-CASTE_CATEGORY
T0427,category,O
T0427,se,O
T0427,ek,O
T0427,purush,B-GENDER
T0427,hu,O
T0427,aur,O
T0427,bunkar,B-OCCUPATION
T0427,hu,O
T0427,Aamdani,O
T0427,350000,B-ANNUAL_INCOME
T0427,per,O
T0427,year,O
T0427,hai,O
T0428,I,O
T0428,am,O
T0428,a,O
T0428,42,B-AGE
T0428,year,O
T0428,old,O
T0428,female,B-GENDER
T0428,unemployed,B-OCCUPATION
T0428,living,O
T0428,in,O
T0428,Rajasthan,B-STATE
T0428,My,O
T0428,annual,O
T0428,household,O
T0428,income,O
T0428,is,O
T0428,80000,B-ANNUAL_INCOME
T0428,rupees,O
T0429,Namaste,O
T0429,main,O
T0429,43,B-AGE
T0429,varsh,O
T0429,ka,O
T0429,student,B-OCCUPATION
T0429,hu,O
T0429,Uttar,B-STATE
T0429,Pradesh,I-STATE
T0429,se,O
T0429,Meri,O
T0429,income,O
T0429,600000,B-ANNUAL_INCOME
T0429,rupaye,O
T0429,hai,O
T0429,aur,O
T0429,main,O
T0429,SC,B-CASTE_CATEGORY
T0429,varg,O
T0429,se,O
T0429,hoon,O
T0429,Main,O
T0429,divyang,B-DISABILITY
T0429,hu,O
T0430,Hi,O
T0430,I,O
T0430,am,O
T0430,56,B-AGE
T0430,years,O
T0430,old,O
T0430,student,O
T0430,from,O
T0430,Karnataka,B-STATE
T0430,My,O
T0430,family,O
T0430,income,O
T0430,is,O
T0430,120000,B-ANNUAL_INCOME
T0430,and,O
T0430,I,O
T0430,am,O
T0430,differently,B-DISABILITY
T0430,abled,I-DISABILITY
T0431,Mera,O
T0431,naam,O
T0431,Ramesh,O
T0431,hai,O
T0431,main,O
T0431,Madhya,B-STATE
T0431,Pradesh,I-STATE
T0431,ka,O
T0431,rehne,O
T0431,wala,O
T0431,hu,O
T0431,Main,O
T0431,ST,B-CASTE_CATEGORY
T0431,category,O
T0431,se,O
T0431,ek,O
T0431,purush,B-GENDER
T0431,hu,O
T0431,aur,O
T0431,weaver,B-OCCUPATION
T0431,hu,O
T0431,Aamdani,O
T0431,120000,B-ANNUAL_INCOME
T0431,per,O
T0431,year,O
T0431,hai,O
T0432,Main,O
T0432,Karnataka,B-STATE
T0432,se,O
T0432,ek,O
T0432,berojgar,B-OCCUPATION
T0432,hu,O
T0432,meri,O
T0432,umar,O
T0432,62,B-AGE
T0432,saal,O
T0432,hai,O
T0432,aur,O
T0432,saalana,O
T0432,kamai,O
T0432,80000,B-ANNUAL_INCOME
T0432,rupe,O
T0432,hai,O
T0433,Namaste,O
T0433,main,O
T0433,54,B-AGE
T0433,varsh,O
T0433,ka,O
T0433,mazdoor,B-OCCUPATION
T0433,hu,O
T0433,West,B-STATE
T0433,Bengal,I-STATE
T0433,se,O
T0433,Meri,O
T0433,income,O
T0433,45000,B-ANNUAL_INCOME
T0433,rupaye,O
T0433,hai,O
T0433,aur,O
T0433,main,O
T0433,ST,B-CASTE_CATEGORY
T0433,varg,O
T0433,se,O
T0433,hoon,O
T0433,Main,O
T0433,divyang,B-DISABILITY
T0433,hu,O
T0434,Hi,O
T0434,I,O
T0434,am,O
T0434,22,B-AGE
T0434,years,O
T0434,old,O
T0434,student,O
T0434,from,O
T0434,Rajasthan,B-STATE
T0434,My,O
T0434,family,O
T0434,income,O
T0434,is,O
T0434,0,B-ANNUAL_INCOME
T0434,and,O
T0434,I,O
T0434,am,O
T0434,differently,B-DISABILITY
T0434,abled,I-DISABILITY
T0435,Main,O
T0435,Uttar,B-STATE
T0435,Pradesh,I-STATE
T0435,se,O
T0435,ek,O
T0435,rehri,B-OCCUPATION
T0435,wala,I-OCCUPATION
T0435,hu,O
T0435,meri,O
T0435,umar,O
T0435,58,B-AGE
T0435,saal,O
T0435,hai,O
T0435,aur,O
T0435,saalana,O
T0435,kamai,O
T0435,600000,B-ANNUAL_INCOME
T0435,rupe,O
T0435,hai,O
T0436,Main,O
T0436,Uttar,B-STATE
T0436,Pradesh,I-STATE
T0436,se,O
T0436,ek,O
T0436,weaver,B-OCCUPATION
T0436,hu,O
T0436,meri,O
T0436,umar,O
T0436,62,B-AGE
T0436,saal,O
T0436,hai,O
T0436,aur,O
T0436,saalana,O
T0436,kamai,O
T0436,80000,B-ANNUAL_INCOME
T0436,rupe,O
T0436,hai,O
T0437,Main,O
T0437,Madhya,B-STATE
T0437,Pradesh,I-STATE
T0437,se,O
T0437,ek,O
T0437,farmer,B-OCCUPATION
T0437,hu,O
T0437,meri,O
T0437,umar,O
T0437,24,B-AGE
T0437,saal,O
T0437,hai,O
T0437,aur,O
T0437,saalana,O
T0437,kamai,O
T0437,0,B-ANNUAL_INCOME
T0437,rupe,O
T0437,hai,O
T0438,I,O
T0438,am,O
T0438,a,O
T0438,25,B-AGE
T0438,year,O
T0438,old,O
T0438,male,B-GENDER
T0438,weaver,B-OCCUPATION
T0438,living,O
T0438,in,O
T0438,Madhya,B-STATE
T0438,Pradesh,I-STATE
T0438,My,O
T0438,annual,O
T0438,household,O
T0438,income,O
T0438,is,O
T0438,600000,B-ANNUAL_INCOME
T0438,rupees,O
T0439,Mera,O
T0439,naam,O
T0439,Ramesh,O
T0439,hai,O
T0439,main,O
T0439,Rajasthan,B-STATE
T0439,ka,O
T0439,rehne,O
T0439,wala,O
T0439,hu,O
T0439,Main,O
T0439,OBC,B-CASTE_CATEGORY
T0439,category,O
T0439,se,O
T0439,ek,O
T0439,mahila,B-GENDER
T0439,hu,O
T0439,aur,O
T0439,bunkar,B-OCCUPATION
T0439,hu,O
T0439,Aamdani,O
T0439,80000,B-ANNUAL_INCOME
T0439,per,O
T0439,year,O
T0439,hai,O
T0440,Namaste,O
T0440,main,O
T0440,53,B-AGE
T0440,varsh,O
T0440,ka,O
T0440,chhatra,B-OCCUPATION
T0440,hu,O
T0440,Uttar,B-STATE
T0440,Pradesh,I-STATE
T0440,se,O
T0440,Meri,O
T0440,income,O
T0440,200000,B-ANNUAL_INCOME
T0440,rupaye,O
T0440,hai,O
T0440,aur,O
T0440,main,O
T0440,General,B-CASTE_CATEGORY
T0440,varg,O
T0440,se,O
T0440,hoon,O
T0440,Main,O
T0440,divyang,B-DISABILITY
T0440,hu,O
T0441,Hi,O
T0441,I,O
T0441,am,O
T0441,55,B-AGE
T0441,years,O
T0441,old,O
T0441,student,O
T0441,from,O
T0441,Maharashtra,B-STATE
T0441,My,O
T0441,family,O
T0441,income,O
T0441,is,O
T0441,45000,B-ANNUAL_INCOME
T0441,and,O
T0441,I,O
T0441,am,O
T0441,differently,B-DISABILITY
T0441,abled,I-DISABILITY
T0442,Mera,O
T0442,naam,O
T0442,Ramesh,O
T0442,hai,O
T0442,main,O
T0442,Madhya,B-STATE
T0442,Pradesh,I-STATE
T0442,ka,O
T0442,rehne,O
T0442,wala,O
T0442,hu,O
T0442,Main,O
T0442,ST,B-CASTE_CATEGORY
T0442,category,O
T0442,se,O
T0442,ek,O
T0442,purush,B-GENDER
T0442,hu,O
T0442,aur,O
T0442,berojgar,B-OCCUPATION
T0442,hu,O
T0442,Aamdani,O
T0442,350000,B-ANNUAL_INCOME
T0442,per,O
T0442,year,O
T0442,hai,O
T0443,Main,O
T0443,Bihar,B-STATE
T0443,se,O
T0443,ek,O
T0443,unemployed,B-OCCUPATION
T0443,hu,O
T0443,meri,O
T0443,umar,O
T0443,41,B-AGE
T0443,saal,O
T0443,hai,O
T0443,aur,O
T0443,saalana,O
T0443,kamai,O
T0443,0,B-ANNUAL_INCOME
T0443,rupe,O
T0443,hai,O
T0444,Hi,O
T0444,I,O
T0444,am,O
T0444,29,B-AGE
T0444,years,O
T0444,old,O
T0444,student,O
T0444,from,O
T0444,West,B-STATE
T0444,Bengal,I-STATE
T0444,My,O
T0444,family,O
T0444,income,O
T0444,is,O
T0444,80000,B-ANNUAL_INCOME
T0444,and,O
T0444,I,O
T0444,am,O
T0444,differently,B-DISABILITY
T0444,abled,I-DISABILITY
T0445,Namaste,O
T0445,main,O
T0445,22,B-AGE
T0445,varsh,O
T0445,ka,O
T0445,chhatra,B-OCCUPATION
T0445,hu,O
T0445,Madhya,B-STATE
T0445,Pradesh,I-STATE
T0445,se,O
T0445,Meri,O
T0445,income,O
T0445,350000,B-ANNUAL_INCOME
T0445,rupaye,O
T0445,hai,O
T0445,aur,O
T0445,main,O
T0445,OBC,B-CASTE_CATEGORY
T0445,varg,O
T0445,se,O
T0445,hoon,O
T0445,Main,O
T0445,divyang,B-DISABILITY
T0445,hu,O
T0446,Mera,O
T0446,naam,O
T0446,Ramesh,O
T0446,hai,O
T0446,main,O
T0446,Madhya,B-STATE
T0446,Pradesh,I-STATE
T0446,ka,O
T0446,rehne,O
T0446,wala,O
T0446,hu,O
T0446,Main,O
T0446,SC,B-CASTE_CATEGORY
T0446,category,O
T0446,se,O
T0446,ek,O
T0446,purush,B-GENDER
T0446,hu,O
T0446,aur,O
T0446,weaver,B-OCCUPATION
T0446,hu,O
T0446,Aamdani,O
T0446,350000,B-ANNUAL_INCOME
T0446,per,O
T0446,year,O
T0446,hai,O
T0447,Main,O
T0447,Rajasthan,B-STATE
T0447,se,O
T0447,ek,O
T0447,mazdoor,B-OCCUPATION
T0447,hu,O
T0447,meri,O
T0447,umar,O
T0447,35,B-AGE
T0447,saal,O
T0447,hai,O
T0447,aur,O
T0447,saalana,O
T0447,kamai,O
T0447,200000,B-ANNUAL_INCOME
T0447,rupe,O
T0447,hai,O
T0448,Hi,O
T0448,I,O
T0448,am,O
T0448,19,B-AGE
T0448,years,O
T0448,old,O
T0448,student,O
T0448,from,O
T0448,Tamil,B-STATE
T0448,Nadu,I-STATE
T0448,My,O
T0448,family,O
T0448,income,O
T0448,is,O
T0448,0,B-ANNUAL_INCOME
T0448,and,O
T0448,I,O
T0448,am,O
T0448,differently,B-DISABILITY
T0448,abled,I-DISABILITY
T0449,Mera,O
T0449,naam,O
T0449,Ramesh,O
T0449,hai,O
T0449,main,O
T0449,Rajasthan,B-STATE
T0449,ka,O
T0449,rehne,O
T0449,wala,O
T0449,hu,O
T0449,Main,O
T0449,SC,B-CASTE_CATEGORY
T0449,category,O
T0449,se,O
T0449,ek,O
T0449,mahila,B-GENDER
T0449,hu,O
T0449,aur,O
T0449,artisan,B-OCCUPATION
T0449,hu,O
T0449,Aamdani,O
T0449,0,B-ANNUAL_INCOME
T0449,per,O
T0449,year,O
T0449,hai,O
T0450,Mera,O
T0450,naam,O
T0450,Ramesh,O
T0450,hai,O
T0450,main,O
T0450,Uttar,B-STATE
T0450,Pradesh,I-STATE
T0450,ka,O
T0450,rehne,O
T0450,wala,O
T0450,hu,O
T0450,Main,O
T0450,OBC,B-CASTE_CATEGORY
T0450,category,O
T0450,se,O
T0450,ek,O
T0450,purush,B-GENDER
T0450,hu,O
T0450,aur,O
T0450,student,B-OCCUPATION
T0450,hu,O
T0450,Aamdani,O
T0450,0,B-ANNUAL_INCOME
T0450,per,O
T0450,year,O
T0450,hai,O
T0451,I,O
T0451,belong,O
T0451,to,O
T0451,ST,B-CASTE_CATEGORY
T0451,category,O
T0451,from,O
T0451,Bihar,B-STATE
T0451,Age,O
T0451,is,O
T0451,51,B-AGE
T0451,profession,O
T0451,is,O
T0451,unemployed,B-OCCUPATION
T0451,income,O
T0451,around,O
T0451,45000,B-ANNUAL_INCOME
T0452,I,O
T0452,belong,O
T0452,to,O
T0452,General,B-CASTE_CATEGORY
T0452,category,O
T0452,from,O
T0452,Maharashtra,B-STATE
T0452,Age,O
T0452,is,O
T0452,48,B-AGE
T0452,profession,O
T0452,is,O
T0452,artisan,B-OCCUPATION
T0452,income,O
T0452,around,O
T0452,200000,B-ANNUAL_INCOME
T0453,Mera,O
T0453,naam,O
T0453,Ramesh,O
T0453,hai,O
T0453,main,O
T0453,West,B-STATE
T0453,Bengal,I-STATE
T0453,ka,O
T0453,rehne,O
T0453,wala,O
T0453,hu,O
T0453,Main,O
T0453,OBC,B-CASTE_CATEGORY
T0453,category,O
T0453,se,O
T0453,ek,O
T0453,purush,B-GENDER
T0453,hu,O
T0453,aur,O
T0453,berojgar,B-OCCUPATION
T0453,hu,O
T0453,Aamdani,O
T0453,120000,B-ANNUAL_INCOME
T0453,per,O
T0453,year,O
T0453,hai,O
T0454,I,O
T0454,am,O
T0454,a,O
T0454,53,B-AGE
T0454,year,O
T0454,old,O
T0454,male,B-GENDER
T0454,artisan,B-OCCUPATION
T0454,living,O
T0454,in,O
T0454,Bihar,B-STATE
T0454,My,O
T0454,annual,O
T0454,household,O
T0454,income,O
T0454,is,O
T0454,200000,B-ANNUAL_INCOME
T0454,rupees,O
T0455,I,O
T0455,belong,O
T0455,to,O
T0455,OBC,B-CASTE_CATEGORY
T0455,category,O
T0455,from,O
T0455,Karnataka,B-STATE
T0455,Age,O
T0455,is,O
T0455,63,B-AGE
T0455,profession,O
T0455,is,O
T0455,artisan,B-OCCUPATION
T0455,income,O
T0455,around,O
T0455,80000,B-ANNUAL_INCOME
T0456,I,O
T0456,belong,O
T0456,to,O
T0456,OBC,B-CASTE_CATEGORY
T0456,category,O
T0456,from,O
T0456,Madhya,B-STATE
T0456,Pradesh,I-STATE
T0456,Age,O
T0456,is,O
T0456,42,B-AGE
T0456,profession,O
T0456,is,O
T0456,weaver,B-OCCUPATION
T0456,income,O
T0456,around,O
T0456,80000,B-ANNUAL_INCOME
T0457,I,O
T0457,belong,O
T0457,to,O
T0457,General,B-CASTE_CATEGORY
T0457,category,O
T0457,from,O
T0457,Tamil,B-STATE
T0457,Nadu,I-STATE
T0457,Age,O
T0457,is,O
T0457,27,B-AGE
T0457,profession,O
T0457,is,O
T0457,kisan,B-OCCUPATION
T0457,income,O
T0457,around,O
T0457,120000,B-ANNUAL_INCOME
T0458,I,O
T0458,am,O
T0458,a,O
T0458,52,B-AGE
T0458,year,O
T0458,old,O
T0458,female,B-GENDER
T0458,mazdoor,B-OCCUPATION
T0458,living,O
T0458,in,O
T0458,Uttar,B-STATE
T0458,Pradesh,I-STATE
T0458,My,O
T0458,annual,O
T0458,household,O
T0458,income,O
T0458,is,O
T0458,200000,B-ANNUAL_INCOME
T0458,rupees,O
T0459,Hi,O
T0459,I,O
T0459,am,O
T0459,20,B-AGE
T0459,years,O
T0459,old,O
T0459,student,B-OCCUPATION
T0459,from,O
T0459,Madhya,B-STATE
T0459,Pradesh,I-STATE
T0459,My,O
T0459,family,O
T0459,income,O
T0459,is,O
T0459,45000,B-ANNUAL_INCOME
T0459,and,O
T0459,I,O
T0459,am,O
T0459,differently,B-DISABILITY
T0459,abled,I-DISABILITY
T0460,Mera,O
T0460,naam,O
T0460,Ramesh,O
T0460,hai,O
T0460,main,O
T0460,Madhya,B-STATE
T0460,Pradesh,I-STATE
T0460,ka,O
T0460,rehne,O
T0460,wala,O
T0460,hu,O
T0460,Main,O
T0460,SC,B-CASTE_CATEGORY
T0460,category,O
T0460,se,O
T0460,ek,O
T0460,mahila,B-GENDER
T0460,hu,O
T0460,aur,O
T0460,berojgar,B-OCCUPATION
T0460,hu,O
T0460,Aamdani,O
T0460,120000,B-ANNUAL_INCOME
T0460,per,O
T0460,year,O
T0460,hai,O
T0461,Main,O
T0461,Madhya,B-STATE
T0461,Pradesh,I-STATE
T0461,se,O
T0461,ek,O
T0461,street,B-OCCUPATION
T0461,vendor,I-OCCUPATION
T0461,hu,O
T0461,meri,O
T0461,umar,O
T0461,58,B-AGE
T0461,saal,O
T0461,hai,O
T0461,aur,O
T0461,saalana,O
T0461,kamai,O
T0461,350000,B-ANNUAL_INCOME
T0461,rupe,O
T0461,hai,O
T0462,Hi,O
T0462,I,O
T0462,am,O
T0462,44,B-AGE
T0462,years,O
T0462,old,O
T0462,student,O
T0462,from,O
T0462,West,B-STATE
T0462,Bengal,I-STATE
T0462,My,O
T0462,family,O
T0462,income,O
T0462,is,O
T0462,200000,B-ANNUAL_INCOME
T0462,and,O
T0462,I,O
T0462,am,O
T0462,differently,B-DISABILITY
T0462,abled,I-DISABILITY
T0463,I,O
T0463,belong,O
T0463,to,O
T0463,ST,B-CASTE_CATEGORY
T0463,category,O
T0463,from,O
T0463,Rajasthan,B-STATE
T0463,Age,O
T0463,is,O
T0463,33,B-AGE
T0463,profession,O
T0463,is,O
T0463,bunkar,B-OCCUPATION
T0463,income,O
T0463,around,O
T0463,120000,B-ANNUAL_INCOME
T0464,Mera,O
T0464,naam,O
T0464,Ramesh,O
T0464,hai,O
T0464,main,O
T0464,West,B-STATE
T0464,Bengal,I-STATE
T0464,ka,O
T0464,rehne,O
T0464,wala,O
T0464,hu,O
T0464,Main,O
T0464,OBC,B-CASTE_CATEGORY
T0464,category,O
T0464,se,O
T0464,ek,O
T0464,mahila,B-GENDER
T0464,hu,O
T0464,aur,O
T0464,weaver,B-OCCUPATION
T0464,hu,O
T0464,Aamdani,O
T0464,200000,B-ANNUAL_INCOME
T0464,per,O
T0464,year,O
T0464,hai,O
T0465,Mera,O
T0465,naam,O
T0465,Ramesh,O
T0465,hai,O
T0465,main,O
T0465,Karnataka,B-STATE
T0465,ka,O
T0465,rehne,O
T0465,wala,O
T0465,hu,O
T0465,Main,O
T0465,General,B-CASTE_CATEGORY
T0465,category,O
T0465,se,O
T0465,ek,O
T0465,purush,B-GENDER
T0465,hu,O
T0465,aur,O
T0465,weaver,B-OCCUPATION
T0465,hu,O
T0465,Aamdani,O
T0465,120000,B-ANNUAL_INCOME
T0465,per,O
T0465,year,O
T0465,hai,O
T0466,Main,O
T0466,Maharashtra,B-STATE
T0466,se,O
T0466,ek,O
T0466,labour,B-OCCUPATION
T0466,hu,O
T0466,meri,O
T0466,umar,O
T0466,54,B-AGE
T0466,saal,O
T0466,hai,O
T0466,aur,O
T0466,saalana,O
T0466,kamai,O
T0466,45000,B-ANNUAL_INCOME
T0466,rupe,O
T0466,hai,O
T0467,I,O
T0467,belong,O
T0467,to,O
T0467,General,B-CASTE_CATEGORY
T0467,category,O
T0467,from,O
T0467,Rajasthan,B-STATE
T0467,Age,O
T0467,is,O
T0467,55,B-AGE
T0467,profession,O
T0467,is,O
T0467,bunkar,B-OCCUPATION
T0467,income,O
T0467,around,O
T0467,80000,B-ANNUAL_INCOME
T0468,Mera,O
T0468,naam,O
T0468,Ramesh,O
T0468,hai,O
T0468,main,O
T0468,Uttar,B-STATE
T0468,Pradesh,I-STATE
T0468,ka,O
T0468,rehne,O
T0468,wala,O
T0468,hu,O
T0468,Main,O
T0468,SC,B-CASTE_CATEGORY
T0468,category,O
T0468,se,O
T0468,ek,O
T0468,purush,B-GENDER
T0468,hu,O
T0468,aur,O
T0468,bunkar,B-OCCUPATION
T0468,hu,O
T0468,Aamdani,O
T0468,120000,B-ANNUAL_INCOME
T0468,per,O
T0468,year,O
T0468,hai,O
T0469,Namaste,O
T0469,main,O
T0469,61,B-AGE
T0469,varsh,O
T0469,ka,O
T0469,kisan,B-OCCUPATION
T0469,hu,O
T0469,Bihar,B-STATE
T0469,se,O
T0469,Meri,O
T0469,income,O
T0469,200000,B-ANNUAL_INCOME
T0469,rupaye,O
T0469,hai,O
T0469,aur,O
T0469,main,O
T0469,ST,B-CASTE_CATEGORY
T0469,varg,O
T0469,se,O
T0469,hoon,O
T0469,Main,O
T0469,divyang,B-DISABILITY
T0469,hu,O
T0470,Main,O
T0470,Tamil,B-STATE
T0470,Nadu,I-STATE
T0470,se,O
T0470,ek,O
T0470,daily,B-OCCUPATION
T0470,wage,I-OCCUPATION
T0470,worker,I-OCCUPATION
T0470,hu,O
T0470,meri,O
T0470,umar,O
T0470,31,B-AGE
T0470,saal,O
T0470,hai,O
T0470,aur,O
T0470,saalana,O
T0470,kamai,O
T0470,120000,B-ANNUAL_INCOME
T0470,rupe,O
T0470,hai,O
T0471,Hi,O
T0471,I,O
T0471,am,O
T0471,22,B-AGE
T0471,years,O
T0471,old,O
T0471,student,O
T0471,from,O
T0471,Bihar,B-STATE
T0471,My,O
T0471,family,O
T0471,income,O
T0471,is,O
T0471,80000,B-ANNUAL_INCOME
T0471,and,O
T0471,I,O
T0471,am,O
T0471,differently,B-DISABILITY
T0471,abled,I-DISABILITY
T0472,I,O
T0472,belong,O
T0472,to,O
T0472,OBC,B-CASTE_CATEGORY
T0472,category,O
T0472,from,O
T0472,Uttar,B-STATE
T0472,Pradesh,I-STATE
T0472,Age,O
T0472,is,O
T0472,46,B-AGE
T0472,profession,O
T0472,is,O
T0472,unemployed,B-OCCUPATION
T0472,income,O
T0472,around,O
T0472,120000,B-ANNUAL_INCOME
T0473,Hi,O
T0473,I,O
T0473,am,O
T0473,62,B-AGE
T0473,years,O
T0473,old,O
T0473,student,O
T0473,from,O
T0473,West,B-STATE
T0473,Bengal,I-STATE
T0473,My,O
T0473,family,O
T0473,income,O
T0473,is,O
T0473,200000,B-ANNUAL_INCOME
T0473,and,O
T0473,I,O
T0473,am,O
T0473,differently,B-DISABILITY
T0473,abled,I-DISABILITY
T0474,Mera,O
T0474,naam,O
T0474,Ramesh,O
T0474,hai,O
T0474,main,O
T0474,Madhya,B-STATE
T0474,Pradesh,I-STATE
T0474,ka,O
T0474,rehne,O
T0474,wala,O
T0474,hu,O
T0474,Main,O
T0474,OBC,B-CASTE_CATEGORY
T0474,category,O
T0474,se,O
T0474,ek,O
T0474,purush,B-GENDER
T0474,hu,O
T0474,aur,O
T0474,berojgar,B-OCCUPATION
T0474,hu,O
T0474,Aamdani,O
T0474,600000,B-ANNUAL_INCOME
T0474,per,O
T0474,year,O
T0474,hai,O
T0475,Mera,O
T0475,naam,O
T0475,Ramesh,O
T0475,hai,O
T0475,main,O
T0475,Tamil,B-STATE
T0475,Nadu,I-STATE
T0475,ka,O
T0475,rehne,O
T0475,wala,O
T0475,hu,O
T0475,Main,O
T0475,SC,B-CASTE_CATEGORY
T0475,category,O
T0475,se,O
T0475,ek,O
T0475,mahila,B-GENDER
T0475,hu,O
T0475,aur,O
T0475,weaver,B-OCCUPATION
T0475,hu,O
T0475,Aamdani,O
T0475,45000,B-ANNUAL_INCOME
T0475,per,O
T0475,year,O
T0475,hai,O
T0476,Main,O
T0476,Tamil,B-STATE
T0476,Nadu,I-STATE
T0476,se,O
T0476,ek,O
T0476,berojgar,B-OCCUPATION
T0476,hu,O
T0476,meri,O
T0476,umar,O
T0476,57,B-AGE
T0476,saal,O
T0476,hai,O
T0476,aur,O
T0476,saalana,O
T0476,kamai,O
T0476,0,B-ANNUAL_INCOME
T0476,rupe,O
T0476,hai,O
T0477,Hi,O
T0477,I,O
T0477,am,O
T0477,18,B-AGE
T0477,years,O
T0477,old,O
T0477,student,O
T0477,from,O
T0477,Madhya,B-STATE
T0477,Pradesh,I-STATE
T0477,My,O
T0477,family,O
T0477,income,O
T0477,is,O
T0477,120000,B-ANNUAL_INCOME
T0477,and,O
T0477,I,O
T0477,am,O
T0477,differently,B-DISABILITY
T0477,abled,I-DISABILITY
T0478,Mera,O
T0478,naam,O
T0478,Ramesh,O
T0478,hai,O
T0478,main,O
T0478,Madhya,B-STATE
T0478,Pradesh,I-STATE
T0478,ka,O
T0478,rehne,O
T0478,wala,O
T0478,hu,O
T0478,Main,O
T0478,General,B-CASTE_CATEGORY
T0478,category,O
T0478,se,O
T0478,ek,O
T0478,purush,B-GENDER
T0478,hu,O
T0478,aur,O
T0478,student,B-OCCUPATION
T0478,hu,O
T0478,Aamdani,O
T0478,200000,B-ANNUAL_INCOME
T0478,per,O
T0478,year,O
T0478,hai,O
T0479,Mera,O
T0479,naam,O
T0479,Ramesh,O
T0479,hai,O
T0479,main,O
T0479,Karnataka,B-STATE
T0479,ka,O
T0479,rehne,O
T0479,wala,O
T0479,hu,O
T0479,Main,O
T0479,General,B-CASTE_CATEGORY
T0479,category,O
T0479,se,O
T0479,ek,O
T0479,mahila,B-GENDER
T0479,hu,O
T0479,aur,O
T0479,daily,B-OCCUPATION
T0479,wage,I-OCCUPATION
T0479,worker,I-OCCUPATION
T0479,hu,O
T0479,Aamdani,O
T0479,45000,B-ANNUAL_INCOME
T0479,per,O
T0479,year,O
T0479,hai,O
T0480,Hi,O
T0480,I,O
T0480,am,O
T0480,22,B-AGE
T0480,years,O
T0480,old,O
T0480,student,O
T0480,from,O
T0480,Uttar,B-STATE
T0480,Pradesh,I-STATE
T0480,My,O
T0480,family,O
T0480,income,O
T0480,is,O
T0480,80000,B-ANNUAL_INCOME
T0480,and,O
T0480,I,O
T0480,am,O
T0480,differently,B-DISABILITY
T0480,abled,I-DISABILITY
T0481,I,O
T0481,am,O
T0481,a,O
T0481,25,B-AGE
T0481,year,O
T0481,old,O
T0481,female,B-GENDER
T0481,farmer,B-OCCUPATION
T0481,living,O
T0481,in,O
T0481,Uttar,B-STATE
T0481,Pradesh,I-STATE
T0481,My,O
T0481,annual,O
T0481,household,O
T0481,income,O
T0481,is,O
T0481,200000,B-ANNUAL_INCOME
T0481,rupees,O
T0482,I,O
T0482,belong,O
T0482,to,O
T0482,OBC,B-CASTE_CATEGORY
T0482,category,O
T0482,from,O
T0482,Karnataka,B-STATE
T0482,Age,O
T0482,is,O
T0482,21,B-AGE
T0482,profession,O
T0482,is,O
T0482,street,B-OCCUPATION
T0482,vendor,I-OCCUPATION
T0482,income,O
T0482,around,O
T0482,0,B-ANNUAL_INCOME
T0483,I,O
T0483,am,O
T0483,a,O
T0483,60,B-AGE
T0483,year,O
T0483,old,O
T0483,female,B-GENDER
T0483,bunkar,B-OCCUPATION
T0483,living,O
T0483,in,O
T0483,Karnataka,B-STATE
T0483,My,O
T0483,annual,O
T0483,household,O
T0483,income,O
T0483,is,O
T0483,600000,B-ANNUAL_INCOME
T0483,rupees,O
T0484,Hi,O
T0484,I,O
T0484,am,O
T0484,37,B-AGE
T0484,years,O
T0484,old,O
T0484,student,O
T0484,from,O
T0484,Madhya,B-STATE
T0484,Pradesh,I-STATE
T0484,My,O
T0484,family,O
T0484,income,O
T0484,is,O
T0484,600000,B-ANNUAL_INCOME
T0484,and,O
T0484,I,O
T0484,am,O
T0484,differently,B-DISABILITY
T0484,abled,I-DISABILITY
T0485,I,O
T0485,am,O
T0485,a,O
T0485,54,B-AGE
T0485,year,O
T0485,old,O
T0485,male,B-GENDER
T0485,bunkar,B-OCCUPATION
T0485,living,O
T0485,in,O
T0485,Rajasthan,B-STATE
T0485,My,O
T0485,annual,O
T0485,household,O
T0485,income,O
T0485,is,O
T0485,200000,B-ANNUAL_INCOME
T0485,rupees,O
T0486,Namaste,O
T0486,main,O
T0486,47,B-AGE
T0486,varsh,O
T0486,ka,O
T0486,weaver,B-OCCUPATION
T0486,hu,O
T0486,Tamil,B-STATE
T0486,Nadu,I-STATE
T0486,se,O
T0486,Meri,O
T0486,income,O
T0486,600000,B-ANNUAL_INCOME
T0486,rupaye,O
T0486,hai,O
T0486,aur,O
T0486,main,O
T0486,ST,B-CASTE_CATEGORY
T0486,varg,O
T0486,se,O
T0486,hoon,O
T0486,Main,O
T0486,divyang,B-DISABILITY
T0486,hu,O
T0487,Main,O
T0487,Karnataka,B-STATE
T0487,se,O
T0487,ek,O
T0487,street,B-OCCUPATION
T0487,vendor,I-OCCUPATION
T0487,hu,O
T0487,meri,O
T0487,umar,O
T0487,56,B-AGE
T0487,saal,O
T0487,hai,O
T0487,aur,O
T0487,saalana,O
T0487,kamai,O
T0487,600000,B-ANNUAL_INCOME
T0487,rupe,O
T0487,hai,O
T0488,Main,O
T0488,West,B-STATE
T0488,Bengal,I-STATE
T0488,se,O
T0488,ek,O
T0488,rehri,B-OCCUPATION
T0488,wala,I-OCCUPATION
T0488,hu,O
T0488,meri,O
T0488,umar,O
T0488,28,B-AGE
T0488,saal,O
T0488,hai,O
T0488,aur,O
T0488,saalana,O
T0488,kamai,O
T0488,350000,B-ANNUAL_INCOME
T0488,rupe,O
T0488,hai,O
T0489,Main,O
T0489,Karnataka,B-STATE
T0489,se,O
T0489,ek,O
T0489,labour,B-OCCUPATION
T0489,hu,O
T0489,meri,O
T0489,umar,O
T0489,56,B-AGE
T0489,saal,O
T0489,hai,O
T0489,aur,O
T0489,saalana,O
T0489,kamai,O
T0489,80000,B-ANNUAL_INCOME
T0489,rupe,O
T0489,hai,O
T0490,Mera,O
T0490,naam,O
T0490,Ramesh,O
T0490,hai,O
T0490,main,O
T0490,Karnataka,B-STATE
T0490,ka,O
T0490,rehne,O
T0490,wala,O
T0490,hu,O
T0490,Main,O
T0490,OBC,B-CASTE_CATEGORY
T0490,category,O
T0490,se,O
T0490,ek,O
T0490,purush,B-GENDER
T0490,hu,O
T0490,aur,O
T0490,daily,B-OCCUPATION
T0490,wage,I-OCCUPATION
T0490,worker,I-OCCUPATION
T0490,hu,O
T0490,Aamdani,O
T0490,45000,B-ANNUAL_INCOME
T0490,per,O
T0490,year,O
T0490,hai,O
T0491,Hi,O
T0491,I,O
T0491,am,O
T0491,23,B-AGE
T0491,years,O
T0491,old,O
T0491,student,B-OCCUPATION
T0491,from,O
T0491,Uttar,B-STATE
T0491,Pradesh,I-STATE
T0491,My,O
T0491,family,O
T0491,income,O
T0491,is,O
T0491,200000,B-ANNUAL_INCOME
T0491,and,O
T0491,I,O
T0491,am,O
T0491,differently,B-DISABILITY
T0491,abled,I-DISABILITY
T0492,Main,O
T0492,Bihar,B-STATE
T0492,se,O
T0492,ek,O
T0492,mazdoor,B-OCCUPATION
T0492,hu,O
T0492,meri,O
T0492,umar,O
T0492,31,B-AGE
T0492,saal,O
T0492,hai,O
T0492,aur,O
T0492,saalana,O
T0492,kamai,O
T0492,200000,B-ANNUAL_INCOME
T0492,rupe,O
T0492,hai,O
T0493,Mera,O
T0493,naam,O
T0493,Ramesh,O
T0493,hai,O
T0493,main,O
T0493,Maharashtra,B-STATE
T0493,ka,O
T0493,rehne,O
T0493,wala,O
T0493,hu,O
T0493,Main,O
T0493,ST,B-CASTE_CATEGORY
T0493,category,O
T0493,se,O
T0493,ek,O
T0493,mahila,B-GENDER
T0493,hu,O
T0493,aur,O
T0493,berojgar,B-OCCUPATION
T0493,hu,O
T0493,Aamdani,O
T0493,350000,B-ANNUAL_INCOME
T0493,per,O
T0493,year,O
T0493,hai,O
T0494,Namaste,O
T0494,main,O
T0494,18,B-AGE
T0494,varsh,O
T0494,ka,O
T0494,rehri,B-OCCUPATION
T0494,wala,I-OCCUPATION
T0494,hu,O
T0494,Rajasthan,B-STATE
T0494,se,O
T0494,Meri,O
T0494,income,O
T0494,120000,B-ANNUAL_INCOME
T0494,rupaye,O
T0494,hai,O
T0494,aur,O
T0494,main,O
T0494,General,B-CASTE_CATEGORY
T0494,varg,O
T0494,se,O
T0494,hoon,O
T0494,Main,O
T0494,divyang,B-DISABILITY
T0494,hu,O
T0495,Mera,O
T0495,naam,O
T0495,Ramesh,O
T0495,hai,O
T0495,main,O
T0495,West,B-STATE
T0495,Bengal,I-STATE
T0495,ka,O
T0495,rehne,O
T0495,wala,O
T0495,hu,O
T0495,Main,O
T0495,SC,B-CASTE_CATEGORY
T0495,category,O
T0495,se,O
T0495,ek,O
T0495,mahila,B-GENDER
T0495,hu,O
T0495,aur,O
T0495,farmer,B-OCCUPATION
T0495,hu,O
T0495,Aamdani,O
T0495,80000,B-ANNUAL_INCOME
T0495,per,O
T0495,year,O
T0495,hai,O
T0496,I,O
T0496,belong,O
T0496,to,O
T0496,ST,B-CASTE_CATEGORY
T0496,category,O
T0496,from,O
T0496,Rajasthan,B-STATE
T0496,Age,O
T0496,is,O
T0496,39,B-AGE
T0496,profession,O
T0496,is,O
T0496,daily,B-OCCUPATION
T0496,wage,I-OCCUPATION
T0496,worker,I-OCCUPATION
T0496,income,O
T0496,around,O
T0496,120000,B-ANNUAL_INCOME
T0497,Namaste,O
T0497,main,O
T0497,46,B-AGE
T0497,varsh,O
T0497,ka,O
T0497,daily,B-OCCUPATION
T0497,wage,I-OCCUPATION
T0497,worker,I-OCCUPATION
T0497,hu,O
T0497,West,B-STATE
T0497,Bengal,I-STATE
T0497,se,O
T0497,Meri,O
T0497,income,O
T0497,350000,B-ANNUAL_INCOME
T0497,rupaye,O
T0497,hai,O
T0497,aur,O
T0497,main,O
T0497,General,B-CASTE_CATEGORY
T0497,varg,O
T0497,se,O
T0497,hoon,O
T0497,Main,O
T0497,divyang,B-DISABILITY
T0497,hu,O
T0498,Hi,O
T0498,I,O
T0498,am,O
T0498,39,B-AGE
T0498,years,O
T0498,old,O
T0498,student,O
T0498,from,O
T0498,Rajasthan,B-STATE
T0498,My,O
T0498,family,O
T0498,income,O
T0498,is,O
T0498,600000,B-ANNUAL_INCOME
T0498,and,O
T0498,I,O
T0498,am,O
T0498,differently,B-DISABILITY
T0498,abled,I-DISABILITY
T0499,Namaste,O
T0499,main,O
T0499,49,B-AGE
T0499,varsh,O
T0499,ka,O
T0499,artisan,B-OCCUPATION
T0499,hu,O
T0499,Maharashtra,B-STATE
T0499,se,O
T0499,Meri,O
T0499,income,O
T0499,200000,B-ANNUAL_INCOME
T0499,rupaye,O
T0499,hai,O
T0499,aur,O
T0499,main,O
T0499,SC,B-CASTE_CATEGORY
T0499,varg,O
T0499,se,O
T0499,hoon,O
T0499,Main,O
T0499,divyang,B-DISABILITY
T0499,hu,O
T0500,I,O
T0500,belong,O
T0500,to,O
T0500,SC,B-CASTE_CATEGORY
T0500,category,O
T0500,from,O
T0500,Madhya,B-STATE
T0500,Pradesh,I-STATE
T0500,Age,O
T0500,is,O
T0500,29,B-AGE
T0500,profession,O
T0500,is,O
T0500,artisan,B-OCCUPATION
T0500,income,O
T0500,around,O
T0500,200000,B-ANNUAL_INCOME
T0501,Main,O
T0501,Maharashtra,B-STATE
T0501,se,O
T0501,ek,O
T0501,bunkar,B-OCCUPATION
T0501,hu,O
T0501,meri,O
T0501,umar,O
T0501,37,B-AGE
T0501,saal,O
T0501,hai,O
T0501,aur,O
T0501,saalana,O
T0501,kamai,O
T0501,45000,B-ANNUAL_INCOME
T0501,rupe,O
T0501,hai,O
T0502,Main,O
T0502,Rajasthan,B-STATE
T0502,se,O
T0502,ek,O
T0502,street,B-OCCUPATION
T0502,vendor,I-OCCUPATION
T0502,hu,O
T0502,meri,O
T0502,umar,O
T0502,29,B-AGE
T0502,saal,O
T0502,hai,O
T0502,aur,O
T0502,saalana,O
T0502,kamai,O
T0502,350000,B-ANNUAL_INCOME
T0502,rupe,O
T0502,hai,O
T0503,I,O
T0503,belong,O
T0503,to,O
T0503,OBC,B-CASTE_CATEGORY
T0503,category,O
T0503,from,O
T0503,Madhya,B-STATE
T0503,Pradesh,I-STATE
T0503,Age,O
T0503,is,O
T0503,37,B-AGE
T0503,profession,O
T0503,is,O
T0503,labour,B-OCCUPATION
T0503,income,O
T0503,around,O
T0503,350000,B-ANNUAL_INCOME
T0504,Hi,O
T0504,I,O
T0504,am,O
T0504,41,B-AGE
T0504,years,O
T0504,old,O
T0504,student,O
T0504,from,O
T0504,Rajasthan,B-STATE
T0504,My,O
T0504,family,O
T0504,income,O
T0504,is,O
T0504,0,B-ANNUAL_INCOME
T0504,and,O
T0504,I,O
T0504,am,O
T0504,differently,B-DISABILITY
T0504,abled,I-DISABILITY
T0505,Mera,O
T0505,naam,O
T0505,Ramesh,O
T0505,hai,O
T0505,main,O
T0505,Madhya,B-STATE
T0505,Pradesh,I-STATE
T0505,ka,O
T0505,rehne,O
T0505,wala,O
T0505,hu,O
T0505,Main,O
T0505,OBC,B-CASTE_CATEGORY
T0505,category,O
T0505,se,O
T0505,ek,O
T0505,mahila,B-GENDER
T0505,hu,O
T0505,aur,O
T0505,street,B-OCCUPATION
T0505,vendor,I-OCCUPATION
T0505,hu,O
T0505,Aamdani,O
T0505,350000,B-ANNUAL_INCOME
T0505,per,O
T0505,year,O
T0505,hai,O
T0506,Namaste,O
T0506,main,O
T0506,50,B-AGE
T0506,varsh,O
T0506,ka,O
T0506,weaver,B-OCCUPATION
T0506,hu,O
T0506,Maharashtra,B-STATE
T0506,se,O
T0506,Meri,O
T0506,income,O
T0506,80000,B-ANNUAL_INCOME
T0506,rupaye,O
T0506,hai,O
T0506,aur,O
T0506,main,O
T0506,General,B-CASTE_CATEGORY
T0506,varg,O
T0506,se,O
T0506,hoon,O
T0506,Main,O
T0506,divyang,B-DISABILITY
T0506,hu,O
T0507,Namaste,O
T0507,main,O
T0507,45,B-AGE
T0507,varsh,O
T0507,ka,O
T0507,berojgar,B-OCCUPATION
T0507,hu,O
T0507,Uttar,B-STATE
T0507,Pradesh,I-STATE
T0507,se,O
T0507,Meri,O
T0507,income,O
T0507,200000,B-ANNUAL_INCOME
T0507,rupaye,O
T0507,hai,O
T0507,aur,O
T0507,main,O
T0507,ST,B-CASTE_CATEGORY
T0507,varg,O
T0507,se,O
T0507,hoon,O
T0507,Main,O
T0507,divyang,B-DISABILITY
T0507,hu,O
T0508,I,O
T0508,belong,O
T0508,to,O
T0508,OBC,B-CASTE_CATEGORY
T0508,category,O
T0508,from,O
T0508,Rajasthan,B-STATE
T0508,Age,O
T0508,is,O
T0508,42,B-AGE
T0508,profession,O
T0508,is,O
T0508,kisan,B-OCCUPATION
T0508,income,O
T0508,around,O
T0508,120000,B-ANNUAL_INCOME
T0509,Main,O
T0509,Karnataka,B-STATE
T0509,se,O
T0509,ek,O
T0509,labour,B-OCCUPATION
T0509,hu,O
T0509,meri,O
T0509,umar,O
T0509,23,B-AGE
T0509,saal,O
T0509,hai,O
T0509,aur,O
T0509,saalana,O
T0509,kamai,O
T0509,350000,B-ANNUAL_INCOME
T0509,rupe,O
T0509,hai,O
T0510,Hi,O
T0510,I,O
T0510,am,O
T0510,32,B-AGE
T0510,years,O
T0510,old,O
T0510,student,O
T0510,from,O
T0510,Rajasthan,B-STATE
T0510,My,O
T0510,family,O
T0510,income,O
T0510,is,O
T0510,45000,B-ANNUAL_INCOME
T0510,and,O
T0510,I,O
T0510,am,O
T0510,differently,B-DISABILITY
T0510,abled,I-DISABILITY
T0511,Namaste,O
T0511,main,O
T0511,62,B-AGE
T0511,varsh,O
T0511,ka,O
T0511,berojgar,B-OCCUPATION
T0511,hu,O
T0511,Madhya,B-STATE
T0511,Pradesh,I-STATE
T0511,se,O
T0511,Meri,O
T0511,income,O
T0511,45000,B-ANNUAL_INCOME
T0511,rupaye,O
T0511,hai,O
T0511,aur,O
T0511,main,O
T0511,General,B-CASTE_CATEGORY
T0511,varg,O
T0511,se,O
T0511,hoon,O
T0511,Main,O
T0511,divyang,B-DISABILITY
T0511,hu,O
T0512,I,O
T0512,am,O
T0512,a,O
T0512,42,B-AGE
T0512,year,O
T0512,old,O
T0512,male,B-GENDER
T0512,berojgar,B-OCCUPATION
T0512,living,O
T0512,in,O
T0512,Uttar,B-STATE
T0512,Pradesh,I-STATE
T0512,My,O
T0512,annual,O
T0512,household,O
T0512,income,O
T0512,is,O
T0512,45000,B-ANNUAL_INCOME
T0512,rupees,O
T0513,I,O
T0513,am,O
T0513,a,O
T0513,34,B-AGE
T0513,year,O
T0513,old,O
T0513,female,B-GENDER
T0513,artisan,B-OCCUPATION
T0513,living,O
T0513,in,O
T0513,Rajasthan,B-STATE
T0513,My,O
T0513,annual,O
T0513,household,O
T0513,income,O
T0513,is,O
T0513,600000,B-ANNUAL_INCOME
T0513,rupees,O
T0514,Hi,O
T0514,I,O
T0514,am,O
T0514,53,B-AGE
T0514,years,O
T0514,old,O
T0514,student,O
T0514,from,O
T0514,Tamil,B-STATE
T0514,Nadu,I-STATE
T0514,My,O
T0514,family,O
T0514,income,O
T0514,is,O
T0514,45000,B-ANNUAL_INCOME
T0514,and,O
T0514,I,O
T0514,am,O
T0514,differently,B-DISABILITY
T0514,abled,I-DISABILITY
T0515,I,O
T0515,belong,O
T0515,to,O
T0515,ST,B-CASTE_CATEGORY
T0515,category,O
T0515,from,O
T0515,Karnataka,B-STATE
T0515,Age,O
T0515,is,O
T0515,47,B-AGE
T0515,profession,O
T0515,is,O
T0515,unemployed,B-OCCUPATION
T0515,income,O
T0515,around,O
T0515,45000,B-ANNUAL_INCOME
T0516,I,O
T0516,belong,O
T0516,to,O
T0516,ST,B-CASTE_CATEGORY
T0516,category,O
T0516,from,O
T0516,Rajasthan,B-STATE
T0516,Age,O
T0516,is,O
T0516,18,B-AGE
T0516,profession,O
T0516,is,O
T0516,chhatra,B-OCCUPATION
T0516,income,O
T0516,around,O
T0516,80000,B-ANNUAL_INCOME
T0517,Namaste,O
T0517,main,O
T0517,26,B-AGE
T0517,varsh,O
T0517,ka,O
T0517,student,B-OCCUPATION
T0517,hu,O
T0517,Karnataka,B-STATE
T0517,se,O
T0517,Meri,O
T0517,income,O
T0517,600000,B-ANNUAL_INCOME
T0517,rupaye,O
T0517,hai,O
T0517,aur,O
T0517,main,O
T0517,OBC,B-CASTE_CATEGORY
T0517,varg,O
T0517,se,O
T0517,hoon,O
T0517,Main,O
T0517,divyang,B-DISABILITY
T0517,hu,O
T0518,I,O
T0518,am,O
T0518,a,O
T0518,30,B-AGE
T0518,year,O
T0518,old,O
T0518,female,B-GENDER
T0518,chhatra,B-OCCUPATION
T0518,living,O
T0518,in,O
T0518,Rajasthan,B-STATE
T0518,My,O
T0518,annual,O
T0518,household,O
T0518,income,O
T0518,is,O
T0518,120000,B-ANNUAL_INCOME
T0518,rupees,O
T0519,I,O
T0519,belong,O
T0519,to,O
T0519,ST,B-CASTE_CATEGORY
T0519,category,O
T0519,from,O
T0519,Tamil,B-STATE
T0519,Nadu,I-STATE
T0519,Age,O
T0519,is,O
T0519,46,B-AGE
T0519,profession,O
T0519,is,O
T0519,weaver,B-OCCUPATION
T0519,income,O
T0519,around,O
T0519,350000,B-ANNUAL_INCOME
T0520,I,O
T0520,am,O
T0520,a,O
T0520,49,B-AGE
T0520,year,O
T0520,old,O
T0520,male,B-GENDER
T0520,farmer,B-OCCUPATION
T0520,living,O
T0520,in,O
T0520,Rajasthan,B-STATE
T0520,My,O
T0520,annual,O
T0520,household,O
T0520,income,O
T0520,is,O
T0520,0,B-ANNUAL_INCOME
T0520,rupees,O
T0521,I,O
T0521,am,O
T0521,a,O
T0521,48,B-AGE
T0521,year,O
T0521,old,O
T0521,female,B-GENDER
T0521,bunkar,B-OCCUPATION
T0521,living,O
T0521,in,O
T0521,Karnataka,B-STATE
T0521,My,O
T0521,annual,O
T0521,household,O
T0521,income,O
T0521,is,O
T0521,120000,B-ANNUAL_INCOME
T0521,rupees,O
T0522,I,O
T0522,belong,O
T0522,to,O
T0522,General,B-CASTE_CATEGORY
T0522,category,O
T0522,from,O
T0522,West,B-STATE
T0522,Bengal,I-STATE
T0522,Age,O
T0522,is,O
T0522,44,B-AGE
T0522,profession,O
T0522,is,O
T0522,farmer,B-OCCUPATION
T0522,income,O
T0522,around,O
T0522,200000,B-ANNUAL_INCOME
T0523,Main,O
T0523,Rajasthan,B-STATE
T0523,se,O
T0523,ek,O
T0523,street,B-OCCUPATION
T0523,vendor,I-OCCUPATION
T0523,hu,O
T0523,meri,O
T0523,umar,O
T0523,20,B-AGE
T0523,saal,O
T0523,hai,O
T0523,aur,O
T0523,saalana,O
T0523,kamai,O
T0523,600000,B-ANNUAL_INCOME
T0523,rupe,O
T0523,hai,O
T0524,Main,O
T0524,Tamil,B-STATE
T0524,Nadu,I-STATE
T0524,se,O
T0524,ek,O
T0524,mazdoor,B-OCCUPATION
T0524,hu,O
T0524,meri,O
T0524,umar,O
T0524,57,B-AGE
T0524,saal,O
T0524,hai,O
T0524,aur,O
T0524,saalana,O
T0524,kamai,O
T0524,0,B-ANNUAL_INCOME
T0524,rupe,O
T0524,hai,O
T0525,Namaste,O
T0525,main,O
T0525,37,B-AGE
T0525,varsh,O
T0525,ka,O
T0525,berojgar,B-OCCUPATION
T0525,hu,O
T0525,Tamil,B-STATE
T0525,Nadu,I-STATE
T0525,se,O
T0525,Meri,O
T0525,income,O
T0525,200000,B-ANNUAL_INCOME
T0525,rupaye,O
T0525,hai,O
T0525,aur,O
T0525,main,O
T0525,ST,B-CASTE_CATEGORY
T0525,varg,O
T0525,se,O
T0525,hoon,O
T0525,Main,O
T0525,divyang,B-DISABILITY
T0525,hu,O
T0526,I,O
T0526,belong,O
T0526,to,O
T0526,OBC,B-CASTE_CATEGORY
T0526,category,O
T0526,from,O
T0526,Tamil,B-STATE
T0526,Nadu,I-STATE
T0526,Age,O
T0526,is,O
T0526,32,B-AGE
T0526,profession,O
T0526,is,O
T0526,artisan,B-OCCUPATION
T0526,income,O
T0526,around,O
T0526,600000,B-ANNUAL_INCOME
T0527,Namaste,O
T0527,main,O
T0527,39,B-AGE
T0527,varsh,O
T0527,ka,O
T0527,student,B-OCCUPATION
T0527,hu,O
T0527,Madhya,B-STATE
T0527,Pradesh,I-STATE
T0527,se,O
T0527,Meri,O
T0527,income,O
T0527,350000,B-ANNUAL_INCOME
T0527,rupaye,O
T0527,hai,O
T0527,aur,O
T0527,main,O
T0527,OBC,B-CASTE_CATEGORY
T0527,varg,O
T0527,se,O
T0527,hoon,O
T0527,Main,O
T0527,divyang,B-DISABILITY
T0527,hu,O
T0528,Main,O
T0528,Karnataka,B-STATE
T0528,se,O
T0528,ek,O
T0528,mazdoor,B-OCCUPATION
T0528,hu,O
T0528,meri,O
T0528,umar,O
T0528,24,B-AGE
T0528,saal,O
T0528,hai,O
T0528,aur,O
T0528,saalana,O
T0528,kamai,O
T0528,45000,B-ANNUAL_INCOME
T0528,rupe,O
T0528,hai,O
T0529,I,O
T0529,am,O
T0529,a,O
T0529,30,B-AGE
T0529,year,O
T0529,old,O
T0529,male,B-GENDER
T0529,berojgar,B-OCCUPATION
T0529,living,O
T0529,in,O
T0529,Maharashtra,B-STATE
T0529,My,O
T0529,annual,O
T0529,household,O
T0529,income,O
T0529,is,O
T0529,0,B-ANNUAL_INCOME
T0529,rupees,O
T0530,Namaste,O
T0530,main,O
T0530,59,B-AGE
T0530,varsh,O
T0530,ka,O
T0530,kisan,B-OCCUPATION
T0530,hu,O
T0530,Bihar,B-STATE
T0530,se,O
T0530,Meri,O
T0530,income,O
T0530,120000,B-ANNUAL_INCOME
T0530,rupaye,O
T0530,hai,O
T0530,aur,O
T0530,main,O
T0530,ST,B-CASTE_CATEGORY
T0530,varg,O
T0530,se,O
T0530,hoon,O
T0530,Main,O
T0530,divyang,B-DISABILITY
T0530,hu,O
T0531,Mera,O
T0531,naam,O
T0531,Ramesh,O
T0531,hai,O
T0531,main,O
T0531,Maharashtra,B-STATE
T0531,ka,O
T0531,rehne,O
T0531,wala,O
T0531,hu,O
T0531,Main,O
T0531,General,B-CASTE_CATEGORY
T0531,category,O
T0531,se,O
T0531,ek,O
T0531,mahila,B-GENDER
T0531,hu,O
T0531,aur,O
T0531,chhatra,B-OCCUPATION
T0531,hu,O
T0531,Aamdani,O
T0531,80000,B-ANNUAL_INCOME
T0531,per,O
T0531,year,O
T0531,hai,O
T0532,Namaste,O
T0532,main,O
T0532,62,B-AGE
T0532,varsh,O
T0532,ka,O
T0532,bunkar,B-OCCUPATION
T0532,hu,O
T0532,West,B-STATE
T0532,Bengal,I-STATE
T0532,se,O
T0532,Meri,O
T0532,income,O
T0532,350000,B-ANNUAL_INCOME
T0532,rupaye,O
T0532,hai,O
T0532,aur,O
T0532,main,O
T0532,ST,B-CASTE_CATEGORY
T0532,varg,O
T0532,se,O
T0532,hoon,O
T0532,Main,O
T0532,divyang,B-DISABILITY
T0532,hu,O
T0533,Main,O
T0533,Maharashtra,B-STATE
T0533,se,O
T0533,ek,O
T0533,kisan,B-OCCUPATION
T0533,hu,O
T0533,meri,O
T0533,umar,O
T0533,61,B-AGE
T0533,saal,O
T0533,hai,O
T0533,aur,O
T0533,saalana,O
T0533,kamai,O
T0533,350000,B-ANNUAL_INCOME
T0533,rupe,O
T0533,hai,O
T0534,Namaste,O
T0534,main,O
T0534,44,B-AGE
T0534,varsh,O
T0534,ka,O
T0534,labour,B-OCCUPATION
T0534,hu,O
T0534,Maharashtra,B-STATE
T0534,se,O
T0534,Meri,O
T0534,income,O
T0534,600000,B-ANNUAL_INCOME
T0534,rupaye,O
T0534,hai,O
T0534,aur,O
T0534,main,O
T0534,General,B-CASTE_CATEGORY
T0534,varg,O
T0534,se,O
T0534,hoon,O
T0534,Main,O
T0534,divyang,B-DISABILITY
T0534,hu,O
T0535,Namaste,O
T0535,main,O
T0535,46,B-AGE
T0535,varsh,O
T0535,ka,O
T0535,mazdoor,B-OCCUPATION
T0535,hu,O
T0535,Uttar,B-STATE
T0535,Pradesh,I-STATE
T0535,se,O
T0535,Meri,O
T0535,income,O
T0535,120000,B-ANNUAL_INCOME
T0535,rupaye,O
T0535,hai,O
T0535,aur,O
T0535,main,O
T0535,OBC,B-CASTE_CATEGORY
T0535,varg,O
T0535,se,O
T0535,hoon,O
T0535,Main,O
T0535,divyang,B-DISABILITY
T0535,hu,O
T0536,Mera,O
T0536,naam,O
T0536,Ramesh,O
T0536,hai,O
T0536,main,O
T0536,Rajasthan,B-STATE
T0536,ka,O
T0536,rehne,O
T0536,wala,O
T0536,hu,O
T0536,Main,O
T0536,General,B-CASTE_CATEGORY
T0536,category,O
T0536,se,O
T0536,ek,O
T0536,mahila,B-GENDER
T0536,hu,O
T0536,aur,O
T0536,daily,B-OCCUPATION
T0536,wage,I-OCCUPATION
T0536,worker,I-OCCUPATION
T0536,hu,O
T0536,Aamdani,O
T0536,350000,B-ANNUAL_INCOME
T0536,per,O
T0536,year,O
T0536,hai,O
T0537,Namaste,O
T0537,main,O
T0537,26,B-AGE
T0537,varsh,O
T0537,ka,O
T0537,farmer,B-OCCUPATION
T0537,hu,O
T0537,Maharashtra,B-STATE
T0537,se,O
T0537,Meri,O
T0537,income,O
T0537,0,B-ANNUAL_INCOME
T0537,rupaye,O
T0537,hai,O
T0537,aur,O
T0537,main,O
T0537,SC,B-CASTE_CATEGORY
T0537,varg,O
T0537,se,O
T0537,hoon,O
T0537,Main,O
T0537,divyang,B-DISABILITY
T0537,hu,O
T0538,Main,O
T0538,West,B-STATE
T0538,Bengal,I-STATE
T0538,se,O
T0538,ek,O
T0538,daily,B-OCCUPATION
T0538,wage,I-OCCUPATION
T0538,worker,I-OCCUPATION
T0538,hu,O
T0538,meri,O
T0538,umar,O
T0538,39,B-AGE
T0538,saal,O
T0538,hai,O
T0538,aur,O
T0538,saalana,O
T0538,kamai,O
T0538,600000,B-ANNUAL_INCOME
T0538,rupe,O
T0538,hai,O
T0539,Hi,O
T0539,I,O
T0539,am,O
T0539,20,B-AGE
T0539,years,O
T0539,old,O
T0539,student,O
T0539,from,O
T0539,Uttar,B-STATE
T0539,Pradesh,I-STATE
T0539,My,O
T0539,family,O
T0539,income,O
T0539,is,O
T0539,120000,B-ANNUAL_INCOME
T0539,and,O
T0539,I,O
T0539,am,O
T0539,differently,B-DISABILITY
T0539,abled,I-DISABILITY
T0540,Mera,O
T0540,naam,O
T0540,Ramesh,O
T0540,hai,O
T0540,main,O
T0540,Tamil,B-STATE
T0540,Nadu,I-STATE
T0540,ka,O
T0540,rehne,O
T0540,wala,O
T0540,hu,O
T0540,Main,O
T0540,General,B-CASTE_CATEGORY
T0540,category,O
T0540,se,O
T0540,ek,O
T0540,mahila,B-GENDER
T0540,hu,O
T0540,aur,O
T0540,street,B-OCCUPATION
T0540,vendor,I-OCCUPATION
T0540,hu,O
T0540,Aamdani,O
T0540,0,B-ANNUAL_INCOME
T0540,per,O
T0540,year,O
T0540,hai,O
T0541,Namaste,O
T0541,main,O
T0541,52,B-AGE
T0541,varsh,O
T0541,ka,O
T0541,daily,B-OCCUPATION
T0541,wage,I-OCCUPATION
T0541,worker,I-OCCUPATION
T0541,hu,O
T0541,Karnataka,B-STATE
T0541,se,O
T0541,Meri,O
T0541,income,O
T0541,45000,B-ANNUAL_INCOME
T0541,rupaye,O
T0541,hai,O
T0541,aur,O
T0541,main,O
T0541,General,B-CASTE_CATEGORY
T0541,varg,O
T0541,se,O
T0541,hoon,O
T0541,Main,O
T0541,divyang,B-DISABILITY
T0541,hu,O
T0542,Main,O
T0542,Uttar,B-STATE
T0542,Pradesh,I-STATE
T0542,se,O
T0542,ek,O
T0542,farmer,B-OCCUPATION
T0542,hu,O
T0542,meri,O
T0542,umar,O
T0542,23,B-AGE
T0542,saal,O
T0542,hai,O
T0542,aur,O
T0542,saalana,O
T0542,kamai,O
T0542,600000,B-ANNUAL_INCOME
T0542,rupe,O
T0542,hai,O
T0543,Hi,O
T0543,I,O
T0543,am,O
T0543,55,B-AGE
T0543,years,O
T0543,old,O
T0543,student,O
T0543,from,O
T0543,Uttar,B-STATE
T0543,Pradesh,I-STATE
T0543,My,O
T0543,family,O
T0543,income,O
T0543,is,O
T0543,80000,B-ANNUAL_INCOME
T0543,and,O
T0543,I,O
T0543,am,O
T0543,differently,B-DISABILITY
T0543,abled,I-DISABILITY
T0544,Namaste,O
T0544,main,O
T0544,57,B-AGE
T0544,varsh,O
T0544,ka,O
T0544,farmer,B-OCCUPATION
T0544,hu,O
T0544,Madhya,B-STATE
T0544,Pradesh,I-STATE
T0544,se,O
T0544,Meri,O
T0544,income,O
T0544,45000,B-ANNUAL_INCOME
T0544,rupaye,O
T0544,hai,O
T0544,aur,O
T0544,main,O
T0544,General,B-CASTE_CATEGORY
T0544,varg,O
T0544,se,O
T0544,hoon,O
T0544,Main,O
T0544,divyang,B-DISABILITY
T0544,hu,O
T0545,I,O
T0545,am,O
T0545,a,O
T0545,62,B-AGE
T0545,year,O
T0545,old,O
T0545,female,B-GENDER
T0545,weaver,B-OCCUPATION
T0545,living,O
T0545,in,O
T0545,West,B-STATE
T0545,Bengal,I-STATE
T0545,My,O
T0545,annual,O
T0545,household,O
T0545,income,O
T0545,is,O
T0545,45000,B-ANNUAL_INCOME
T0545,rupees,O
T0546,Main,O
T0546,Uttar,B-STATE
T0546,Pradesh,I-STATE
T0546,se,O
T0546,ek,O
T0546,kisan,B-OCCUPATION
T0546,hu,O
T0546,meri,O
T0546,umar,O
T0546,22,B-AGE
T0546,saal,O
T0546,hai,O
T0546,aur,O
T0546,saalana,O
T0546,kamai,O
T0546,200000,B-ANNUAL_INCOME
T0546,rupe,O
T0546,hai,O
T0547,Mera,O
T0547,naam,O
T0547,Ramesh,O
T0547,hai,O
T0547,main,O
T0547,Madhya,B-STATE
T0547,Pradesh,I-STATE
T0547,ka,O
T0547,rehne,O
T0547,wala,O
T0547,hu,O
T0547,Main,O
T0547,OBC,B-CASTE_CATEGORY
T0547,category,O
T0547,se,O
T0547,ek,O
T0547,purush,B-GENDER
T0547,hu,O
T0547,aur,O
T0547,street,B-OCCUPATION
T0547,vendor,I-OCCUPATION
T0547,hu,O
T0547,Aamdani,O
T0547,45000,B-ANNUAL_INCOME
T0547,per,O
T0547,year,O
T0547,hai,O
T0548,I,O
T0548,am,O
T0548,a,O
T0548,19,B-AGE
T0548,year,O
T0548,old,O
T0548,female,B-GENDER
T0548,student,B-OCCUPATION
T0548,living,O
T0548,in,O
T0548,Maharashtra,B-STATE
T0548,My,O
T0548,annual,O
T0548,household,O
T0548,income,O
T0548,is,O
T0548,45000,B-ANNUAL_INCOME
T0548,rupees,O
T0549,Namaste,O
T0549,main,O
T0549,28,B-AGE
T0549,varsh,O
T0549,ka,O
T0549,chhatra,B-OCCUPATION
T0549,hu,O
T0549,Rajasthan,B-STATE
T0549,se,O
T0549,Meri,O
T0549,income,O
T0549,45000,B-ANNUAL_INCOME
T0549,rupaye,O
T0549,hai,O
T0549,aur,O
T0549,main,O
T0549,SC,B-CASTE_CATEGORY
T0549,varg,O
T0549,se,O
T0549,hoon,O
T0549,Main,O
T0549,divyang,B-DISABILITY
T0549,hu,O
T0550,I,O
T0550,am,O
T0550,a,O
T0550,27,B-AGE
T0550,year,O
T0550,old,O
T0550,female,B-GENDER
T0550,farmer,B-OCCUPATION
T0550,living,O
T0550,in,O
T0550,West,B-STATE
T0550,Bengal,I-STATE
T0550,My,O
T0550,annual,O
T0550,household,O
T0550,income,O
T0550,is,O
T0550,200000,B-ANNUAL_INCOME
T0550,rupees,O
T0551,I,O
T0551,belong,O
T0551,to,O
T0551,SC,B-CASTE_CATEGORY
T0551,category,O
T0551,from,O
T0551,Tamil,B-STATE
T0551,Nadu,I-STATE
T0551,Age,O
T0551,is,O
T0551,54,B-AGE
T0551,profession,O
T0551,is,O
T0551,bunkar,B-OCCUPATION
T0551,income,O
T0551,around,O
T0551,200000,B-ANNUAL_INCOME
T0552,Namaste,O
T0552,main,O
T0552,46,B-AGE
T0552,varsh,O
T0552,ka,O
T0552,bunkar,B-OCCUPATION
T0552,hu,O
T0552,Maharashtra,B-STATE
T0552,se,O
T0552,Meri,O
T0552,income,O
T0552,0,B-ANNUAL_INCOME
T0552,rupaye,O
T0552,hai,O
T0552,aur,O
T0552,main,O
T0552,General,B-CASTE_CATEGORY
T0552,varg,O
T0552,se,O
T0552,hoon,O
T0552,Main,O
T0552,divyang,B-DISABILITY
T0552,hu,O
T0553,Mera,O
T0553,naam,O
T0553,Ramesh,O
T0553,hai,O
T0553,main,O
T0553,Uttar,B-STATE
T0553,Pradesh,I-STATE
T0553,ka,O
T0553,rehne,O
T0553,wala,O
T0553,hu,O
T0553,Main,O
T0553,SC,B-CASTE_CATEGORY
T0553,category,O
T0553,se,O
T0553,ek,O
T0553,mahila,B-GENDER
T0553,hu,O
T0553,aur,O
T0553,labour,B-OCCUPATION
T0553,hu,O
T0553,Aamdani,O
T0553,200000,B-ANNUAL_INCOME
T0553,per,O
T0553,year,O
T0553,hai,O
T0554,Hi,O
T0554,I,O
T0554,am,O
T0554,39,B-AGE
T0554,years,O
T0554,old,O
T0554,student,O
T0554,from,O
T0554,Rajasthan,B-STATE
T0554,My,O
T0554,family,O
T0554,income,O
T0554,is,O
T0554,120000,B-ANNUAL_INCOME
T0554,and,O
T0554,I,O
T0554,am,O
T0554,differently,B-DISABILITY
T0554,abled,I-DISABILITY
T0555,Namaste,O
T0555,main,O
T0555,34,B-AGE
T0555,varsh,O
T0555,ka,O
T0555,kisan,B-OCCUPATION
T0555,hu,O
T0555,Uttar,B-STATE
T0555,Pradesh,I-STATE
T0555,se,O
T0555,Meri,O
T0555,income,O
T0555,350000,B-ANNUAL_INCOME
T0555,rupaye,O
T0555,hai,O
T0555,aur,O
T0555,main,O
T0555,ST,B-CASTE_CATEGORY
T0555,varg,O
T0555,se,O
T0555,hoon,O
T0555,Main,O
T0555,divyang,B-DISABILITY
T0555,hu,O
T0556,Mera,O
T0556,naam,O
T0556,Ramesh,O
T0556,hai,O
T0556,main,O
T0556,Bihar,B-STATE
T0556,ka,O
T0556,rehne,O
T0556,wala,O
T0556,hu,O
T0556,Main,O
T0556,OBC,B-CASTE_CATEGORY
T0556,category,O
T0556,se,O
T0556,ek,O
T0556,mahila,B-GENDER
T0556,hu,O
T0556,aur,O
T0556,student,B-OCCUPATION
T0556,hu,O
T0556,Aamdani,O
T0556,45000,B-ANNUAL_INCOME
T0556,per,O
T0556,year,O
T0556,hai,O
T0557,I,O
T0557,belong,O
T0557,to,O
T0557,OBC,B-CASTE_CATEGORY
T0557,category,O
T0557,from,O
T0557,Karnataka,B-STATE
T0557,Age,O
T0557,is,O
T0557,53,B-AGE
T0557,profession,O
T0557,is,O
T0557,chhatra,B-OCCUPATION
T0557,income,O
T0557,around,O
T0557,45000,B-ANNUAL_INCOME
T0558,Main,O
T0558,Rajasthan,B-STATE
T0558,se,O
T0558,ek,O
T0558,chhatra,B-OCCUPATION
T0558,hu,O
T0558,meri,O
T0558,umar,O
T0558,31,B-AGE
T0558,saal,O
T0558,hai,O
T0558,aur,O
T0558,saalana,O
T0558,kamai,O
T0558,600000,B-ANNUAL_INCOME
T0558,rupe,O
T0558,hai,O
T0559,Main,O
T0559,Maharashtra,B-STATE
T0559,se,O
T0559,ek,O
T0559,daily,B-OCCUPATION
T0559,wage,I-OCCUPATION
T0559,worker,I-OCCUPATION
T0559,hu,O
T0559,meri,O
T0559,umar,O
T0559,36,B-AGE
T0559,saal,O
T0559,hai,O
T0559,aur,O
T0559,saalana,O
T0559,kamai,O
T0559,80000,B-ANNUAL_INCOME
T0559,rupe,O
T0559,hai,O
T0560,I,O
T0560,belong,O
T0560,to,O
T0560,ST,B-CASTE_CATEGORY
T0560,category,O
T0560,from,O
T0560,Bihar,B-STATE
T0560,Age,O
T0560,is,O
T0560,28,B-AGE
T0560,profession,O
T0560,is,O
T0560,kisan,B-OCCUPATION
T0560,income,O
T0560,around,O
T0560,200000,B-ANNUAL_INCOME
T0561,Hi,O
T0561,I,O
T0561,am,O
T0561,34,B-AGE
T0561,years,O
T0561,old,O
T0561,student,O
T0561,from,O
T0561,Uttar,B-STATE
T0561,Pradesh,I-STATE
T0561,My,O
T0561,family,O
T0561,income,O
T0561,is,O
T0561,80000,B-ANNUAL_INCOME
T0561,and,O
T0561,I,O
T0561,am,O
T0561,differently,B-DISABILITY
T0561,abled,I-DISABILITY
T0562,I,O
T0562,belong,O
T0562,to,O
T0562,ST,B-CASTE_CATEGORY
T0562,category,O
T0562,from,O
T0562,Rajasthan,B-STATE
T0562,Age,O
T0562,is,O
T0562,55,B-AGE
T0562,profession,O
T0562,is,O
T0562,rehri,B-OCCUPATION
T0562,wala,I-OCCUPATION
T0562,income,O
T0562,around,O
T0562,350000,B-ANNUAL_INCOME
T0563,Namaste,O
T0563,main,O
T0563,36,B-AGE
T0563,varsh,O
T0563,ka,O
T0563,farmer,B-OCCUPATION
T0563,hu,O
T0563,West,B-STATE
T0563,Bengal,I-STATE
T0563,se,O
T0563,Meri,O
T0563,income,O
T0563,45000,B-ANNUAL_INCOME
T0563,rupaye,O
T0563,hai,O
T0563,aur,O
T0563,main,O
T0563,SC,B-CASTE_CATEGORY
T0563,varg,O
T0563,se,O
T0563,hoon,O
T0563,Main,O
T0563,divyang,B-DISABILITY
T0563,hu,O
T0564,Namaste,O
T0564,main,O
T0564,48,B-AGE
T0564,varsh,O
T0564,ka,O
T0564,bunkar,B-OCCUPATION
T0564,hu,O
T0564,Tamil,B-STATE
T0564,Nadu,I-STATE
T0564,se,O
T0564,Meri,O
T0564,income,O
T0564,350000,B-ANNUAL_INCOME
T0564,rupaye,O
T0564,hai,O
T0564,aur,O
T0564,main,O
T0564,SC,B-CASTE_CATEGORY
T0564,varg,O
T0564,se,O
T0564,hoon,O
T0564,Main,O
T0564,divyang,B-DISABILITY
T0564,hu,O
T0565,I,O
T0565,am,O
T0565,a,O
T0565,25,B-AGE
T0565,year,O
T0565,old,O
T0565,female,B-GENDER
T0565,berojgar,B-OCCUPATION
T0565,living,O
T0565,in,O
T0565,West,B-STATE
T0565,Bengal,I-STATE
T0565,My,O
T0565,annual,O
T0565,household,O
T0565,income,O
T0565,is,O
T0565,45000,B-ANNUAL_INCOME
T0565,rupees,O
T0566,Main,O
T0566,Tamil,B-STATE
T0566,Nadu,I-STATE
T0566,se,O
T0566,ek,O
T0566,mazdoor,B-OCCUPATION
T0566,hu,O
T0566,meri,O
T0566,umar,O
T0566,37,B-AGE
T0566,saal,O
T0566,hai,O
T0566,aur,O
T0566,saalana,O
T0566,kamai,O
T0566,200000,B-ANNUAL_INCOME
T0566,rupe,O
T0566,hai,O
T0567,Hi,O
T0567,I,O
T0567,am,O
T0567,46,B-AGE
T0567,years,O
T0567,old,O
T0567,student,O
T0567,from,O
T0567,Tamil,B-STATE
T0567,Nadu,I-STATE
T0567,My,O
T0567,family,O
T0567,income,O
T0567,is,O
T0567,0,B-ANNUAL_INCOME
T0567,and,O
T0567,I,O
T0567,am,O
T0567,differently,B-DISABILITY
T0567,abled,I-DISABILITY
T0568,Namaste,O
T0568,main,O
T0568,30,B-AGE
T0568,varsh,O
T0568,ka,O
T0568,mazdoor,B-OCCUPATION
T0568,hu,O
T0568,Tamil,B-STATE
T0568,Nadu,I-STATE
T0568,se,O
T0568,Meri,O
T0568,income,O
T0568,200000,B-ANNUAL_INCOME
T0568,rupaye,O
T0568,hai,O
T0568,aur,O
T0568,main,O
T0568,SC,B-CASTE_CATEGORY
T0568,varg,O
T0568,se,O
T0568,hoon,O
T0568,Main,O
T0568,divyang,B-DISABILITY
T0568,hu,O
T0569,Namaste,O
T0569,main,O
T0569,30,B-AGE
T0569,varsh,O
T0569,ka,O
T0569,weaver,B-OCCUPATION
T0569,hu,O
T0569,Madhya,B-STATE
T0569,Pradesh,I-STATE
T0569,se,O
T0569,Meri,O
T0569,income,O
T0569,200000,B-ANNUAL_INCOME
T0569,rupaye,O
T0569,hai,O
T0569,aur,O
T0569,main,O
T0569,SC,B-CASTE_CATEGORY
T0569,varg,O
T0569,se,O
T0569,hoon,O
T0569,Main,O
T0569,divyang,B-DISABILITY
T0569,hu,O
T0570,Namaste,O
T0570,main,O
T0570,28,B-AGE
T0570,varsh,O
T0570,ka,O
T0570,artisan,B-OCCUPATION
T0570,hu,O
T0570,Karnataka,B-STATE
T0570,se,O
T0570,Meri,O
T0570,income,O
T0570,120000,B-ANNUAL_INCOME
T0570,rupaye,O
T0570,hai,O
T0570,aur,O
T0570,main,O
T0570,SC,B-CASTE_CATEGORY
T0570,varg,O
T0570,se,O
T0570,hoon,O
T0570,Main,O
T0570,divyang,B-DISABILITY
T0570,hu,O
T0571,I,O
T0571,belong,O
T0571,to,O
T0571,General,B-CASTE_CATEGORY
T0571,category,O
T0571,from,O
T0571,Bihar,B-STATE
T0571,Age,O
T0571,is,O
T0571,60,B-AGE
T0571,profession,O
T0571,is,O
T0571,chhatra,B-OCCUPATION
T0571,income,O
T0571,around,O
T0571,0,B-ANNUAL_INCOME
T0572,Hi,O
T0572,I,O
T0572,am,O
T0572,40,B-AGE
T0572,years,O
T0572,old,O
T0572,student,O
T0572,from,O
T0572,Madhya,B-STATE
T0572,Pradesh,I-STATE
T0572,My,O
T0572,family,O
T0572,income,O
T0572,is,O
T0572,45000,B-ANNUAL_INCOME
T0572,and,O
T0572,I,O
T0572,am,O
T0572,differently,B-DISABILITY
T0572,abled,I-DISABILITY
T0573,I,O
T0573,am,O
T0573,a,O
T0573,44,B-AGE
T0573,year,O
T0573,old,O
T0573,female,B-GENDER
T0573,unemployed,B-OCCUPATION
T0573,living,O
T0573,in,O
T0573,Madhya,B-STATE
T0573,Pradesh,I-STATE
T0573,My,O
T0573,annual,O
T0573,household,O
T0573,income,O
T0573,is,O
T0573,0,B-ANNUAL_INCOME
T0573,rupees,O
T0574,I,O
T0574,belong,O
T0574,to,O
T0574,SC,B-CASTE_CATEGORY
T0574,category,O
T0574,from,O
T0574,West,B-STATE
T0574,Bengal,I-STATE
T0574,Age,O
T0574,is,O
T0574,22,B-AGE
T0574,profession,O
T0574,is,O
T0574,artisan,B-OCCUPATION
T0574,income,O
T0574,around,O
T0574,350000,B-ANNUAL_INCOME
T0575,I,O
T0575,belong,O
T0575,to,O
T0575,OBC,B-CASTE_CATEGORY
T0575,category,O
T0575,from,O
T0575,Uttar,B-STATE
T0575,Pradesh,I-STATE
T0575,Age,O
T0575,is,O
T0575,53,B-AGE
T0575,profession,O
T0575,is,O
T0575,rehri,B-OCCUPATION
T0575,wala,I-OCCUPATION
T0575,income,O
T0575,around,O
T0575,0,B-ANNUAL_INCOME
T0576,I,O
T0576,am,O
T0576,a,O
T0576,39,B-AGE
T0576,year,O
T0576,old,O
T0576,female,B-GENDER
T0576,berojgar,B-OCCUPATION
T0576,living,O
T0576,in,O
T0576,Rajasthan,B-STATE
T0576,My,O
T0576,annual,O
T0576,household,O
T0576,income,O
T0576,is,O
T0576,80000,B-ANNUAL_INCOME
T0576,rupees,O
T0577,I,O
T0577,belong,O
T0577,to,O
T0577,SC,B-CASTE_CATEGORY
T0577,category,O
T0577,from,O
T0577,Maharashtra,B-STATE
T0577,Age,O
T0577,is,O
T0577,28,B-AGE
T0577,profession,O
T0577,is,O
T0577,kisan,B-OCCUPATION
T0577,income,O
T0577,around,O
T0577,200000,B-ANNUAL_INCOME
T0578,Main,O
T0578,Madhya,B-STATE
T0578,Pradesh,I-STATE
T0578,se,O
T0578,ek,O
T0578,mazdoor,B-OCCUPATION
T0578,hu,O
T0578,meri,O
T0578,umar,O
T0578,35,B-AGE
T0578,saal,O
T0578,hai,O
T0578,aur,O
T0578,saalana,O
T0578,kamai,O
T0578,350000,B-ANNUAL_INCOME
T0578,rupe,O
T0578,hai,O
T0579,Main,O
T0579,Madhya,B-STATE
T0579,Pradesh,I-STATE
T0579,se,O
T0579,ek,O
T0579,mazdoor,B-OCCUPATION
T0579,hu,O
T0579,meri,O
T0579,umar,O
T0579,60,B-AGE
T0579,saal,O
T0579,hai,O
T0579,aur,O
T0579,saalana,O
T0579,kamai,O
T0579,0,B-ANNUAL_INCOME
T0579,rupe,O
T0579,hai,O
T0580,I,O
T0580,belong,O
T0580,to,O
T0580,SC,B-CASTE_CATEGORY
T0580,category,O
T0580,from,O
T0580,Rajasthan,B-STATE
T0580,Age,O
T0580,is,O
T0580,38,B-AGE
T0580,profession,O
T0580,is,O
T0580,student,B-OCCUPATION
T0580,income,O
T0580,around,O
T0580,80000,B-ANNUAL_INCOME
T0581,Namaste,O
T0581,main,O
T0581,24,B-AGE
T0581,varsh,O
T0581,ka,O
T0581,chhatra,B-OCCUPATION
T0581,hu,O
T0581,Maharashtra,B-STATE
T0581,se,O
T0581,Meri,O
T0581,income,O
T0581,80000,B-ANNUAL_INCOME
T0581,rupaye,O
T0581,hai,O
T0581,aur,O
T0581,main,O
T0581,ST,B-CASTE_CATEGORY
T0581,varg,O
T0581,se,O
T0581,hoon,O
T0581,Main,O
T0581,divyang,B-DISABILITY
T0581,hu,O
T0582,I,O
T0582,am,O
T0582,a,O
T0582,59,B-AGE
T0582,year,O
T0582,old,O
T0582,female,B-GENDER
T0582,student,B-OCCUPATION
T0582,living,O
T0582,in,O
T0582,Bihar,B-STATE
T0582,My,O
T0582,annual,O
T0582,household,O
T0582,income,O
T0582,is,O
T0582,600000,B-ANNUAL_INCOME
T0582,rupees,O
T0583,I,O
T0583,am,O
T0583,a,O
T0583,58,B-AGE
T0583,year,O
T0583,old,O
T0583,female,B-GENDER
T0583,bunkar,B-OCCUPATION
T0583,living,O
T0583,in,O
T0583,West,B-STATE
T0583,Bengal,I-STATE
T0583,My,O
T0583,annual,O
T0583,household,O
T0583,income,O
T0583,is,O
T0583,600000,B-ANNUAL_INCOME
T0583,rupees,O
T0584,Main,O
T0584,Rajasthan,B-STATE
T0584,se,O
T0584,ek,O
T0584,bunkar,B-OCCUPATION
T0584,hu,O
T0584,meri,O
T0584,umar,O
T0584,24,B-AGE
T0584,saal,O
T0584,hai,O
T0584,aur,O
T0584,saalana,O
T0584,kamai,O
T0584,200000,B-ANNUAL_INCOME
T0584,rupe,O
T0584,hai,O
T0585,Hi,O
T0585,I,O
T0585,am,O
T0585,65,B-AGE
T0585,years,O
T0585,old,O
T0585,student,O
T0585,from,O
T0585,Uttar,B-STATE
T0585,Pradesh,I-STATE
T0585,My,O
T0585,family,O
T0585,income,O
T0585,is,O
T0585,200000,B-ANNUAL_INCOME
T0585,and,O
T0585,I,O
T0585,am,O
T0585,differently,B-DISABILITY
T0585,abled,I-DISABILITY
T0586,Main,O
T0586,Tamil,B-STATE
T0586,Nadu,I-STATE
T0586,se,O
T0586,ek,O
T0586,artisan,B-OCCUPATION
T0586,hu,O
T0586,meri,O
T0586,umar,O
T0586,65,B-AGE
T0586,saal,O
T0586,hai,O
T0586,aur,O
T0586,saalana,O
T0586,kamai,O
T0586,120000,B-ANNUAL_INCOME
T0586,rupe,O
T0586,hai,O
T0587,Namaste,O
T0587,main,O
T0587,59,B-AGE
T0587,varsh,O
T0587,ka,O
T0587,bunkar,B-OCCUPATION
T0587,hu,O
T0587,Uttar,B-STATE
T0587,Pradesh,I-STATE
T0587,se,O
T0587,Meri,O
T0587,income,O
T0587,45000,B-ANNUAL_INCOME
T0587,rupaye,O
T0587,hai,O
T0587,aur,O
T0587,main,O
T0587,General,B-CASTE_CATEGORY
T0587,varg,O
T0587,se,O
T0587,hoon,O
T0587,Main,O
T0587,divyang,B-DISABILITY
T0587,hu,O
T0588,I,O
T0588,am,O
T0588,a,O
T0588,18,B-AGE
T0588,year,O
T0588,old,O
T0588,female,B-GENDER
T0588,berojgar,B-OCCUPATION
T0588,living,O
T0588,in,O
T0588,Madhya,B-STATE
T0588,Pradesh,I-STATE
T0588,My,O
T0588,annual,O
T0588,household,O
T0588,income,O
T0588,is,O
T0588,600000,B-ANNUAL_INCOME
T0588,rupees,O
T0589,Mera,O
T0589,naam,O
T0589,Ramesh,O
T0589,hai,O
T0589,main,O
T0589,Uttar,B-STATE
T0589,Pradesh,I-STATE
T0589,ka,O
T0589,rehne,O
T0589,wala,O
T0589,hu,O
T0589,Main,O
T0589,General,B-CASTE_CATEGORY
T0589,category,O
T0589,se,O
T0589,ek,O
T0589,purush,B-GENDER
T0589,hu,O
T0589,aur,O
T0589,mazdoor,B-OCCUPATION
T0589,hu,O
T0589,Aamdani,O
T0589,45000,B-ANNUAL_INCOME
T0589,per,O
T0589,year,O
T0589,hai,O
T0590,Namaste,O
T0590,main,O
T0590,55,B-AGE
T0590,varsh,O
T0590,ka,O
T0590,artisan,B-OCCUPATION
T0590,hu,O
T0590,Maharashtra,B-STATE
T0590,se,O
T0590,Meri,O
T0590,income,O
T0590,600000,B-ANNUAL_INCOME
T0590,rupaye,O
T0590,hai,O
T0590,aur,O
T0590,main,O
T0590,ST,B-CASTE_CATEGORY
T0590,varg,O
T0590,se,O
T0590,hoon,O
T0590,Main,O
T0590,divyang,B-DISABILITY
T0590,hu,O
T0591,Mera,O
T0591,naam,O
T0591,Ramesh,O
T0591,hai,O
T0591,main,O
T0591,Maharashtra,B-STATE
T0591,ka,O
T0591,rehne,O
T0591,wala,O
T0591,hu,O
T0591,Main,O
T0591,ST,B-CASTE_CATEGORY
T0591,category,O
T0591,se,O
T0591,ek,O
T0591,mahila,B-GENDER
T0591,hu,O
T0591,aur,O
T0591,daily,B-OCCUPATION
T0591,wage,I-OCCUPATION
T0591,worker,I-OCCUPATION
T0591,hu,O
T0591,Aamdani,O
T0591,0,B-ANNUAL_INCOME
T0591,per,O
T0591,year,O
T0591,hai,O
T0592,Main,O
T0592,Tamil,B-STATE
T0592,Nadu,I-STATE
T0592,se,O
T0592,ek,O
T0592,weaver,B-OCCUPATION
T0592,hu,O
T0592,meri,O
T0592,umar,O
T0592,31,B-AGE
T0592,saal,O
T0592,hai,O
T0592,aur,O
T0592,saalana,O
T0592,kamai,O
T0592,45000,B-ANNUAL_INCOME
T0592,rupe,O
T0592,hai,O
T0593,Hi,O
T0593,I,O
T0593,am,O
T0593,21,B-AGE
T0593,years,O
T0593,old,O
T0593,student,O
T0593,from,O
T0593,Uttar,B-STATE
T0593,Pradesh,I-STATE
T0593,My,O
T0593,family,O
T0593,income,O
T0593,is,O
T0593,200000,B-ANNUAL_INCOME
T0593,and,O
T0593,I,O
T0593,am,O
T0593,differently,B-DISABILITY
T0593,abled,I-DISABILITY
T0594,Mera,O
T0594,naam,O
T0594,Ramesh,O
T0594,hai,O
T0594,main,O
T0594,Rajasthan,B-STATE
T0594,ka,O
T0594,rehne,O
T0594,wala,O
T0594,hu,O
T0594,Main,O
T0594,SC,B-CASTE_CATEGORY
T0594,category,O
T0594,se,O
T0594,ek,O
T0594,mahila,B-GENDER
T0594,hu,O
T0594,aur,O
T0594,mazdoor,B-OCCUPATION
T0594,hu,O
T0594,Aamdani,O
T0594,120000,B-ANNUAL_INCOME
T0594,per,O
T0594,year,O
T0594,hai,O
T0595,Namaste,O
T0595,main,O
T0595,35,B-AGE
T0595,varsh,O
T0595,ka,O
T0595,mazdoor,B-OCCUPATION
T0595,hu,O
T0595,Madhya,B-STATE
T0595,Pradesh,I-STATE
T0595,se,O
T0595,Meri,O
T0595,income,O
T0595,0,B-ANNUAL_INCOME
T0595,rupaye,O
T0595,hai,O
T0595,aur,O
T0595,main,O
T0595,ST,B-CASTE_CATEGORY
T0595,varg,O
T0595,se,O
T0595,hoon,O
T0595,Main,O
T0595,divyang,B-DISABILITY
T0595,hu,O
T0596,I,O
T0596,am,O
T0596,a,O
T0596,31,B-AGE
T0596,year,O
T0596,old,O
T0596,male,B-GENDER
T0596,student,B-OCCUPATION
T0596,living,O
T0596,in,O
T0596,Rajasthan,B-STATE
T0596,My,O
T0596,annual,O
T0596,household,O
T0596,income,O
T0596,is,O
T0596,45000,B-ANNUAL_INCOME
T0596,rupees,O
T0597,Main,O
T0597,Madhya,B-STATE
T0597,Pradesh,I-STATE
T0597,se,O
T0597,ek,O
T0597,unemployed,B-OCCUPATION
T0597,hu,O
T0597,meri,O
T0597,umar,O
T0597,56,B-AGE
T0597,saal,O
T0597,hai,O
T0597,aur,O
T0597,saalana,O
T0597,kamai,O
T0597,45000,B-ANNUAL_INCOME
T0597,rupe,O
T0597,hai,O
T0598,Main,O
T0598,Maharashtra,B-STATE
T0598,se,O
T0598,ek,O
T0598,daily,B-OCCUPATION
T0598,wage,I-OCCUPATION
T0598,worker,I-OCCUPATION
T0598,hu,O
T0598,meri,O
T0598,umar,O
T0598,22,B-AGE
T0598,saal,O
T0598,hai,O
T0598,aur,O
T0598,saalana,O
T0598,kamai,O
T0598,350000,B-ANNUAL_INCOME
T0598,rupe,O
T0598,hai,O
T0599,Main,O
T0599,Bihar,B-STATE
T0599,se,O
T0599,ek,O
T0599,unemployed,B-OCCUPATION
T0599,hu,O
T0599,meri,O
T0599,umar,O
T0599,31,B-AGE
T0599,saal,O
T0599,hai,O
T0599,aur,O
T0599,saalana,O
T0599,kamai,O
T0599,45000,B-ANNUAL_INCOME
T0599,rupe,O
T0599,hai,O
T0600,I,O
T0600,belong,O
T0600,to,O
T0600,SC,B-CASTE_CATEGORY
T0600,category,O
T0600,from,O
T0600,Madhya,B-STATE
T0600,Pradesh,I-STATE
T0600,Age,O
T0600,is,O
T0600,23,B-AGE
T0600,profession,O
T0600,is,O
T0600,artisan,B-OCCUPATION
T0600,income,O
T0600,around,O
T0600,0,B-ANNUAL_INCOME
T0601,I,O
T0601,belong,O
T0601,to,O
T0601,ST,B-CASTE_CATEGORY
T0601,category,O
T0601,from,O
T0601,Maharashtra,B-STATE
T0601,Age,O
T0601,is,O
T0601,51,B-AGE
T0601,profession,O
T0601,is,O
T0601,unemployed,B-OCCUPATION
T0601,income,O
T0601,around,O
T0601,0,B-ANNUAL_INCOME
T0602,I,O
T0602,belong,O
T0602,to,O
T0602,General,B-CASTE_CATEGORY
T0602,category,O
T0602,from,O
T0602,Maharashtra,B-STATE
T0602,Age,O
T0602,is,O
T0602,37,B-AGE
T0602,profession,O
T0602,is,O
T0602,farmer,B-OCCUPATION
T0602,income,O
T0602,around,O
T0602,120000,B-ANNUAL_INCOME
T0603,I,O
T0603,am,O
T0603,a,O
T0603,38,B-AGE
T0603,year,O
T0603,old,O
T0603,female,B-GENDER
T0603,berojgar,B-OCCUPATION
T0603,living,O
T0603,in,O
T0603,West,B-STATE
T0603,Bengal,I-STATE
T0603,My,O
T0603,annual,O
T0603,household,O
T0603,income,O
T0603,is,O
T0603,0,B-ANNUAL_INCOME
T0603,rupees,O
T0604,Namaste,O
T0604,main,O
T0604,53,B-AGE
T0604,varsh,O
T0604,ka,O
T0604,daily,B-OCCUPATION
T0604,wage,I-OCCUPATION
T0604,worker,I-OCCUPATION
T0604,hu,O
T0604,Uttar,B-STATE
T0604,Pradesh,I-STATE
T0604,se,O
T0604,Meri,O
T0604,income,O
T0604,120000,B-ANNUAL_INCOME
T0604,rupaye,O
T0604,hai,O
T0604,aur,O
T0604,main,O
T0604,SC,B-CASTE_CATEGORY
T0604,varg,O
T0604,se,O
T0604,hoon,O
T0604,Main,O
T0604,divyang,B-DISABILITY
T0604,hu,O
T0605,Mera,O
T0605,naam,O
T0605,Ramesh,O
T0605,hai,O
T0605,main,O
T0605,West,B-STATE
T0605,Bengal,I-STATE
T0605,ka,O
T0605,rehne,O
T0605,wala,O
T0605,hu,O
T0605,Main,O
T0605,ST,B-CASTE_CATEGORY
T0605,category,O
T0605,se,O
T0605,ek,O
T0605,mahila,B-GENDER
T0605,hu,O
T0605,aur,O
T0605,chhatra,B-OCCUPATION
T0605,hu,O
T0605,Aamdani,O
T0605,120000,B-ANNUAL_INCOME
T0605,per,O
T0605,year,O
T0605,hai,O
T0606,I,O
T0606,belong,O
T0606,to,O
T0606,SC,B-CASTE_CATEGORY
T0606,category,O
T0606,from,O
T0606,Rajasthan,B-STATE
T0606,Age,O
T0606,is,O
T0606,48,B-AGE
T0606,profession,O
T0606,is,O
T0606,student,B-OCCUPATION
T0606,income,O
T0606,around,O
T0606,0,B-ANNUAL_INCOME
T0607,Namaste,O
T0607,main,O
T0607,54,B-AGE
T0607,varsh,O
T0607,ka,O
T0607,chhatra,B-OCCUPATION
T0607,hu,O
T0607,Maharashtra,B-STATE
T0607,se,O
T0607,Meri,O
T0607,income,O
T0607,45000,B-ANNUAL_INCOME
T0607,rupaye,O
T0607,hai,O
T0607,aur,O
T0607,main,O
T0607,SC,B-CASTE_CATEGORY
T0607,varg,O
T0607,se,O
T0607,hoon,O
T0607,Main,O
T0607,divyang,B-DISABILITY
T0607,hu,O
T0608,Hi,O
T0608,I,O
T0608,am,O
T0608,47,B-AGE
T0608,years,O
T0608,old,O
T0608,student,B-OCCUPATION
T0608,from,O
T0608,Maharashtra,B-STATE
T0608,My,O
T0608,family,O
T0608,income,O
T0608,is,O
T0608,45000,B-ANNUAL_INCOME
T0608,and,O
T0608,I,O
T0608,am,O
T0608,differently,B-DISABILITY
T0608,abled,I-DISABILITY
T0609,I,O
T0609,belong,O
T0609,to,O
T0609,ST,B-CASTE_CATEGORY
T0609,category,O
T0609,from,O
T0609,Karnataka,B-STATE
T0609,Age,O
T0609,is,O
T0609,24,B-AGE
T0609,profession,O
T0609,is,O
T0609,weaver,B-OCCUPATION
T0609,income,O
T0609,around,O
T0609,600000,B-ANNUAL_INCOME
T0610,Hi,O
T0610,I,O
T0610,am,O
T0610,47,B-AGE
T0610,years,O
T0610,old,O
T0610,student,O
T0610,from,O
T0610,Madhya,B-STATE
T0610,Pradesh,I-STATE
T0610,My,O
T0610,family,O
T0610,income,O
T0610,is,O
T0610,200000,B-ANNUAL_INCOME
T0610,and,O
T0610,I,O
T0610,am,O
T0610,differently,B-DISABILITY
T0610,abled,I-DISABILITY
T0611,Hi,O
T0611,I,O
T0611,am,O
T0611,37,B-AGE
T0611,years,O
T0611,old,O
T0611,student,O
T0611,from,O
T0611,Karnataka,B-STATE
T0611,My,O
T0611,family,O
T0611,income,O
T0611,is,O
T0611,200000,B-ANNUAL_INCOME
T0611,and,O
T0611,I,O
T0611,am,O
T0611,differently,B-DISABILITY
T0611,abled,I-DISABILITY
T0612,Hi,O
T0612,I,O
T0612,am,O
T0612,30,B-AGE
T0612,years,O
T0612,old,O
T0612,student,O
T0612,from,O
T0612,Uttar,B-STATE
T0612,Pradesh,I-STATE
T0612,My,O
T0612,family,O
T0612,income,O
T0612,is,O
T0612,0,B-ANNUAL_INCOME
T0612,and,O
T0612,I,O
T0612,am,O
T0612,differently,B-DISABILITY
T0612,abled,I-DISABILITY
T0613,I,O
T0613,am,O
T0613,a,O
T0613,43,B-AGE
T0613,year,O
T0613,old,O
T0613,male,B-GENDER
T0613,bunkar,B-OCCUPATION
T0613,living,O
T0613,in,O
T0613,Bihar,B-STATE
T0613,My,O
T0613,annual,O
T0613,household,O
T0613,income,O
T0613,is,O
T0613,200000,B-ANNUAL_INCOME
T0613,rupees,O
T0614,Namaste,O
T0614,main,O
T0614,37,B-AGE
T0614,varsh,O
T0614,ka,O
T0614,unemployed,B-OCCUPATION
T0614,hu,O
T0614,Maharashtra,B-STATE
T0614,se,O
T0614,Meri,O
T0614,income,O
T0614,600000,B-ANNUAL_INCOME
T0614,rupaye,O
T0614,hai,O
T0614,aur,O
T0614,main,O
T0614,OBC,B-CASTE_CATEGORY
T0614,varg,O
T0614,se,O
T0614,hoon,O
T0614,Main,O
T0614,divyang,B-DISABILITY
T0614,hu,O
T0615,I,O
T0615,belong,O
T0615,to,O
T0615,OBC,B-CASTE_CATEGORY
T0615,category,O
T0615,from,O
T0615,West,B-STATE
T0615,Bengal,I-STATE
T0615,Age,O
T0615,is,O
T0615,41,B-AGE
T0615,profession,O
T0615,is,O
T0615,unemployed,B-OCCUPATION
T0615,income,O
T0615,around,O
T0615,45000,B-ANNUAL_INCOME
T0616,I,O
T0616,belong,O
T0616,to,O
T0616,ST,B-CASTE_CATEGORY
T0616,category,O
T0616,from,O
T0616,Bihar,B-STATE
T0616,Age,O
T0616,is,O
T0616,53,B-AGE
T0616,profession,O
T0616,is,O
T0616,kisan,B-OCCUPATION
T0616,income,O
T0616,around,O
T0616,200000,B-ANNUAL_INCOME
T0617,Main,O
T0617,Tamil,B-STATE
T0617,Nadu,I-STATE
T0617,se,O
T0617,ek,O
T0617,bunkar,B-OCCUPATION
T0617,hu,O
T0617,meri,O
T0617,umar,O
T0617,57,B-AGE
T0617,saal,O
T0617,hai,O
T0617,aur,O
T0617,saalana,O
T0617,kamai,O
T0617,600000,B-ANNUAL_INCOME
T0617,rupe,O
T0617,hai,O
T0618,I,O
T0618,belong,O
T0618,to,O
T0618,ST,B-CASTE_CATEGORY
T0618,category,O
T0618,from,O
T0618,Bihar,B-STATE
T0618,Age,O
T0618,is,O
T0618,64,B-AGE
T0618,profession,O
T0618,is,O
T0618,artisan,B-OCCUPATION
T0618,income,O
T0618,around,O
T0618,200000,B-ANNUAL_INCOME
T0619,Mera,O
T0619,naam,O
T0619,Ramesh,O
T0619,hai,O
T0619,main,O
T0619,Tamil,B-STATE
T0619,Nadu,I-STATE
T0619,ka,O
T0619,rehne,O
T0619,wala,O
T0619,hu,O
T0619,Main,O
T0619,OBC,B-CASTE_CATEGORY
T0619,category,O
T0619,se,O
T0619,ek,O
T0619,purush,B-GENDER
T0619,hu,O
T0619,aur,O
T0619,unemployed,B-OCCUPATION
T0619,hu,O
T0619,Aamdani,O
T0619,350000,B-ANNUAL_INCOME
T0619,per,O
T0619,year,O
T0619,hai,O
T0620,Main,O
T0620,Madhya,B-STATE
T0620,Pradesh,I-STATE
T0620,se,O
T0620,ek,O
T0620,daily,B-OCCUPATION
T0620,wage,I-OCCUPATION
T0620,worker,I-OCCUPATION
T0620,hu,O
T0620,meri,O
T0620,umar,O
T0620,37,B-AGE
T0620,saal,O
T0620,hai,O
T0620,aur,O
T0620,saalana,O
T0620,kamai,O
T0620,45000,B-ANNUAL_INCOME
T0620,rupe,O
T0620,hai,O
T0621,Namaste,O
T0621,main,O
T0621,22,B-AGE
T0621,varsh,O
T0621,ka,O
T0621,labour,B-OCCUPATION
T0621,hu,O
T0621,Tamil,B-STATE
T0621,Nadu,I-STATE
T0621,se,O
T0621,Meri,O
T0621,income,O
T0621,350000,B-ANNUAL_INCOME
T0621,rupaye,O
T0621,hai,O
T0621,aur,O
T0621,main,O
T0621,SC,B-CASTE_CATEGORY
T0621,varg,O
T0621,se,O
T0621,hoon,O
T0621,Main,O
T0621,divyang,B-DISABILITY
T0621,hu,O
T0622,I,O
T0622,belong,O
T0622,to,O
T0622,ST,B-CASTE_CATEGORY
T0622,category,O
T0622,from,O
T0622,Uttar,B-STATE
T0622,Pradesh,I-STATE
T0622,Age,O
T0622,is,O
T0622,55,B-AGE
T0622,profession,O
T0622,is,O
T0622,berojgar,B-OCCUPATION
T0622,income,O
T0622,around,O
T0622,0,B-ANNUAL_INCOME
T0623,I,O
T0623,am,O
T0623,a,O
T0623,30,B-AGE
T0623,year,O
T0623,old,O
T0623,female,B-GENDER
T0623,berojgar,B-OCCUPATION
T0623,living,O
T0623,in,O
T0623,Maharashtra,B-STATE
T0623,My,O
T0623,annual,O
T0623,household,O
T0623,income,O
T0623,is,O
T0623,45000,B-ANNUAL_INCOME
T0623,rupees,O
T0624,Main,O
T0624,Maharashtra,B-STATE
T0624,se,O
T0624,ek,O
T0624,rehri,B-OCCUPATION
T0624,wala,I-OCCUPATION
T0624,hu,O
T0624,meri,O
T0624,umar,O
T0624,50,B-AGE
T0624,saal,O
T0624,hai,O
T0624,aur,O
T0624,saalana,O
T0624,kamai,O
T0624,45000,B-ANNUAL_INCOME
T0624,rupe,O
T0624,hai,O
T0625,Main,O
T0625,Karnataka,B-STATE
T0625,se,O
T0625,ek,O
T0625,mazdoor,B-OCCUPATION
T0625,hu,O
T0625,meri,O
T0625,umar,O
T0625,36,B-AGE
T0625,saal,O
T0625,hai,O
T0625,aur,O
T0625,saalana,O
T0625,kamai,O
T0625,45000,B-ANNUAL_INCOME
T0625,rupe,O
T0625,hai,O
T0626,I,O
T0626,belong,O
T0626,to,O
T0626,ST,B-CASTE_CATEGORY
T0626,category,O
T0626,from,O
T0626,Karnataka,B-STATE
T0626,Age,O
T0626,is,O
T0626,64,B-AGE
T0626,profession,O
T0626,is,O
T0626,daily,B-OCCUPATION
T0626,wage,I-OCCUPATION
T0626,worker,I-OCCUPATION
T0626,income,O
T0626,around,O
T0626,45000,B-ANNUAL_INCOME
T0627,Main,O
T0627,Rajasthan,B-STATE
T0627,se,O
T0627,ek,O
T0627,student,B-OCCUPATION
T0627,hu,O
T0627,meri,O
T0627,umar,O
T0627,45,B-AGE
T0627,saal,O
T0627,hai,O
T0627,aur,O
T0627,saalana,O
T0627,kamai,O
T0627,80000,B-ANNUAL_INCOME
T0627,rupe,O
T0627,hai,O
T0628,I,O
T0628,am,O
T0628,a,O
T0628,46,B-AGE
T0628,year,O
T0628,old,O
T0628,female,B-GENDER
T0628,unemployed,B-OCCUPATION
T0628,living,O
T0628,in,O
T0628,Karnataka,B-STATE
T0628,My,O
T0628,annual,O
T0628,household,O
T0628,income,O
T0628,is,O
T0628,80000,B-ANNUAL_INCOME
T0628,rupees,O
T0629,I,O
T0629,am,O
T0629,a,O
T0629,18,B-AGE
T0629,year,O
T0629,old,O
T0629,male,B-GENDER
T0629,labour,B-OCCUPATION
T0629,living,O
T0629,in,O
T0629,Uttar,B-STATE
T0629,Pradesh,I-STATE
T0629,My,O
T0629,annual,O
T0629,household,O
T0629,income,O
T0629,is,O
T0629,80000,B-ANNUAL_INCOME
T0629,rupees,O
T0630,I,O
T0630,belong,O
T0630,to,O
T0630,General,B-CASTE_CATEGORY
T0630,category,O
T0630,from,O
T0630,Rajasthan,B-STATE
T0630,Age,O
T0630,is,O
T0630,47,B-AGE
T0630,profession,O
T0630,is,O
T0630,weaver,B-OCCUPATION
T0630,income,O
T0630,around,O
T0630,120000,B-ANNUAL_INCOME
T0631,I,O
T0631,am,O
T0631,a,O
T0631,43,B-AGE
T0631,year,O
T0631,old,O
T0631,male,B-GENDER
T0631,artisan,B-OCCUPATION
T0631,living,O
T0631,in,O
T0631,Maharashtra,B-STATE
T0631,My,O
T0631,annual,O
T0631,household,O
T0631,income,O
T0631,is,O
T0631,0,B-ANNUAL_INCOME
T0631,rupees,O
T0632,I,O
T0632,belong,O
T0632,to,O
T0632,ST,B-CASTE_CATEGORY
T0632,category,O
T0632,from,O
T0632,Bihar,B-STATE
T0632,Age,O
T0632,is,O
T0632,32,B-AGE
T0632,profession,O
T0632,is,O
T0632,artisan,B-OCCUPATION
T0632,income,O
T0632,around,O
T0632,45000,B-ANNUAL_INCOME
T0633,I,O
T0633,belong,O
T0633,to,O
T0633,OBC,B-CASTE_CATEGORY
T0633,category,O
T0633,from,O
T0633,Maharashtra,B-STATE
T0633,Age,O
T0633,is,O
T0633,18,B-AGE
T0633,profession,O
T0633,is,O
T0633,kisan,B-OCCUPATION
T0633,income,O
T0633,around,O
T0633,120000,B-ANNUAL_INCOME
T0634,I,O
T0634,am,O
T0634,a,O
T0634,28,B-AGE
T0634,year,O
T0634,old,O
T0634,male,B-GENDER
T0634,farmer,B-OCCUPATION
T0634,living,O
T0634,in,O
T0634,Tamil,B-STATE
T0634,Nadu,I-STATE
T0634,My,O
T0634,annual,O
T0634,household,O
T0634,income,O
T0634,is,O
T0634,120000,B-ANNUAL_INCOME
T0634,rupees,O
T0635,I,O
T0635,am,O
T0635,a,O
T0635,46,B-AGE
T0635,year,O
T0635,old,O
T0635,male,B-GENDER
T0635,artisan,B-OCCUPATION
T0635,living,O
T0635,in,O
T0635,West,B-STATE
T0635,Bengal,I-STATE
T0635,My,O
T0635,annual,O
T0635,household,O
T0635,income,O
T0635,is,O
T0635,45000,B-ANNUAL_INCOME
T0635,rupees,O
T0636,I,O
T0636,am,O
T0636,a,O
T0636,28,B-AGE
T0636,year,O
T0636,old,O
T0636,male,B-GENDER
T0636,rehri,B-OCCUPATION
T0636,wala,I-OCCUPATION
T0636,living,O
T0636,in,O
T0636,Tamil,B-STATE
T0636,Nadu,I-STATE
T0636,My,O
T0636,annual,O
T0636,household,O
T0636,income,O
T0636,is,O
T0636,80000,B-ANNUAL_INCOME
T0636,rupees,O
T0637,Mera,O
T0637,naam,O
T0637,Ramesh,O
T0637,hai,O
T0637,main,O
T0637,Tamil,B-STATE
T0637,Nadu,I-STATE
T0637,ka,O
T0637,rehne,O
T0637,wala,O
T0637,hu,O
T0637,Main,O
T0637,SC,B-CASTE_CATEGORY
T0637,category,O
T0637,se,O
T0637,ek,O
T0637,purush,B-GENDER
T0637,hu,O
T0637,aur,O
T0637,weaver,B-OCCUPATION
T0637,hu,O
T0637,Aamdani,O
T0637,80000,B-ANNUAL_INCOME
T0637,per,O
T0637,year,O
T0637,hai,O
T0638,Namaste,O
T0638,main,O
T0638,40,B-AGE
T0638,varsh,O
T0638,ka,O
T0638,street,B-OCCUPATION
T0638,vendor,I-OCCUPATION
T0638,hu,O
T0638,Bihar,B-STATE
T0638,se,O
T0638,Meri,O
T0638,income,O
T0638,0,B-ANNUAL_INCOME
T0638,rupaye,O
T0638,hai,O
T0638,aur,O
T0638,main,O
T0638,General,B-CASTE_CATEGORY
T0638,varg,O
T0638,se,O
T0638,hoon,O
T0638,Main,O
T0638,divyang,B-DISABILITY
T0638,hu,O
T0639,I,O
T0639,belong,O
T0639,to,O
T0639,ST,B-CASTE_CATEGORY
T0639,category,O
T0639,from,O
T0639,West,B-STATE
T0639,Bengal,I-STATE
T0639,Age,O
T0639,is,O
T0639,55,B-AGE
T0639,profession,O
T0639,is,O
T0639,labour,B-OCCUPATION
T0639,income,O
T0639,around,O
T0639,80000,B-ANNUAL_INCOME
T0640,I,O
T0640,am,O
T0640,a,O
T0640,34,B-AGE
T0640,year,O
T0640,old,O
T0640,male,B-GENDER
T0640,unemployed,B-OCCUPATION
T0640,living,O
T0640,in,O
T0640,Madhya,B-STATE
T0640,Pradesh,I-STATE
T0640,My,O
T0640,annual,O
T0640,household,O
T0640,income,O
T0640,is,O
T0640,600000,B-ANNUAL_INCOME
T0640,rupees,O
T0641,I,O
T0641,belong,O
T0641,to,O
T0641,General,B-CASTE_CATEGORY
T0641,category,O
T0641,from,O
T0641,West,B-STATE
T0641,Bengal,I-STATE
T0641,Age,O
T0641,is,O
T0641,20,B-AGE
T0641,profession,O
T0641,is,O
T0641,chhatra,B-OCCUPATION
T0641,income,O
T0641,around,O
T0641,80000,B-ANNUAL_INCOME
T0642,Mera,O
T0642,naam,O
T0642,Ramesh,O
T0642,hai,O
T0642,main,O
T0642,Karnataka,B-STATE
T0642,ka,O
T0642,rehne,O
T0642,wala,O
T0642,hu,O
T0642,Main,O
T0642,SC,B-CASTE_CATEGORY
T0642,category,O
T0642,se,O
T0642,ek,O
T0642,mahila,B-GENDER
T0642,hu,O
T0642,aur,O
T0642,weaver,B-OCCUPATION
T0642,hu,O
T0642,Aamdani,O
T0642,600000,B-ANNUAL_INCOME
T0642,per,O
T0642,year,O
T0642,hai,O
T0643,I,O
T0643,am,O
T0643,a,O
T0643,52,B-AGE
T0643,year,O
T0643,old,O
T0643,female,B-GENDER
T0643,kisan,B-OCCUPATION
T0643,living,O
T0643,in,O
T0643,Karnataka,B-STATE
T0643,My,O
T0643,annual,O
T0643,household,O
T0643,income,O
T0643,is,O
T0643,0,B-ANNUAL_INCOME
T0643,rupees,O
T0644,Hi,O
T0644,I,O
T0644,am,O
T0644,45,B-AGE
T0644,years,O
T0644,old,O
T0644,student,B-OCCUPATION
T0644,from,O
T0644,Madhya,B-STATE
T0644,Pradesh,I-STATE
T0644,My,O
T0644,family,O
T0644,income,O
T0644,is,O
T0644,0,B-ANNUAL_INCOME
T0644,and,O
T0644,I,O
T0644,am,O
T0644,differently,B-DISABILITY
T0644,abled,I-DISABILITY
T0645,Mera,O
T0645,naam,O
T0645,Ramesh,O
T0645,hai,O
T0645,main,O
T0645,Madhya,B-STATE
T0645,Pradesh,I-STATE
T0645,ka,O
T0645,rehne,O
T0645,wala,O
T0645,hu,O
T0645,Main,O
T0645,OBC,B-CASTE_CATEGORY
T0645,category,O
T0645,se,O
T0645,ek,O
T0645,purush,B-GENDER
T0645,hu,O
T0645,aur,O
T0645,mazdoor,B-OCCUPATION
T0645,hu,O
T0645,Aamdani,O
T0645,200000,B-ANNUAL_INCOME
T0645,per,O
T0645,year,O
T0645,hai,O
T0646,Hi,O
T0646,I,O
T0646,am,O
T0646,27,B-AGE
T0646,years,O
T0646,old,O
T0646,student,O
T0646,from,O
T0646,Uttar,B-STATE
T0646,Pradesh,I-STATE
T0646,My,O
T0646,family,O
T0646,income,O
T0646,is,O
T0646,200000,B-ANNUAL_INCOME
T0646,and,O
T0646,I,O
T0646,am,O
T0646,differently,B-DISABILITY
T0646,abled,I-DISABILITY
T0647,Hi,O
T0647,I,O
T0647,am,O
T0647,34,B-AGE
T0647,years,O
T0647,old,O
T0647,student,O
T0647,from,O
T0647,Madhya,B-STATE
T0647,Pradesh,I-STATE
T0647,My,O
T0647,family,O
T0647,income,O
T0647,is,O
T0647,350000,B-ANNUAL_INCOME
T0647,and,O
T0647,I,O
T0647,am,O
T0647,differently,B-DISABILITY
T0647,abled,I-DISABILITY
T0648,I,O
T0648,belong,O
T0648,to,O
T0648,SC,B-CASTE_CATEGORY
T0648,category,O
T0648,from,O
T0648,Tamil,B-STATE
T0648,Nadu,I-STATE
T0648,Age,O
T0648,is,O
T0648,61,B-AGE
T0648,profession,O
T0648,is,O
T0648,kisan,B-OCCUPATION
T0648,income,O
T0648,around,O
T0648,600000,B-ANNUAL_INCOME
T0649,Mera,O
T0649,naam,O
T0649,Ramesh,O
T0649,hai,O
T0649,main,O
T0649,Tamil,B-STATE
T0649,Nadu,I-STATE
T0649,ka,O
T0649,rehne,O
T0649,wala,O
T0649,hu,O
T0649,Main,O
T0649,SC,B-CASTE_CATEGORY
T0649,category,O
T0649,se,O
T0649,ek,O
T0649,purush,B-GENDER
T0649,hu,O
T0649,aur,O
T0649,student,B-OCCUPATION
T0649,hu,O
T0649,Aamdani,O
T0649,0,B-ANNUAL_INCOME
T0649,per,O
T0649,year,O
T0649,hai,O
T0650,Hi,O
T0650,I,O
T0650,am,O
T0650,40,B-AGE
T0650,years,O
T0650,old,O
T0650,student,O
T0650,from,O
T0650,Madhya,B-STATE
T0650,Pradesh,I-STATE
T0650,My,O
T0650,family,O
T0650,income,O
T0650,is,O
T0650,200000,B-ANNUAL_INCOME
T0650,and,O
T0650,I,O
T0650,am,O
T0650,differently,B-DISABILITY
T0650,abled,I-DISABILITY
T0651,Hi,O
T0651,I,O
T0651,am,O
T0651,52,B-AGE
T0651,years,O
T0651,old,O
T0651,student,O
T0651,from,O
T0651,Madhya,B-STATE
T0651,Pradesh,I-STATE
T0651,My,O
T0651,family,O
T0651,income,O
T0651,is,O
T0651,600000,B-ANNUAL_INCOME
T0651,and,O
T0651,I,O
T0651,am,O
T0651,differently,B-DISABILITY
T0651,abled,I-DISABILITY
T0652,Namaste,O
T0652,main,O
T0652,23,B-AGE
T0652,varsh,O
T0652,ka,O
T0652,mazdoor,B-OCCUPATION
T0652,hu,O
T0652,West,B-STATE
T0652,Bengal,I-STATE
T0652,se,O
T0652,Meri,O
T0652,income,O
T0652,600000,B-ANNUAL_INCOME
T0652,rupaye,O
T0652,hai,O
T0652,aur,O
T0652,main,O
T0652,ST,B-CASTE_CATEGORY
T0652,varg,O
T0652,se,O
T0652,hoon,O
T0652,Main,O
T0652,divyang,B-DISABILITY
T0652,hu,O
T0653,Hi,O
T0653,I,O
T0653,am,O
T0653,37,B-AGE
T0653,years,O
T0653,old,O
T0653,student,O
T0653,from,O
T0653,Tamil,B-STATE
T0653,Nadu,I-STATE
T0653,My,O
T0653,family,O
T0653,income,O
T0653,is,O
T0653,120000,B-ANNUAL_INCOME
T0653,and,O
T0653,I,O
T0653,am,O
T0653,differently,B-DISABILITY
T0653,abled,I-DISABILITY
T0654,Mera,O
T0654,naam,O
T0654,Ramesh,O
T0654,hai,O
T0654,main,O
T0654,Maharashtra,B-STATE
T0654,ka,O
T0654,rehne,O
T0654,wala,O
T0654,hu,O
T0654,Main,O
T0654,OBC,B-CASTE_CATEGORY
T0654,category,O
T0654,se,O
T0654,ek,O
T0654,purush,B-GENDER
T0654,hu,O
T0654,aur,O
T0654,labour,B-OCCUPATION
T0654,hu,O
T0654,Aamdani,O
T0654,200000,B-ANNUAL_INCOME
T0654,per,O
T0654,year,O
T0654,hai,O
T0655,Mera,O
T0655,naam,O
T0655,Ramesh,O
T0655,hai,O
T0655,main,O
T0655,Uttar,B-STATE
T0655,Pradesh,I-STATE
T0655,ka,O
T0655,rehne,O
T0655,wala,O
T0655,hu,O
T0655,Main,O
T0655,General,B-CASTE_CATEGORY
T0655,category,O
T0655,se,O
T0655,ek,O
T0655,mahila,B-GENDER
T0655,hu,O
T0655,aur,O
T0655,unemployed,B-OCCUPATION
T0655,hu,O
T0655,Aamdani,O
T0655,600000,B-ANNUAL_INCOME
T0655,per,O
T0655,year,O
T0655,hai,O
T0656,I,O
T0656,am,O
T0656,a,O
T0656,61,B-AGE
T0656,year,O
T0656,old,O
T0656,male,B-GENDER
T0656,student,B-OCCUPATION
T0656,living,O
T0656,in,O
T0656,Maharashtra,B-STATE
T0656,My,O
T0656,annual,O
T0656,household,O
T0656,income,O
T0656,is,O
T0656,120000,B-ANNUAL_INCOME
T0656,rupees,O
T0657,I,O
T0657,am,O
T0657,a,O
T0657,19,B-AGE
T0657,year,O
T0657,old,O
T0657,female,B-GENDER
T0657,rehri,B-OCCUPATION
T0657,wala,I-OCCUPATION
T0657,living,O
T0657,in,O
T0657,Tamil,B-STATE
T0657,Nadu,I-STATE
T0657,My,O
T0657,annual,O
T0657,household,O
T0657,income,O
T0657,is,O
T0657,120000,B-ANNUAL_INCOME
T0657,rupees,O
T0658,I,O
T0658,belong,O
T0658,to,O
T0658,OBC,B-CASTE_CATEGORY
T0658,category,O
T0658,from,O
T0658,Uttar,B-STATE
T0658,Pradesh,I-STATE
T0658,Age,O
T0658,is,O
T0658,35,B-AGE
T0658,profession,O
T0658,is,O
T0658,rehri,B-OCCUPATION
T0658,wala,I-OCCUPATION
T0658,income,O
T0658,around,O
T0658,45000,B-ANNUAL_INCOME
T0659,Main,O
T0659,Rajasthan,B-STATE
T0659,se,O
T0659,ek,O
T0659,rehri,B-OCCUPATION
T0659,wala,I-OCCUPATION
T0659,hu,O
T0659,meri,O
T0659,umar,O
T0659,30,B-AGE
T0659,saal,O
T0659,hai,O
T0659,aur,O
T0659,saalana,O
T0659,kamai,O
T0659,80000,B-ANNUAL_INCOME
T0659,rupe,O
T0659,hai,O
T0660,Namaste,O
T0660,main,O
T0660,54,B-AGE
T0660,varsh,O
T0660,ka,O
T0660,rehri,B-OCCUPATION
T0660,wala,I-OCCUPATION
T0660,hu,O
T0660,Tamil,B-STATE
T0660,Nadu,I-STATE
T0660,se,O
T0660,Meri,O
T0660,income,O
T0660,350000,B-ANNUAL_INCOME
T0660,rupaye,O
T0660,hai,O
T0660,aur,O
T0660,main,O
T0660,ST,B-CASTE_CATEGORY
T0660,varg,O
T0660,se,O
T0660,hoon,O
T0660,Main,O
T0660,divyang,B-DISABILITY
T0660,hu,O
T0661,Mera,O
T0661,naam,O
T0661,Ramesh,O
T0661,hai,O
T0661,main,O
T0661,Bihar,B-STATE
T0661,ka,O
T0661,rehne,O
T0661,wala,O
T0661,hu,O
T0661,Main,O
T0661,OBC,B-CASTE_CATEGORY
T0661,category,O
T0661,se,O
T0661,ek,O
T0661,purush,B-GENDER
T0661,hu,O
T0661,aur,O
T0661,berojgar,B-OCCUPATION
T0661,hu,O
T0661,Aamdani,O
T0661,80000,B-ANNUAL_INCOME
T0661,per,O
T0661,year,O
T0661,hai,O
T0662,Main,O
T0662,Uttar,B-STATE
T0662,Pradesh,I-STATE
T0662,se,O
T0662,ek,O
T0662,daily,B-OCCUPATION
T0662,wage,I-OCCUPATION
T0662,worker,I-OCCUPATION
T0662,hu,O
T0662,meri,O
T0662,umar,O
T0662,50,B-AGE
T0662,saal,O
T0662,hai,O
T0662,aur,O
T0662,saalana,O
T0662,kamai,O
T0662,600000,B-ANNUAL_INCOME
T0662,rupe,O
T0662,hai,O
T0663,Hi,O
T0663,I,O
T0663,am,O
T0663,28,B-AGE
T0663,years,O
T0663,old,O
T0663,student,O
T0663,from,O
T0663,Maharashtra,B-STATE
T0663,My,O
T0663,family,O
T0663,income,O
T0663,is,O
T0663,120000,B-ANNUAL_INCOME
T0663,and,O
T0663,I,O
T0663,am,O
T0663,differently,B-DISABILITY
T0663,abled,I-DISABILITY
T0664,I,O
T0664,am,O
T0664,a,O
T0664,41,B-AGE
T0664,year,O
T0664,old,O
T0664,female,B-GENDER
T0664,weaver,B-OCCUPATION
T0664,living,O
T0664,in,O
T0664,Rajasthan,B-STATE
T0664,My,O
T0664,annual,O
T0664,household,O
T0664,income,O
T0664,is,O
T0664,200000,B-ANNUAL_INCOME
T0664,rupees,O
T0665,I,O
T0665,belong,O
T0665,to,O
T0665,OBC,B-CASTE_CATEGORY
T0665,category,O
T0665,from,O
T0665,Bihar,B-STATE
T0665,Age,O
T0665,is,O
T0665,51,B-AGE
T0665,profession,O
T0665,is,O
T0665,artisan,B-OCCUPATION
T0665,income,O
T0665,around,O
T0665,600000,B-ANNUAL_INCOME
T0666,I,O
T0666,am,O
T0666,a,O
T0666,47,B-AGE
T0666,year,O
T0666,old,O
T0666,female,B-GENDER
T0666,student,B-OCCUPATION
T0666,living,O
T0666,in,O
T0666,West,B-STATE
T0666,Bengal,I-STATE
T0666,My,O
T0666,annual,O
T0666,household,O
T0666,income,O
T0666,is,O
T0666,45000,B-ANNUAL_INCOME
T0666,rupees,O
T0667,I,O
T0667,belong,O
T0667,to,O
T0667,ST,B-CASTE_CATEGORY
T0667,category,O
T0667,from,O
T0667,Karnataka,B-STATE
T0667,Age,O
T0667,is,O
T0667,32,B-AGE
T0667,profession,O
T0667,is,O
T0667,farmer,B-OCCUPATION
T0667,income,O
T0667,around,O
T0667,600000,B-ANNUAL_INCOME
T0668,Main,O
T0668,West,B-STATE
T0668,Bengal,I-STATE
T0668,se,O
T0668,ek,O
T0668,mazdoor,B-OCCUPATION
T0668,hu,O
T0668,meri,O
T0668,umar,O
T0668,51,B-AGE
T0668,saal,O
T0668,hai,O
T0668,aur,O
T0668,saalana,O
T0668,kamai,O
T0668,120000,B-ANNUAL_INCOME
T0668,rupe,O
T0668,hai,O
T0669,I,O
T0669,belong,O
T0669,to,O
T0669,ST,B-CASTE_CATEGORY
T0669,category,O
T0669,from,O
T0669,Uttar,B-STATE
T0669,Pradesh,I-STATE
T0669,Age,O
T0669,is,O
T0669,58,B-AGE
T0669,profession,O
T0669,is,O
T0669,chhatra,B-OCCUPATION
T0669,income,O
T0669,around,O
T0669,600000,B-ANNUAL_INCOME
T0670,I,O
T0670,belong,O
T0670,to,O
T0670,ST,B-CASTE_CATEGORY
T0670,category,O
T0670,from,O
T0670,Karnataka,B-STATE
T0670,Age,O
T0670,is,O
T0670,53,B-AGE
T0670,profession,O
T0670,is,O
T0670,student,B-OCCUPATION
T0670,income,O
T0670,around,O
T0670,350000,B-ANNUAL_INCOME
T0671,I,O
T0671,belong,O
T0671,to,O
T0671,OBC,B-CASTE_CATEGORY
T0671,category,O
T0671,from,O
T0671,Bihar,B-STATE
T0671,Age,O
T0671,is,O
T0671,56,B-AGE
T0671,profession,O
T0671,is,O
T0671,labour,B-OCCUPATION
T0671,income,O
T0671,around,O
T0671,350000,B-ANNUAL_INCOME
T0672,Mera,O
T0672,naam,O
T0672,Ramesh,O
T0672,hai,O
T0672,main,O
T0672,Tamil,B-STATE
T0672,Nadu,I-STATE
T0672,ka,O
T0672,rehne,O
T0672,wala,O
T0672,hu,O
T0672,Main,O
T0672,SC,B-CASTE_CATEGORY
T0672,category,O
T0672,se,O
T0672,ek,O
T0672,purush,B-GENDER
T0672,hu,O
T0672,aur,O
T0672,labour,B-OCCUPATION
T0672,hu,O
T0672,Aamdani,O
T0672,200000,B-ANNUAL_INCOME
T0672,per,O
T0672,year,O
T0672,hai,O
T0673,Main,O
T0673,Bihar,B-STATE
T0673,se,O
T0673,ek,O
T0673,street,B-OCCUPATION
T0673,vendor,I-OCCUPATION
T0673,hu,O
T0673,meri,O
T0673,umar,O
T0673,40,B-AGE
T0673,saal,O
T0673,hai,O
T0673,aur,O
T0673,saalana,O
T0673,kamai,O
T0673,200000,B-ANNUAL_INCOME
T0673,rupe,O
T0673,hai,O
T0674,Mera,O
T0674,naam,O
T0674,Ramesh,O
T0674,hai,O
T0674,main,O
T0674,Maharashtra,B-STATE
T0674,ka,O
T0674,rehne,O
T0674,wala,O
T0674,hu,O
T0674,Main,O
T0674,OBC,B-CASTE_CATEGORY
T0674,category,O
T0674,se,O
T0674,ek,O
T0674,purush,B-GENDER
T0674,hu,O
T0674,aur,O
T0674,mazdoor,B-OCCUPATION
T0674,hu,O
T0674,Aamdani,O
T0674,120000,B-ANNUAL_INCOME
T0674,per,O
T0674,year,O
T0674,hai,O
T0675,Hi,O
T0675,I,O
T0675,am,O
T0675,60,B-AGE
T0675,years,O
T0675,old,O
T0675,student,O
T0675,from,O
T0675,Maharashtra,B-STATE
T0675,My,O
T0675,family,O
T0675,income,O
T0675,is,O
T0675,600000,B-ANNUAL_INCOME
T0675,and,O
T0675,I,O
T0675,am,O
T0675,differently,B-DISABILITY
T0675,abled,I-DISABILITY
T0676,I,O
T0676,am,O
T0676,a,O
T0676,52,B-AGE
T0676,year,O
T0676,old,O
T0676,male,B-GENDER
T0676,berojgar,B-OCCUPATION
T0676,living,O
T0676,in,O
T0676,Madhya,B-STATE
T0676,Pradesh,I-STATE
T0676,My,O
T0676,annual,O
T0676,household,O
T0676,income,O
T0676,is,O
T0676,200000,B-ANNUAL_INCOME
T0676,rupees,O
T0677,Main,O
T0677,Karnataka,B-STATE
T0677,se,O
T0677,ek,O
T0677,chhatra,B-OCCUPATION
T0677,hu,O
T0677,meri,O
T0677,umar,O
T0677,36,B-AGE
T0677,saal,O
T0677,hai,O
T0677,aur,O
T0677,saalana,O
T0677,kamai,O
T0677,120000,B-ANNUAL_INCOME
T0677,rupe,O
T0677,hai,O
T0678,Mera,O
T0678,naam,O
T0678,Ramesh,O
T0678,hai,O
T0678,main,O
T0678,West,B-STATE
T0678,Bengal,I-STATE
T0678,ka,O
T0678,rehne,O
T0678,wala,O
T0678,hu,O
T0678,Main,O
T0678,OBC,B-CASTE_CATEGORY
T0678,category,O
T0678,se,O
T0678,ek,O
T0678,mahila,B-GENDER
T0678,hu,O
T0678,aur,O
T0678,daily,B-OCCUPATION
T0678,wage,I-OCCUPATION
T0678,worker,I-OCCUPATION
T0678,hu,O
T0678,Aamdani,O
T0678,200000,B-ANNUAL_INCOME
T0678,per,O
T0678,year,O
T0678,hai,O
T0679,Namaste,O
T0679,main,O
T0679,37,B-AGE
T0679,varsh,O
T0679,ka,O
T0679,student,B-OCCUPATION
T0679,hu,O
T0679,Uttar,B-STATE
T0679,Pradesh,I-STATE
T0679,se,O
T0679,Meri,O
T0679,income,O
T0679,350000,B-ANNUAL_INCOME
T0679,rupaye,O
T0679,hai,O
T0679,aur,O
T0679,main,O
T0679,General,B-CASTE_CATEGORY
T0679,varg,O
T0679,se,O
T0679,hoon,O
T0679,Main,O
T0679,divyang,B-DISABILITY
T0679,hu,O
T0680,I,O
T0680,belong,O
T0680,to,O
T0680,General,B-CASTE_CATEGORY
T0680,category,O
T0680,from,O
T0680,West,B-STATE
T0680,Bengal,I-STATE
T0680,Age,O
T0680,is,O
T0680,54,B-AGE
T0680,profession,O
T0680,is,O
T0680,farmer,B-OCCUPATION
T0680,income,O
T0680,around,O
T0680,80000,B-ANNUAL_INCOME
T0681,Main,O
T0681,Tamil,B-STATE
T0681,Nadu,I-STATE
T0681,se,O
T0681,ek,O
T0681,student,B-OCCUPATION
T0681,hu,O
T0681,meri,O
T0681,umar,O
T0681,38,B-AGE
T0681,saal,O
T0681,hai,O
T0681,aur,O
T0681,saalana,O
T0681,kamai,O
T0681,45000,B-ANNUAL_INCOME
T0681,rupe,O
T0681,hai,O
T0682,Hi,O
T0682,I,O
T0682,am,O
T0682,32,B-AGE
T0682,years,O
T0682,old,O
T0682,student,O
T0682,from,O
T0682,Uttar,B-STATE
T0682,Pradesh,I-STATE
T0682,My,O
T0682,family,O
T0682,income,O
T0682,is,O
T0682,45000,B-ANNUAL_INCOME
T0682,and,O
T0682,I,O
T0682,am,O
T0682,differently,B-DISABILITY
T0682,abled,I-DISABILITY
T0683,Main,O
T0683,Madhya,B-STATE
T0683,Pradesh,I-STATE
T0683,se,O
T0683,ek,O
T0683,unemployed,B-OCCUPATION
T0683,hu,O
T0683,meri,O
T0683,umar,O
T0683,25,B-AGE
T0683,saal,O
T0683,hai,O
T0683,aur,O
T0683,saalana,O
T0683,kamai,O
T0683,0,B-ANNUAL_INCOME
T0683,rupe,O
T0683,hai,O
T0684,I,O
T0684,am,O
T0684,a,O
T0684,61,B-AGE
T0684,year,O
T0684,old,O
T0684,male,B-GENDER
T0684,labour,B-OCCUPATION
T0684,living,O
T0684,in,O
T0684,Tamil,B-STATE
T0684,Nadu,I-STATE
T0684,My,O
T0684,annual,O
T0684,household,O
T0684,income,O
T0684,is,O
T0684,80000,B-ANNUAL_INCOME
T0684,rupees,O
T0685,Hi,O
T0685,I,O
T0685,am,O
T0685,20,B-AGE
T0685,years,O
T0685,old,O
T0685,student,O
T0685,from,O
T0685,Bihar,B-STATE
T0685,My,O
T0685,family,O
T0685,income,O
T0685,is,O
T0685,80000,B-ANNUAL_INCOME
T0685,and,O
T0685,I,O
T0685,am,O
T0685,differently,B-DISABILITY
T0685,abled,I-DISABILITY
T0686,Main,O
T0686,Madhya,B-STATE
T0686,Pradesh,I-STATE
T0686,se,O
T0686,ek,O
T0686,berojgar,B-OCCUPATION
T0686,hu,O
T0686,meri,O
T0686,umar,O
T0686,39,B-AGE
T0686,saal,O
T0686,hai,O
T0686,aur,O
T0686,saalana,O
T0686,kamai,O
T0686,80000,B-ANNUAL_INCOME
T0686,rupe,O
T0686,hai,O
T0687,Namaste,O
T0687,main,O
T0687,43,B-AGE
T0687,varsh,O
T0687,ka,O
T0687,student,B-OCCUPATION
T0687,hu,O
T0687,Karnataka,B-STATE
T0687,se,O
T0687,Meri,O
T0687,income,O
T0687,45000,B-ANNUAL_INCOME
T0687,rupaye,O
T0687,hai,O
T0687,aur,O
T0687,main,O
T0687,SC,B-CASTE_CATEGORY
T0687,varg,O
T0687,se,O
T0687,hoon,O
T0687,Main,O
T0687,divyang,B-DISABILITY
T0687,hu,O
T0688,Namaste,O
T0688,main,O
T0688,28,B-AGE
T0688,varsh,O
T0688,ka,O
T0688,student,B-OCCUPATION
T0688,hu,O
T0688,Tamil,B-STATE
T0688,Nadu,I-STATE
T0688,se,O
T0688,Meri,O
T0688,income,O
T0688,120000,B-ANNUAL_INCOME
T0688,rupaye,O
T0688,hai,O
T0688,aur,O
T0688,main,O
T0688,General,B-CASTE_CATEGORY
T0688,varg,O
T0688,se,O
T0688,hoon,O
T0688,Main,O
T0688,divyang,B-DISABILITY
T0688,hu,O
T0689,Hi,O
T0689,I,O
T0689,am,O
T0689,46,B-AGE
T0689,years,O
T0689,old,O
T0689,student,O
T0689,from,O
T0689,Uttar,B-STATE
T0689,Pradesh,I-STATE
T0689,My,O
T0689,family,O
T0689,income,O
T0689,is,O
T0689,0,B-ANNUAL_INCOME
T0689,and,O
T0689,I,O
T0689,am,O
T0689,differently,B-DISABILITY
T0689,abled,I-DISABILITY
T0690,Hi,O
T0690,I,O
T0690,am,O
T0690,55,B-AGE
T0690,years,O
T0690,old,O
T0690,student,O
T0690,from,O
T0690,Maharashtra,B-STATE
T0690,My,O
T0690,family,O
T0690,income,O
T0690,is,O
T0690,45000,B-ANNUAL_INCOME
T0690,and,O
T0690,I,O
T0690,am,O
T0690,differently,B-DISABILITY
T0690,abled,I-DISABILITY
T0691,Hi,O
T0691,I,O
T0691,am,O
T0691,26,B-AGE
T0691,years,O
T0691,old,O
T0691,student,O
T0691,from,O
T0691,Karnataka,B-STATE
T0691,My,O
T0691,family,O
T0691,income,O
T0691,is,O
T0691,600000,B-ANNUAL_INCOME
T0691,and,O
T0691,I,O
T0691,am,O
T0691,differently,B-DISABILITY
T0691,abled,I-DISABILITY
T0692,I,O
T0692,belong,O
T0692,to,O
T0692,SC,B-CASTE_CATEGORY
T0692,category,O
T0692,from,O
T0692,Karnataka,B-STATE
T0692,Age,O
T0692,is,O
T0692,32,B-AGE
T0692,profession,O
T0692,is,O
T0692,chhatra,B-OCCUPATION
T0692,income,O
T0692,around,O
T0692,200000,B-ANNUAL_INCOME
T0693,Main,O
T0693,Madhya,B-STATE
T0693,Pradesh,I-STATE
T0693,se,O
T0693,ek,O
T0693,labour,B-OCCUPATION
T0693,hu,O
T0693,meri,O
T0693,umar,O
T0693,37,B-AGE
T0693,saal,O
T0693,hai,O
T0693,aur,O
T0693,saalana,O
T0693,kamai,O
T0693,200000,B-ANNUAL_INCOME
T0693,rupe,O
T0693,hai,O
T0694,Main,O
T0694,West,B-STATE
T0694,Bengal,I-STATE
T0694,se,O
T0694,ek,O
T0694,chhatra,B-OCCUPATION
T0694,hu,O
T0694,meri,O
T0694,umar,O
T0694,43,B-AGE
T0694,saal,O
T0694,hai,O
T0694,aur,O
T0694,saalana,O
T0694,kamai,O
T0694,45000,B-ANNUAL_INCOME
T0694,rupe,O
T0694,hai,O
T0695,Hi,O
T0695,I,O
T0695,am,O
T0695,32,B-AGE
T0695,years,O
T0695,old,O
T0695,student,O
T0695,from,O
T0695,Uttar,B-STATE
T0695,Pradesh,I-STATE
T0695,My,O
T0695,family,O
T0695,income,O
T0695,is,O
T0695,350000,B-ANNUAL_INCOME
T0695,and,O
T0695,I,O
T0695,am,O
T0695,differently,B-DISABILITY
T0695,abled,I-DISABILITY
T0696,Mera,O
T0696,naam,O
T0696,Ramesh,O
T0696,hai,O
T0696,main,O
T0696,Rajasthan,B-STATE
T0696,ka,O
T0696,rehne,O
T0696,wala,O
T0696,hu,O
T0696,Main,O
T0696,OBC,B-CASTE_CATEGORY
T0696,category,O
T0696,se,O
T0696,ek,O
T0696,mahila,B-GENDER
T0696,hu,O
T0696,aur,O
T0696,bunkar,B-OCCUPATION
T0696,hu,O
T0696,Aamdani,O
T0696,120000,B-ANNUAL_INCOME
T0696,per,O
T0696,year,O
T0696,hai,O
T0697,I,O
T0697,am,O
T0697,a,O
T0697,37,B-AGE
T0697,year,O
T0697,old,O
T0697,female,B-GENDER
T0697,mazdoor,B-OCCUPATION
T0697,living,O
T0697,in,O
T0697,Uttar,B-STATE
T0697,Pradesh,I-STATE
T0697,My,O
T0697,annual,O
T0697,household,O
T0697,income,O
T0697,is,O
T0697,45000,B-ANNUAL_INCOME
T0697,rupees,O
T0698,I,O
T0698,am,O
T0698,a,O
T0698,43,B-AGE
T0698,year,O
T0698,old,O
T0698,female,B-GENDER
T0698,labour,B-OCCUPATION
T0698,living,O
T0698,in,O
T0698,West,B-STATE
T0698,Bengal,I-STATE
T0698,My,O
T0698,annual,O
T0698,household,O
T0698,income,O
T0698,is,O
T0698,45000,B-ANNUAL_INCOME
T0698,rupees,O
T0699,I,O
T0699,belong,O
T0699,to,O
T0699,OBC,B-CASTE_CATEGORY
T0699,category,O
T0699,from,O
T0699,Madhya,B-STATE
T0699,Pradesh,I-STATE
T0699,Age,O
T0699,is,O
T0699,54,B-AGE
T0699,profession,O
T0699,is,O
T0699,student,B-OCCUPATION
T0699,income,O
T0699,around,O
T0699,0,B-ANNUAL_INCOME
T0700,I,O
T0700,am,O
T0700,a,O
T0700,60,B-AGE
T0700,year,O
T0700,old,O
T0700,male,B-GENDER
T0700,unemployed,B-OCCUPATION
T0700,living,O
T0700,in,O
T0700,Tamil,B-STATE
T0700,Nadu,I-STATE
T0700,My,O
T0700,annual,O
T0700,household,O
T0700,income,O
T0700,is,O
T0700,200000,B-ANNUAL_INCOME
T0700,rupees,O
T0701,Mera,O
T0701,naam,O
T0701,Ramesh,O
T0701,hai,O
T0701,main,O
T0701,Bihar,B-STATE
T0701,ka,O
T0701,rehne,O
T0701,wala,O
T0701,hu,O
T0701,Main,O
T0701,SC,B-CASTE_CATEGORY
T0701,category,O
T0701,se,O
T0701,ek,O
T0701,mahila,B-GENDER
T0701,hu,O
T0701,aur,O
T0701,daily,B-OCCUPATION
T0701,wage,I-OCCUPATION
T0701,worker,I-OCCUPATION
T0701,hu,O
T0701,Aamdani,O
T0701,120000,B-ANNUAL_INCOME
T0701,per,O
T0701,year,O
T0701,hai,O
T0702,Mera,O
T0702,naam,O
T0702,Ramesh,O
T0702,hai,O
T0702,main,O
T0702,Maharashtra,B-STATE
T0702,ka,O
T0702,rehne,O
T0702,wala,O
T0702,hu,O
T0702,Main,O
T0702,SC,B-CASTE_CATEGORY
T0702,category,O
T0702,se,O
T0702,ek,O
T0702,purush,B-GENDER
T0702,hu,O
T0702,aur,O
T0702,chhatra,B-OCCUPATION
T0702,hu,O
T0702,Aamdani,O
T0702,45000,B-ANNUAL_INCOME
T0702,per,O
T0702,year,O
T0702,hai,O
T0703,Hi,O
T0703,I,O
T0703,am,O
T0703,23,B-AGE
T0703,years,O
T0703,old,O
T0703,student,O
T0703,from,O
T0703,Madhya,B-STATE
T0703,Pradesh,I-STATE
T0703,My,O
T0703,family,O
T0703,income,O
T0703,is,O
T0703,350000,B-ANNUAL_INCOME
T0703,and,O
T0703,I,O
T0703,am,O
T0703,differently,B-DISABILITY
T0703,abled,I-DISABILITY
T0704,Mera,O
T0704,naam,O
T0704,Ramesh,O
T0704,hai,O
T0704,main,O
T0704,Rajasthan,B-STATE
T0704,ka,O
T0704,rehne,O
T0704,wala,O
T0704,hu,O
T0704,Main,O
T0704,ST,B-CASTE_CATEGORY
T0704,category,O
T0704,se,O
T0704,ek,O
T0704,mahila,B-GENDER
T0704,hu,O
T0704,aur,O
T0704,bunkar,B-OCCUPATION
T0704,hu,O
T0704,Aamdani,O
T0704,200000,B-ANNUAL_INCOME
T0704,per,O
T0704,year,O
T0704,hai,O
T0705,Hi,O
T0705,I,O
T0705,am,O
T0705,21,B-AGE
T0705,years,O
T0705,old,O
T0705,student,B-OCCUPATION
T0705,from,O
T0705,Maharashtra,B-STATE
T0705,My,O
T0705,family,O
T0705,income,O
T0705,is,O
T0705,45000,B-ANNUAL_INCOME
T0705,and,O
T0705,I,O
T0705,am,O
T0705,differently,B-DISABILITY
T0705,abled,I-DISABILITY
T0706,Mera,O
T0706,naam,O
T0706,Ramesh,O
T0706,hai,O
T0706,main,O
T0706,Madhya,B-STATE
T0706,Pradesh,I-STATE
T0706,ka,O
T0706,rehne,O
T0706,wala,O
T0706,hu,O
T0706,Main,O
T0706,General,B-CASTE_CATEGORY
T0706,category,O
T0706,se,O
T0706,ek,O
T0706,purush,B-GENDER
T0706,hu,O
T0706,aur,O
T0706,chhatra,B-OCCUPATION
T0706,hu,O
T0706,Aamdani,O
T0706,45000,B-ANNUAL_INCOME
T0706,per,O
T0706,year,O
T0706,hai,O
T0707,Mera,O
T0707,naam,O
T0707,Ramesh,O
T0707,hai,O
T0707,main,O
T0707,Karnataka,B-STATE
T0707,ka,O
T0707,rehne,O
T0707,wala,O
T0707,hu,O
T0707,Main,O
T0707,ST,B-CASTE_CATEGORY
T0707,category,O
T0707,se,O
T0707,ek,O
T0707,purush,B-GENDER
T0707,hu,O
T0707,aur,O
T0707,daily,B-OCCUPATION
T0707,wage,I-OCCUPATION
T0707,worker,I-OCCUPATION
T0707,hu,O
T0707,Aamdani,O
T0707,120000,B-ANNUAL_INCOME
T0707,per,O
T0707,year,O
T0707,hai,O
T0708,Mera,O
T0708,naam,O
T0708,Ramesh,O
T0708,hai,O
T0708,main,O
T0708,Tamil,B-STATE
T0708,Nadu,I-STATE
T0708,ka,O
T0708,rehne,O
T0708,wala,O
T0708,hu,O
T0708,Main,O
T0708,General,B-CASTE_CATEGORY
T0708,category,O
T0708,se,O
T0708,ek,O
T0708,mahila,B-GENDER
T0708,hu,O
T0708,aur,O
T0708,berojgar,B-OCCUPATION
T0708,hu,O
T0708,Aamdani,O
T0708,0,B-ANNUAL_INCOME
T0708,per,O
T0708,year,O
T0708,hai,O
T0709,Hi,O
T0709,I,O
T0709,am,O
T0709,37,B-AGE
T0709,years,O
T0709,old,O
T0709,student,O
T0709,from,O
T0709,Bihar,B-STATE
T0709,My,O
T0709,family,O
T0709,income,O
T0709,is,O
T0709,600000,B-ANNUAL_INCOME
T0709,and,O
T0709,I,O
T0709,am,O
T0709,differently,B-DISABILITY
T0709,abled,I-DISABILITY
T0710,I,O
T0710,belong,O
T0710,to,O
T0710,ST,B-CASTE_CATEGORY
T0710,category,O
T0710,from,O
T0710,Maharashtra,B-STATE
T0710,Age,O
T0710,is,O
T0710,40,B-AGE
T0710,profession,O
T0710,is,O
T0710,berojgar,B-OCCUPATION
T0710,income,O
T0710,around,O
T0710,200000,B-ANNUAL_INCOME
T0711,Hi,O
T0711,I,O
T0711,am,O
T0711,65,B-AGE
T0711,years,O
T0711,old,O
T0711,student,B-OCCUPATION
T0711,from,O
T0711,Tamil,B-STATE
T0711,Nadu,I-STATE
T0711,My,O
T0711,family,O
T0711,income,O
T0711,is,O
T0711,120000,B-ANNUAL_INCOME
T0711,and,O
T0711,I,O
T0711,am,O
T0711,differently,B-DISABILITY
T0711,abled,I-DISABILITY
T0712,I,O
T0712,am,O
T0712,a,O
T0712,50,B-AGE
T0712,year,O
T0712,old,O
T0712,male,B-GENDER
T0712,labour,B-OCCUPATION
T0712,living,O
T0712,in,O
T0712,Tamil,B-STATE
T0712,Nadu,I-STATE
T0712,My,O
T0712,annual,O
T0712,household,O
T0712,income,O
T0712,is,O
T0712,200000,B-ANNUAL_INCOME
T0712,rupees,O
T0713,I,O
T0713,am,O
T0713,a,O
T0713,39,B-AGE
T0713,year,O
T0713,old,O
T0713,male,B-GENDER
T0713,mazdoor,B-OCCUPATION
T0713,living,O
T0713,in,O
T0713,Tamil,B-STATE
T0713,Nadu,I-STATE
T0713,My,O
T0713,annual,O
T0713,household,O
T0713,income,O
T0713,is,O
T0713,350000,B-ANNUAL_INCOME
T0713,rupees,O
T0714,Mera,O
T0714,naam,O
T0714,Ramesh,O
T0714,hai,O
T0714,main,O
T0714,West,B-STATE
T0714,Bengal,I-STATE
T0714,ka,O
T0714,rehne,O
T0714,wala,O
T0714,hu,O
T0714,Main,O
T0714,ST,B-CASTE_CATEGORY
T0714,category,O
T0714,se,O
T0714,ek,O
T0714,purush,B-GENDER
T0714,hu,O
T0714,aur,O
T0714,chhatra,B-OCCUPATION
T0714,hu,O
T0714,Aamdani,O
T0714,600000,B-ANNUAL_INCOME
T0714,per,O
T0714,year,O
T0714,hai,O
T0715,I,O
T0715,belong,O
T0715,to,O
T0715,SC,B-CASTE_CATEGORY
T0715,category,O
T0715,from,O
T0715,Tamil,B-STATE
T0715,Nadu,I-STATE
T0715,Age,O
T0715,is,O
T0715,18,B-AGE
T0715,profession,O
T0715,is,O
T0715,farmer,B-OCCUPATION
T0715,income,O
T0715,around,O
T0715,0,B-ANNUAL_INCOME
T0716,Namaste,O
T0716,main,O
T0716,51,B-AGE
T0716,varsh,O
T0716,ka,O
T0716,mazdoor,B-OCCUPATION
T0716,hu,O
T0716,Madhya,B-STATE
T0716,Pradesh,I-STATE
T0716,se,O
T0716,Meri,O
T0716,income,O
T0716,0,B-ANNUAL_INCOME
T0716,rupaye,O
T0716,hai,O
T0716,aur,O
T0716,main,O
T0716,OBC,B-CASTE_CATEGORY
T0716,varg,O
T0716,se,O
T0716,hoon,O
T0716,Main,O
T0716,divyang,B-DISABILITY
T0716,hu,O
T0717,Main,O
T0717,Madhya,B-STATE
T0717,Pradesh,I-STATE
T0717,se,O
T0717,ek,O
T0717,labour,B-OCCUPATION
T0717,hu,O
T0717,meri,O
T0717,umar,O
T0717,41,B-AGE
T0717,saal,O
T0717,hai,O
T0717,aur,O
T0717,saalana,O
T0717,kamai,O
T0717,0,B-ANNUAL_INCOME
T0717,rupe,O
T0717,hai,O
T0718,Mera,O
T0718,naam,O
T0718,Ramesh,O
T0718,hai,O
T0718,main,O
T0718,West,B-STATE
T0718,Bengal,I-STATE
T0718,ka,O
T0718,rehne,O
T0718,wala,O
T0718,hu,O
T0718,Main,O
T0718,ST,B-CASTE_CATEGORY
T0718,category,O
T0718,se,O
T0718,ek,O
T0718,purush,B-GENDER
T0718,hu,O
T0718,aur,O
T0718,bunkar,B-OCCUPATION
T0718,hu,O
T0718,Aamdani,O
T0718,80000,B-ANNUAL_INCOME
T0718,per,O
T0718,year,O
T0718,hai,O
T0719,I,O
T0719,belong,O
T0719,to,O
T0719,SC,B-CASTE_CATEGORY
T0719,category,O
T0719,from,O
T0719,Karnataka,B-STATE
T0719,Age,O
T0719,is,O
T0719,56,B-AGE
T0719,profession,O
T0719,is,O
T0719,berojgar,B-OCCUPATION
T0719,income,O
T0719,around,O
T0719,350000,B-ANNUAL_INCOME
T0720,I,O
T0720,belong,O
T0720,to,O
T0720,SC,B-CASTE_CATEGORY
T0720,category,O
T0720,from,O
T0720,Rajasthan,B-STATE
T0720,Age,O
T0720,is,O
T0720,63,B-AGE
T0720,profession,O
T0720,is,O
T0720,unemployed,B-OCCUPATION
T0720,income,O
T0720,around,O
T0720,45000,B-ANNUAL_INCOME
T0721,I,O
T0721,am,O
T0721,a,O
T0721,50,B-AGE
T0721,year,O
T0721,old,O
T0721,male,B-GENDER
T0721,farmer,B-OCCUPATION
T0721,living,O
T0721,in,O
T0721,Bihar,B-STATE
T0721,My,O
T0721,annual,O
T0721,household,O
T0721,income,O
T0721,is,O
T0721,120000,B-ANNUAL_INCOME
T0721,rupees,O
T0722,Namaste,O
T0722,main,O
T0722,62,B-AGE
T0722,varsh,O
T0722,ka,O
T0722,farmer,B-OCCUPATION
T0722,hu,O
T0722,Madhya,B-STATE
T0722,Pradesh,I-STATE
T0722,se,O
T0722,Meri,O
T0722,income,O
T0722,0,B-ANNUAL_INCOME
T0722,rupaye,O
T0722,hai,O
T0722,aur,O
T0722,main,O
T0722,OBC,B-CASTE_CATEGORY
T0722,varg,O
T0722,se,O
T0722,hoon,O
T0722,Main,O
T0722,divyang,B-DISABILITY
T0722,hu,O
T0723,Namaste,O
T0723,main,O
T0723,62,B-AGE
T0723,varsh,O
T0723,ka,O
T0723,rehri,B-OCCUPATION
T0723,wala,I-OCCUPATION
T0723,hu,O
T0723,Rajasthan,B-STATE
T0723,se,O
T0723,Meri,O
T0723,income,O
T0723,80000,B-ANNUAL_INCOME
T0723,rupaye,O
T0723,hai,O
T0723,aur,O
T0723,main,O
T0723,SC,B-CASTE_CATEGORY
T0723,varg,O
T0723,se,O
T0723,hoon,O
T0723,Main,O
T0723,divyang,B-DISABILITY
T0723,hu,O
T0724,I,O
T0724,am,O
T0724,a,O
T0724,62,B-AGE
T0724,year,O
T0724,old,O
T0724,male,B-GENDER
T0724,daily,B-OCCUPATION
T0724,wage,I-OCCUPATION
T0724,worker,I-OCCUPATION
T0724,living,O
T0724,in,O
T0724,West,B-STATE
T0724,Bengal,I-STATE
T0724,My,O
T0724,annual,O
T0724,household,O
T0724,income,O
T0724,is,O
T0724,350000,B-ANNUAL_INCOME
T0724,rupees,O
T0725,I,O
T0725,am,O
T0725,a,O
T0725,31,B-AGE
T0725,year,O
T0725,old,O
T0725,male,B-GENDER
T0725,kisan,B-OCCUPATION
T0725,living,O
T0725,in,O
T0725,Karnataka,B-STATE
T0725,My,O
T0725,annual,O
T0725,household,O
T0725,income,O
T0725,is,O
T0725,600000,B-ANNUAL_INCOME
T0725,rupees,O
T0726,I,O
T0726,am,O
T0726,a,O
T0726,43,B-AGE
T0726,year,O
T0726,old,O
T0726,female,B-GENDER
T0726,farmer,B-OCCUPATION
T0726,living,O
T0726,in,O
T0726,Rajasthan,B-STATE
T0726,My,O
T0726,annual,O
T0726,household,O
T0726,income,O
T0726,is,O
T0726,600000,B-ANNUAL_INCOME
T0726,rupees,O
T0727,Main,O
T0727,Uttar,B-STATE
T0727,Pradesh,I-STATE
T0727,se,O
T0727,ek,O
T0727,labour,B-OCCUPATION
T0727,hu,O
T0727,meri,O
T0727,umar,O
T0727,33,B-AGE
T0727,saal,O
T0727,hai,O
T0727,aur,O
T0727,saalana,O
T0727,kamai,O
T0727,45000,B-ANNUAL_INCOME
T0727,rupe,O
T0727,hai,O
T0728,Mera,O
T0728,naam,O
T0728,Ramesh,O
T0728,hai,O
T0728,main,O
T0728,Karnataka,B-STATE
T0728,ka,O
T0728,rehne,O
T0728,wala,O
T0728,hu,O
T0728,Main,O
T0728,ST,B-CASTE_CATEGORY
T0728,category,O
T0728,se,O
T0728,ek,O
T0728,purush,B-GENDER
T0728,hu,O
T0728,aur,O
T0728,unemployed,B-OCCUPATION
T0728,hu,O
T0728,Aamdani,O
T0728,80000,B-ANNUAL_INCOME
T0728,per,O
T0728,year,O
T0728,hai,O
T0729,Namaste,O
T0729,main,O
T0729,40,B-AGE
T0729,varsh,O
T0729,ka,O
T0729,street,B-OCCUPATION
T0729,vendor,I-OCCUPATION
T0729,hu,O
T0729,Rajasthan,B-STATE
T0729,se,O
T0729,Meri,O
T0729,income,O
T0729,120000,B-ANNUAL_INCOME
T0729,rupaye,O
T0729,hai,O
T0729,aur,O
T0729,main,O
T0729,General,B-CASTE_CATEGORY
T0729,varg,O
T0729,se,O
T0729,hoon,O
T0729,Main,O
T0729,divyang,B-DISABILITY
T0729,hu,O
T0730,I,O
T0730,belong,O
T0730,to,O
T0730,General,B-CASTE_CATEGORY
T0730,category,O
T0730,from,O
T0730,Karnataka,B-STATE
T0730,Age,O
T0730,is,O
T0730,32,B-AGE
T0730,profession,O
T0730,is,O
T0730,bunkar,B-OCCUPATION
T0730,income,O
T0730,around,O
T0730,80000,B-ANNUAL_INCOME
T0731,Namaste,O
T0731,main,O
T0731,41,B-AGE
T0731,varsh,O
T0731,ka,O
T0731,daily,B-OCCUPATION
T0731,wage,I-OCCUPATION
T0731,worker,I-OCCUPATION
T0731,hu,O
T0731,Uttar,B-STATE
T0731,Pradesh,I-STATE
T0731,se,O
T0731,Meri,O
T0731,income,O
T0731,45000,B-ANNUAL_INCOME
T0731,rupaye,O
T0731,hai,O
T0731,aur,O
T0731,main,O
T0731,General,B-CASTE_CATEGORY
T0731,varg,O
T0731,se,O
T0731,hoon,O
T0731,Main,O
T0731,divyang,B-DISABILITY
T0731,hu,O
T0732,Mera,O
T0732,naam,O
T0732,Ramesh,O
T0732,hai,O
T0732,main,O
T0732,Bihar,B-STATE
T0732,ka,O
T0732,rehne,O
T0732,wala,O
T0732,hu,O
T0732,Main,O
T0732,ST,B-CASTE_CATEGORY
T0732,category,O
T0732,se,O
T0732,ek,O
T0732,purush,B-GENDER
T0732,hu,O
T0732,aur,O
T0732,street,B-OCCUPATION
T0732,vendor,I-OCCUPATION
T0732,hu,O
T0732,Aamdani,O
T0732,350000,B-ANNUAL_INCOME
T0732,per,O
T0732,year,O
T0732,hai,O
T0733,Namaste,O
T0733,main,O
T0733,35,B-AGE
T0733,varsh,O
T0733,ka,O
T0733,daily,B-OCCUPATION
T0733,wage,I-OCCUPATION
T0733,worker,I-OCCUPATION
T0733,hu,O
T0733,West,B-STATE
T0733,Bengal,I-STATE
T0733,se,O
T0733,Meri,O
T0733,income,O
T0733,0,B-ANNUAL_INCOME
T0733,rupaye,O
T0733,hai,O
T0733,aur,O
T0733,main,O
T0733,ST,B-CASTE_CATEGORY
T0733,varg,O
T0733,se,O
T0733,hoon,O
T0733,Main,O
T0733,divyang,B-DISABILITY
T0733,hu,O
T0734,I,O
T0734,am,O
T0734,a,O
T0734,20,B-AGE
T0734,year,O
T0734,old,O
T0734,male,B-GENDER
T0734,farmer,B-OCCUPATION
T0734,living,O
T0734,in,O
T0734,Karnataka,B-STATE
T0734,My,O
T0734,annual,O
T0734,household,O
T0734,income,O
T0734,is,O
T0734,200000,B-ANNUAL_INCOME
T0734,rupees,O
T0735,Hi,O
T0735,I,O
T0735,am,O
T0735,64,B-AGE
T0735,years,O
T0735,old,O
T0735,student,O
T0735,from,O
T0735,Rajasthan,B-STATE
T0735,My,O
T0735,family,O
T0735,income,O
T0735,is,O
T0735,45000,B-ANNUAL_INCOME
T0735,and,O
T0735,I,O
T0735,am,O
T0735,differently,B-DISABILITY
T0735,abled,I-DISABILITY
T0736,Namaste,O
T0736,main,O
T0736,29,B-AGE
T0736,varsh,O
T0736,ka,O
T0736,farmer,B-OCCUPATION
T0736,hu,O
T0736,Rajasthan,B-STATE
T0736,se,O
T0736,Meri,O
T0736,income,O
T0736,45000,B-ANNUAL_INCOME
T0736,rupaye,O
T0736,hai,O
T0736,aur,O
T0736,main,O
T0736,ST,B-CASTE_CATEGORY
T0736,varg,O
T0736,se,O
T0736,hoon,O
T0736,Main,O
T0736,divyang,B-DISABILITY
T0736,hu,O
T0737,I,O
T0737,am,O
T0737,a,O
T0737,63,B-AGE
T0737,year,O
T0737,old,O
T0737,male,B-GENDER
T0737,kisan,B-OCCUPATION
T0737,living,O
T0737,in,O
T0737,Bihar,B-STATE
T0737,My,O
T0737,annual,O
T0737,household,O
T0737,income,O
T0737,is,O
T0737,600000,B-ANNUAL_INCOME
T0737,rupees,O
T0738,I,O
T0738,belong,O
T0738,to,O
T0738,SC,B-CASTE_CATEGORY
T0738,category,O
T0738,from,O
T0738,Rajasthan,B-STATE
T0738,Age,O
T0738,is,O
T0738,63,B-AGE
T0738,profession,O
T0738,is,O
T0738,artisan,B-OCCUPATION
T0738,income,O
T0738,around,O
T0738,80000,B-ANNUAL_INCOME
T0739,Hi,O
T0739,I,O
T0739,am,O
T0739,33,B-AGE
T0739,years,O
T0739,old,O
T0739,student,O
T0739,from,O
T0739,Uttar,B-STATE
T0739,Pradesh,I-STATE
T0739,My,O
T0739,family,O
T0739,income,O
T0739,is,O
T0739,600000,B-ANNUAL_INCOME
T0739,and,O
T0739,I,O
T0739,am,O
T0739,differently,B-DISABILITY
T0739,abled,I-DISABILITY
T0740,Hi,O
T0740,I,O
T0740,am,O
T0740,20,B-AGE
T0740,years,O
T0740,old,O
T0740,student,O
T0740,from,O
T0740,Maharashtra,B-STATE
T0740,My,O
T0740,family,O
T0740,income,O
T0740,is,O
T0740,350000,B-ANNUAL_INCOME
T0740,and,O
T0740,I,O
T0740,am,O
T0740,differently,B-DISABILITY
T0740,abled,I-DISABILITY
T0741,Namaste,O
T0741,main,O
T0741,24,B-AGE
T0741,varsh,O
T0741,ka,O
T0741,student,B-OCCUPATION
T0741,hu,O
T0741,Tamil,B-STATE
T0741,Nadu,I-STATE
T0741,se,O
T0741,Meri,O
T0741,income,O
T0741,200000,B-ANNUAL_INCOME
T0741,rupaye,O
T0741,hai,O
T0741,aur,O
T0741,main,O
T0741,SC,B-CASTE_CATEGORY
T0741,varg,O
T0741,se,O
T0741,hoon,O
T0741,Main,O
T0741,divyang,B-DISABILITY
T0741,hu,O
T0742,Namaste,O
T0742,main,O
T0742,50,B-AGE
T0742,varsh,O
T0742,ka,O
T0742,street,B-OCCUPATION
T0742,vendor,I-OCCUPATION
T0742,hu,O
T0742,Karnataka,B-STATE
T0742,se,O
T0742,Meri,O
T0742,income,O
T0742,0,B-ANNUAL_INCOME
T0742,rupaye,O
T0742,hai,O
T0742,aur,O
T0742,main,O
T0742,General,B-CASTE_CATEGORY
T0742,varg,O
T0742,se,O
T0742,hoon,O
T0742,Main,O
T0742,divyang,B-DISABILITY
T0742,hu,O
T0743,Hi,O
T0743,I,O
T0743,am,O
T0743,22,B-AGE
T0743,years,O
T0743,old,O
T0743,student,O
T0743,from,O
T0743,West,B-STATE
T0743,Bengal,I-STATE
T0743,My,O
T0743,family,O
T0743,income,O
T0743,is,O
T0743,45000,B-ANNUAL_INCOME
T0743,and,O
T0743,I,O
T0743,am,O
T0743,differently,B-DISABILITY
T0743,abled,I-DISABILITY
T0744,I,O
T0744,belong,O
T0744,to,O
T0744,General,B-CASTE_CATEGORY
T0744,category,O
T0744,from,O
T0744,Rajasthan,B-STATE
T0744,Age,O
T0744,is,O
T0744,64,B-AGE
T0744,profession,O
T0744,is,O
T0744,street,B-OCCUPATION
T0744,vendor,I-OCCUPATION
T0744,income,O
T0744,around,O
T0744,0,B-ANNUAL_INCOME
T0745,I,O
T0745,am,O
T0745,a,O
T0745,32,B-AGE
T0745,year,O
T0745,old,O
T0745,female,B-GENDER
T0745,unemployed,B-OCCUPATION
T0745,living,O
T0745,in,O
T0745,Rajasthan,B-STATE
T0745,My,O
T0745,annual,O
T0745,household,O
T0745,income,O
T0745,is,O
T0745,600000,B-ANNUAL_INCOME
T0745,rupees,O
T0746,I,O
T0746,am,O
T0746,a,O
T0746,55,B-AGE
T0746,year,O
T0746,old,O
T0746,female,B-GENDER
T0746,street,B-OCCUPATION
T0746,vendor,I-OCCUPATION
T0746,living,O
T0746,in,O
T0746,Karnataka,B-STATE
T0746,My,O
T0746,annual,O
T0746,household,O
T0746,income,O
T0746,is,O
T0746,80000,B-ANNUAL_INCOME
T0746,rupees,O
T0747,I,O
T0747,belong,O
T0747,to,O
T0747,OBC,B-CASTE_CATEGORY
T0747,category,O
T0747,from,O
T0747,Madhya,B-STATE
T0747,Pradesh,I-STATE
T0747,Age,O
T0747,is,O
T0747,61,B-AGE
T0747,profession,O
T0747,is,O
T0747,bunkar,B-OCCUPATION
T0747,income,O
T0747,around,O
T0747,600000,B-ANNUAL_INCOME
T0748,Namaste,O
T0748,main,O
T0748,28,B-AGE
T0748,varsh,O
T0748,ka,O
T0748,rehri,B-OCCUPATION
T0748,wala,I-OCCUPATION
T0748,hu,O
T0748,Maharashtra,B-STATE
T0748,se,O
T0748,Meri,O
T0748,income,O
T0748,600000,B-ANNUAL_INCOME
T0748,rupaye,O
T0748,hai,O
T0748,aur,O
T0748,main,O
T0748,ST,B-CASTE_CATEGORY
T0748,varg,O
T0748,se,O
T0748,hoon,O
T0748,Main,O
T0748,divyang,B-DISABILITY
T0748,hu,O
T0749,Mera,O
T0749,naam,O
T0749,Ramesh,O
T0749,hai,O
T0749,main,O
T0749,Maharashtra,B-STATE
T0749,ka,O
T0749,rehne,O
T0749,wala,O
T0749,hu,O
T0749,Main,O
T0749,General,B-CASTE_CATEGORY
T0749,category,O
T0749,se,O
T0749,ek,O
T0749,purush,B-GENDER
T0749,hu,O
T0749,aur,O
T0749,berojgar,B-OCCUPATION
T0749,hu,O
T0749,Aamdani,O
T0749,350000,B-ANNUAL_INCOME
T0749,per,O
T0749,year,O
T0749,hai,O
T0750,Mera,O
T0750,naam,O
T0750,Ramesh,O
T0750,hai,O
T0750,main,O
T0750,Bihar,B-STATE
T0750,ka,O
T0750,rehne,O
T0750,wala,O
T0750,hu,O
T0750,Main,O
T0750,OBC,B-CASTE_CATEGORY
T0750,category,O
T0750,se,O
T0750,ek,O
T0750,purush,B-GENDER
T0750,hu,O
T0750,aur,O
T0750,artisan,B-OCCUPATION
T0750,hu,O
T0750,Aamdani,O
T0750,600000,B-ANNUAL_INCOME
T0750,per,O
T0750,year,O
T0750,hai,O
T0751,Main,O
T0751,Rajasthan,B-STATE
T0751,se,O
T0751,ek,O
T0751,street,B-OCCUPATION
T0751,vendor,I-OCCUPATION
T0751,hu,O
T0751,meri,O
T0751,umar,O
T0751,46,B-AGE
T0751,saal,O
T0751,hai,O
T0751,aur,O
T0751,saalana,O
T0751,kamai,O
T0751,80000,B-ANNUAL_INCOME
T0751,rupe,O
T0751,hai,O
T0752,Mera,O
T0752,naam,O
T0752,Ramesh,O
T0752,hai,O
T0752,main,O
T0752,Tamil,B-STATE
T0752,Nadu,I-STATE
T0752,ka,O
T0752,rehne,O
T0752,wala,O
T0752,hu,O
T0752,Main,O
T0752,OBC,B-CASTE_CATEGORY
T0752,category,O
T0752,se,O
T0752,ek,O
T0752,mahila,B-GENDER
T0752,hu,O
T0752,aur,O
T0752,rehri,B-OCCUPATION
T0752,wala,I-OCCUPATION
T0752,hu,O
T0752,Aamdani,O
T0752,120000,B-ANNUAL_INCOME
T0752,per,O
T0752,year,O
T0752,hai,O
T0753,I,O
T0753,belong,O
T0753,to,O
T0753,ST,B-CASTE_CATEGORY
T0753,category,O
T0753,from,O
T0753,Karnataka,B-STATE
T0753,Age,O
T0753,is,O
T0753,57,B-AGE
T0753,profession,O
T0753,is,O
T0753,student,B-OCCUPATION
T0753,income,O
T0753,around,O
T0753,80000,B-ANNUAL_INCOME
T0754,I,O
T0754,belong,O
T0754,to,O
T0754,OBC,B-CASTE_CATEGORY
T0754,category,O
T0754,from,O
T0754,Rajasthan,B-STATE
T0754,Age,O
T0754,is,O
T0754,45,B-AGE
T0754,profession,O
T0754,is,O
T0754,weaver,B-OCCUPATION
T0754,income,O
T0754,around,O
T0754,80000,B-ANNUAL_INCOME
T0755,Mera,O
T0755,naam,O
T0755,Ramesh,O
T0755,hai,O
T0755,main,O
T0755,Tamil,B-STATE
T0755,Nadu,I-STATE
T0755,ka,O
T0755,rehne,O
T0755,wala,O
T0755,hu,O
T0755,Main,O
T0755,General,B-CASTE_CATEGORY
T0755,category,O
T0755,se,O
T0755,ek,O
T0755,mahila,B-GENDER
T0755,hu,O
T0755,aur,O
T0755,bunkar,B-OCCUPATION
T0755,hu,O
T0755,Aamdani,O
T0755,80000,B-ANNUAL_INCOME
T0755,per,O
T0755,year,O
T0755,hai,O
T0756,Namaste,O
T0756,main,O
T0756,18,B-AGE
T0756,varsh,O
T0756,ka,O
T0756,chhatra,B-OCCUPATION
T0756,hu,O
T0756,Rajasthan,B-STATE
T0756,se,O
T0756,Meri,O
T0756,income,O
T0756,350000,B-ANNUAL_INCOME
T0756,rupaye,O
T0756,hai,O
T0756,aur,O
T0756,main,O
T0756,SC,B-CASTE_CATEGORY
T0756,varg,O
T0756,se,O
T0756,hoon,O
T0756,Main,O
T0756,divyang,B-DISABILITY
T0756,hu,O
T0757,Namaste,O
T0757,main,O
T0757,37,B-AGE
T0757,varsh,O
T0757,ka,O
T0757,berojgar,B-OCCUPATION
T0757,hu,O
T0757,Rajasthan,B-STATE
T0757,se,O
T0757,Meri,O
T0757,income,O
T0757,120000,B-ANNUAL_INCOME
T0757,rupaye,O
T0757,hai,O
T0757,aur,O
T0757,main,O
T0757,SC,B-CASTE_CATEGORY
T0757,varg,O
T0757,se,O
T0757,hoon,O
T0757,Main,O
T0757,divyang,B-DISABILITY
T0757,hu,O
T0758,I,O
T0758,belong,O
T0758,to,O
T0758,General,B-CASTE_CATEGORY
T0758,category,O
T0758,from,O
T0758,Maharashtra,B-STATE
T0758,Age,O
T0758,is,O
T0758,25,B-AGE
T0758,profession,O
T0758,is,O
T0758,farmer,B-OCCUPATION
T0758,income,O
T0758,around,O
T0758,45000,B-ANNUAL_INCOME
T0759,Main,O
T0759,Uttar,B-STATE
T0759,Pradesh,I-STATE
T0759,se,O
T0759,ek,O
T0759,kisan,B-OCCUPATION
T0759,hu,O
T0759,meri,O
T0759,umar,O
T0759,55,B-AGE
T0759,saal,O
T0759,hai,O
T0759,aur,O
T0759,saalana,O
T0759,kamai,O
T0759,350000,B-ANNUAL_INCOME
T0759,rupe,O
T0759,hai,O
T0760,I,O
T0760,am,O
T0760,a,O
T0760,62,B-AGE
T0760,year,O
T0760,old,O
T0760,female,B-GENDER
T0760,student,B-OCCUPATION
T0760,living,O
T0760,in,O
T0760,Uttar,B-STATE
T0760,Pradesh,I-STATE
T0760,My,O
T0760,annual,O
T0760,household,O
T0760,income,O
T0760,is,O
T0760,0,B-ANNUAL_INCOME
T0760,rupees,O
T0761,Namaste,O
T0761,main,O
T0761,30,B-AGE
T0761,varsh,O
T0761,ka,O
T0761,student,B-OCCUPATION
T0761,hu,O
T0761,Rajasthan,B-STATE
T0761,se,O
T0761,Meri,O
T0761,income,O
T0761,120000,B-ANNUAL_INCOME
T0761,rupaye,O
T0761,hai,O
T0761,aur,O
T0761,main,O
T0761,ST,B-CASTE_CATEGORY
T0761,varg,O
T0761,se,O
T0761,hoon,O
T0761,Main,O
T0761,divyang,B-DISABILITY
T0761,hu,O
T0762,I,O
T0762,belong,O
T0762,to,O
T0762,ST,B-CASTE_CATEGORY
T0762,category,O
T0762,from,O
T0762,West,B-STATE
T0762,Bengal,I-STATE
T0762,Age,O
T0762,is,O
T0762,34,B-AGE
T0762,profession,O
T0762,is,O
T0762,labour,B-OCCUPATION
T0762,income,O
T0762,around,O
T0762,45000,B-ANNUAL_INCOME
T0763,I,O
T0763,belong,O
T0763,to,O
T0763,OBC,B-CASTE_CATEGORY
T0763,category,O
T0763,from,O
T0763,Rajasthan,B-STATE
T0763,Age,O
T0763,is,O
T0763,49,B-AGE
T0763,profession,O
T0763,is,O
T0763,labour,B-OCCUPATION
T0763,income,O
T0763,around,O
T0763,0,B-ANNUAL_INCOME
T0764,I,O
T0764,am,O
T0764,a,O
T0764,28,B-AGE
T0764,year,O
T0764,old,O
T0764,male,B-GENDER
T0764,labour,B-OCCUPATION
T0764,living,O
T0764,in,O
T0764,Karnataka,B-STATE
T0764,My,O
T0764,annual,O
T0764,household,O
T0764,income,O
T0764,is,O
T0764,600000,B-ANNUAL_INCOME
T0764,rupees,O
T0765,Namaste,O
T0765,main,O
T0765,44,B-AGE
T0765,varsh,O
T0765,ka,O
T0765,kisan,B-OCCUPATION
T0765,hu,O
T0765,Maharashtra,B-STATE
T0765,se,O
T0765,Meri,O
T0765,income,O
T0765,600000,B-ANNUAL_INCOME
T0765,rupaye,O
T0765,hai,O
T0765,aur,O
T0765,main,O
T0765,OBC,B-CASTE_CATEGORY
T0765,varg,O
T0765,se,O
T0765,hoon,O
T0765,Main,O
T0765,divyang,B-DISABILITY
T0765,hu,O
T0766,Mera,O
T0766,naam,O
T0766,Ramesh,O
T0766,hai,O
T0766,main,O
T0766,West,B-STATE
T0766,Bengal,I-STATE
T0766,ka,O
T0766,rehne,O
T0766,wala,O
T0766,hu,O
T0766,Main,O
T0766,ST,B-CASTE_CATEGORY
T0766,category,O
T0766,se,O
T0766,ek,O
T0766,mahila,B-GENDER
T0766,hu,O
T0766,aur,O
T0766,daily,B-OCCUPATION
T0766,wage,I-OCCUPATION
T0766,worker,I-OCCUPATION
T0766,hu,O
T0766,Aamdani,O
T0766,120000,B-ANNUAL_INCOME
T0766,per,O
T0766,year,O
T0766,hai,O
T0767,Main,O
T0767,Madhya,B-STATE
T0767,Pradesh,I-STATE
T0767,se,O
T0767,ek,O
T0767,berojgar,B-OCCUPATION
T0767,hu,O
T0767,meri,O
T0767,umar,O
T0767,34,B-AGE
T0767,saal,O
T0767,hai,O
T0767,aur,O
T0767,saalana,O
T0767,kamai,O
T0767,120000,B-ANNUAL_INCOME
T0767,rupe,O
T0767,hai,O
T0768,I,O
T0768,belong,O
T0768,to,O
T0768,General,B-CASTE_CATEGORY
T0768,category,O
T0768,from,O
T0768,Tamil,B-STATE
T0768,Nadu,I-STATE
T0768,Age,O
T0768,is,O
T0768,21,B-AGE
T0768,profession,O
T0768,is,O
T0768,rehri,B-OCCUPATION
T0768,wala,I-OCCUPATION
T0768,income,O
T0768,around,O
T0768,80000,B-ANNUAL_INCOME
T0769,Main,O
T0769,Tamil,B-STATE
T0769,Nadu,I-STATE
T0769,se,O
T0769,ek,O
T0769,student,B-OCCUPATION
T0769,hu,O
T0769,meri,O
T0769,umar,O
T0769,58,B-AGE
T0769,saal,O
T0769,hai,O
T0769,aur,O
T0769,saalana,O
T0769,kamai,O
T0769,200000,B-ANNUAL_INCOME
T0769,rupe,O
T0769,hai,O
T0770,I,O
T0770,belong,O
T0770,to,O
T0770,ST,B-CASTE_CATEGORY
T0770,category,O
T0770,from,O
T0770,Tamil,B-STATE
T0770,Nadu,I-STATE
T0770,Age,O
T0770,is,O
T0770,60,B-AGE
T0770,profession,O
T0770,is,O
T0770,weaver,B-OCCUPATION
T0770,income,O
T0770,around,O
T0770,350000,B-ANNUAL_INCOME
T0771,I,O
T0771,belong,O
T0771,to,O
T0771,SC,B-CASTE_CATEGORY
T0771,category,O
T0771,from,O
T0771,West,B-STATE
T0771,Bengal,I-STATE
T0771,Age,O
T0771,is,O
T0771,44,B-AGE
T0771,profession,O
T0771,is,O
T0771,labour,B-OCCUPATION
T0771,income,O
T0771,around,O
T0771,45000,B-ANNUAL_INCOME
T0772,Mera,O
T0772,naam,O
T0772,Ramesh,O
T0772,hai,O
T0772,main,O
T0772,Uttar,B-STATE
T0772,Pradesh,I-STATE
T0772,ka,O
T0772,rehne,O
T0772,wala,O
T0772,hu,O
T0772,Main,O
T0772,General,B-CASTE_CATEGORY
T0772,category,O
T0772,se,O
T0772,ek,O
T0772,purush,B-GENDER
T0772,hu,O
T0772,aur,O
T0772,kisan,B-OCCUPATION
T0772,hu,O
T0772,Aamdani,O
T0772,350000,B-ANNUAL_INCOME
T0772,per,O
T0772,year,O
T0772,hai,O
T0773,Hi,O
T0773,I,O
T0773,am,O
T0773,31,B-AGE
T0773,years,O
T0773,old,O
T0773,student,O
T0773,from,O
T0773,Maharashtra,B-STATE
T0773,My,O
T0773,family,O
T0773,income,O
T0773,is,O
T0773,600000,B-ANNUAL_INCOME
T0773,and,O
T0773,I,O
T0773,am,O
T0773,differently,B-DISABILITY
T0773,abled,I-DISABILITY
T0774,Main,O
T0774,Karnataka,B-STATE
T0774,se,O
T0774,ek,O
T0774,daily,B-OCCUPATION
T0774,wage,I-OCCUPATION
T0774,worker,I-OCCUPATION
T0774,hu,O
T0774,meri,O
T0774,umar,O
T0774,48,B-AGE
T0774,saal,O
T0774,hai,O
T0774,aur,O
T0774,saalana,O
T0774,kamai,O
T0774,120000,B-ANNUAL_INCOME
T0774,rupe,O
T0774,hai,O
T0775,Mera,O
T0775,naam,O
T0775,Ramesh,O
T0775,hai,O
T0775,main,O
T0775,Madhya,B-STATE
T0775,Pradesh,I-STATE
T0775,ka,O
T0775,rehne,O
T0775,wala,O
T0775,hu,O
T0775,Main,O
T0775,OBC,B-CASTE_CATEGORY
T0775,category,O
T0775,se,O
T0775,ek,O
T0775,mahila,B-GENDER
T0775,hu,O
T0775,aur,O
T0775,artisan,B-OCCUPATION
T0775,hu,O
T0775,Aamdani,O
T0775,120000,B-ANNUAL_INCOME
T0775,per,O
T0775,year,O
T0775,hai,O
T0776,Hi,O
T0776,I,O
T0776,am,O
T0776,36,B-AGE
T0776,years,O
T0776,old,O
T0776,student,O
T0776,from,O
T0776,Bihar,B-STATE
T0776,My,O
T0776,family,O
T0776,income,O
T0776,is,O
T0776,600000,B-ANNUAL_INCOME
T0776,and,O
T0776,I,O
T0776,am,O
T0776,differently,B-DISABILITY
T0776,abled,I-DISABILITY
T0777,Mera,O
T0777,naam,O
T0777,Ramesh,O
T0777,hai,O
T0777,main,O
T0777,Uttar,B-STATE
T0777,Pradesh,I-STATE
T0777,ka,O
T0777,rehne,O
T0777,wala,O
T0777,hu,O
T0777,Main,O
T0777,OBC,B-CASTE_CATEGORY
T0777,category,O
T0777,se,O
T0777,ek,O
T0777,purush,B-GENDER
T0777,hu,O
T0777,aur,O
T0777,daily,B-OCCUPATION
T0777,wage,I-OCCUPATION
T0777,worker,I-OCCUPATION
T0777,hu,O
T0777,Aamdani,O
T0777,600000,B-ANNUAL_INCOME
T0777,per,O
T0777,year,O
T0777,hai,O
T0778,Hi,O
T0778,I,O
T0778,am,O
T0778,55,B-AGE
T0778,years,O
T0778,old,O
T0778,student,O
T0778,from,O
T0778,Uttar,B-STATE
T0778,Pradesh,I-STATE
T0778,My,O
T0778,family,O
T0778,income,O
T0778,is,O
T0778,200000,B-ANNUAL_INCOME
T0778,and,O
T0778,I,O
T0778,am,O
T0778,differently,B-DISABILITY
T0778,abled,I-DISABILITY
T0779,I,O
T0779,am,O
T0779,a,O
T0779,23,B-AGE
T0779,year,O
T0779,old,O
T0779,female,B-GENDER
T0779,berojgar,B-OCCUPATION
T0779,living,O
T0779,in,O
T0779,Rajasthan,B-STATE
T0779,My,O
T0779,annual,O
T0779,household,O
T0779,income,O
T0779,is,O
T0779,120000,B-ANNUAL_INCOME
T0779,rupees,O
T0780,I,O
T0780,am,O
T0780,a,O
T0780,38,B-AGE
T0780,year,O
T0780,old,O
T0780,male,B-GENDER
T0780,chhatra,B-OCCUPATION
T0780,living,O
T0780,in,O
T0780,Uttar,B-STATE
T0780,Pradesh,I-STATE
T0780,My,O
T0780,annual,O
T0780,household,O
T0780,income,O
T0780,is,O
T0780,120000,B-ANNUAL_INCOME
T0780,rupees,O
T0781,Namaste,O
T0781,main,O
T0781,26,B-AGE
T0781,varsh,O
T0781,ka,O
T0781,unemployed,B-OCCUPATION
T0781,hu,O
T0781,Rajasthan,B-STATE
T0781,se,O
T0781,Meri,O
T0781,income,O
T0781,80000,B-ANNUAL_INCOME
T0781,rupaye,O
T0781,hai,O
T0781,aur,O
T0781,main,O
T0781,SC,B-CASTE_CATEGORY
T0781,varg,O
T0781,se,O
T0781,hoon,O
T0781,Main,O
T0781,divyang,B-DISABILITY
T0781,hu,O
T0782,I,O
T0782,am,O
T0782,a,O
T0782,35,B-AGE
T0782,year,O
T0782,old,O
T0782,female,B-GENDER
T0782,bunkar,B-OCCUPATION
T0782,living,O
T0782,in,O
T0782,Karnataka,B-STATE
T0782,My,O
T0782,annual,O
T0782,household,O
T0782,income,O
T0782,is,O
T0782,350000,B-ANNUAL_INCOME
T0782,rupees,O
T0783,I,O
T0783,belong,O
T0783,to,O
T0783,ST,B-CASTE_CATEGORY
T0783,category,O
T0783,from,O
T0783,Rajasthan,B-STATE
T0783,Age,O
T0783,is,O
T0783,62,B-AGE
T0783,profession,O
T0783,is,O
T0783,daily,B-OCCUPATION
T0783,wage,I-OCCUPATION
T0783,worker,I-OCCUPATION
T0783,income,O
T0783,around,O
T0783,45000,B-ANNUAL_INCOME
T0784,Main,O
T0784,Bihar,B-STATE
T0784,se,O
T0784,ek,O
T0784,bunkar,B-OCCUPATION
T0784,hu,O
T0784,meri,O
T0784,umar,O
T0784,26,B-AGE
T0784,saal,O
T0784,hai,O
T0784,aur,O
T0784,saalana,O
T0784,kamai,O
T0784,0,B-ANNUAL_INCOME
T0784,rupe,O
T0784,hai,O
T0785,Mera,O
T0785,naam,O
T0785,Ramesh,O
T0785,hai,O
T0785,main,O
T0785,Maharashtra,B-STATE
T0785,ka,O
T0785,rehne,O
T0785,wala,O
T0785,hu,O
T0785,Main,O
T0785,ST,B-CASTE_CATEGORY
T0785,category,O
T0785,se,O
T0785,ek,O
T0785,purush,B-GENDER
T0785,hu,O
T0785,aur,O
T0785,kisan,B-OCCUPATION
T0785,hu,O
T0785,Aamdani,O
T0785,120000,B-ANNUAL_INCOME
T0785,per,O
T0785,year,O
T0785,hai,O
T0786,Hi,O
T0786,I,O
T0786,am,O
T0786,30,B-AGE
T0786,years,O
T0786,old,O
T0786,student,O
T0786,from,O
T0786,West,B-STATE
T0786,Bengal,I-STATE
T0786,My,O
T0786,family,O
T0786,income,O
T0786,is,O
T0786,200000,B-ANNUAL_INCOME
T0786,and,O
T0786,I,O
T0786,am,O
T0786,differently,B-DISABILITY
T0786,abled,I-DISABILITY
T0787,Namaste,O
T0787,main,O
T0787,34,B-AGE
T0787,varsh,O
T0787,ka,O
T0787,rehri,B-OCCUPATION
T0787,wala,I-OCCUPATION
T0787,hu,O
T0787,Maharashtra,B-STATE
T0787,se,O
T0787,Meri,O
T0787,income,O
T0787,350000,B-ANNUAL_INCOME
T0787,rupaye,O
T0787,hai,O
T0787,aur,O
T0787,main,O
T0787,General,B-CASTE_CATEGORY
T0787,varg,O
T0787,se,O
T0787,hoon,O
T0787,Main,O
T0787,divyang,B-DISABILITY
T0787,hu,O
T0788,Main,O
T0788,Karnataka,B-STATE
T0788,se,O
T0788,ek,O
T0788,daily,B-OCCUPATION
T0788,wage,I-OCCUPATION
T0788,worker,I-OCCUPATION
T0788,hu,O
T0788,meri,O
T0788,umar,O
T0788,46,B-AGE
T0788,saal,O
T0788,hai,O
T0788,aur,O
T0788,saalana,O
T0788,kamai,O
T0788,0,B-ANNUAL_INCOME
T0788,rupe,O
T0788,hai,O
T0789,I,O
T0789,am,O
T0789,a,O
T0789,53,B-AGE
T0789,year,O
T0789,old,O
T0789,male,B-GENDER
T0789,unemployed,B-OCCUPATION
T0789,living,O
T0789,in,O
T0789,Maharashtra,B-STATE
T0789,My,O
T0789,annual,O
T0789,household,O
T0789,income,O
T0789,is,O
T0789,600000,B-ANNUAL_INCOME
T0789,rupees,O
T0790,Hi,O
T0790,I,O
T0790,am,O
T0790,35,B-AGE
T0790,years,O
T0790,old,O
T0790,student,O
T0790,from,O
T0790,Maharashtra,B-STATE
T0790,My,O
T0790,family,O
T0790,income,O
T0790,is,O
T0790,80000,B-ANNUAL_INCOME
T0790,and,O
T0790,I,O
T0790,am,O
T0790,differently,B-DISABILITY
T0790,abled,I-DISABILITY
T0791,I,O
T0791,am,O
T0791,a,O
T0791,62,B-AGE
T0791,year,O
T0791,old,O
T0791,female,B-GENDER
T0791,weaver,B-OCCUPATION
T0791,living,O
T0791,in,O
T0791,Maharashtra,B-STATE
T0791,My,O
T0791,annual,O
T0791,household,O
T0791,income,O
T0791,is,O
T0791,80000,B-ANNUAL_INCOME
T0791,rupees,O
T0792,Mera,O
T0792,naam,O
T0792,Ramesh,O
T0792,hai,O
T0792,main,O
T0792,Bihar,B-STATE
T0792,ka,O
T0792,rehne,O
T0792,wala,O
T0792,hu,O
T0792,Main,O
T0792,OBC,B-CASTE_CATEGORY
T0792,category,O
T0792,se,O
T0792,ek,O
T0792,purush,B-GENDER
T0792,hu,O
T0792,aur,O
T0792,kisan,B-OCCUPATION
T0792,hu,O
T0792,Aamdani,O
T0792,600000,B-ANNUAL_INCOME
T0792,per,O
T0792,year,O
T0792,hai,O
T0793,Mera,O
T0793,naam,O
T0793,Ramesh,O
T0793,hai,O
T0793,main,O
T0793,Madhya,B-STATE
T0793,Pradesh,I-STATE
T0793,ka,O
T0793,rehne,O
T0793,wala,O
T0793,hu,O
T0793,Main,O
T0793,SC,B-CASTE_CATEGORY
T0793,category,O
T0793,se,O
T0793,ek,O
T0793,mahila,B-GENDER
T0793,hu,O
T0793,aur,O
T0793,bunkar,B-OCCUPATION
T0793,hu,O
T0793,Aamdani,O
T0793,80000,B-ANNUAL_INCOME
T0793,per,O
T0793,year,O
T0793,hai,O
T0794,Mera,O
T0794,naam,O
T0794,Ramesh,O
T0794,hai,O
T0794,main,O
T0794,Uttar,B-STATE
T0794,Pradesh,I-STATE
T0794,ka,O
T0794,rehne,O
T0794,wala,O
T0794,hu,O
T0794,Main,O
T0794,OBC,B-CASTE_CATEGORY
T0794,category,O
T0794,se,O
T0794,ek,O
T0794,purush,B-GENDER
T0794,hu,O
T0794,aur,O
T0794,bunkar,B-OCCUPATION
T0794,hu,O
T0794,Aamdani,O
T0794,80000,B-ANNUAL_INCOME
T0794,per,O
T0794,year,O
T0794,hai,O
T0795,Hi,O
T0795,I,O
T0795,am,O
T0795,55,B-AGE
T0795,years,O
T0795,old,O
T0795,student,O
T0795,from,O
T0795,Uttar,B-STATE
T0795,Pradesh,I-STATE
T0795,My,O
T0795,family,O
T0795,income,O
T0795,is,O
T0795,600000,B-ANNUAL_INCOME
T0795,and,O
T0795,I,O
T0795,am,O
T0795,differently,B-DISABILITY
T0795,abled,I-DISABILITY
T0796,Mera,O
T0796,naam,O
T0796,Ramesh,O
T0796,hai,O
T0796,main,O
T0796,Madhya,B-STATE
T0796,Pradesh,I-STATE
T0796,ka,O
T0796,rehne,O
T0796,wala,O
T0796,hu,O
T0796,Main,O
T0796,OBC,B-CASTE_CATEGORY
T0796,category,O
T0796,se,O
T0796,ek,O
T0796,purush,B-GENDER
T0796,hu,O
T0796,aur,O
T0796,artisan,B-OCCUPATION
T0796,hu,O
T0796,Aamdani,O
T0796,600000,B-ANNUAL_INCOME
T0796,per,O
T0796,year,O
T0796,hai,O
T0797,Namaste,O
T0797,main,O
T0797,34,B-AGE
T0797,varsh,O
T0797,ka,O
T0797,berojgar,B-OCCUPATION
T0797,hu,O
T0797,Maharashtra,B-STATE
T0797,se,O
T0797,Meri,O
T0797,income,O
T0797,200000,B-ANNUAL_INCOME
T0797,rupaye,O
T0797,hai,O
T0797,aur,O
T0797,main,O
T0797,ST,B-CASTE_CATEGORY
T0797,varg,O
T0797,se,O
T0797,hoon,O
T0797,Main,O
T0797,divyang,B-DISABILITY
T0797,hu,O
T0798,Hi,O
T0798,I,O
T0798,am,O
T0798,23,B-AGE
T0798,years,O
T0798,old,O
T0798,student,O
T0798,from,O
T0798,West,B-STATE
T0798,Bengal,I-STATE
T0798,My,O
T0798,family,O
T0798,income,O
T0798,is,O
T0798,45000,B-ANNUAL_INCOME
T0798,and,O
T0798,I,O
T0798,am,O
T0798,differently,B-DISABILITY
T0798,abled,I-DISABILITY
T0799,I,O
T0799,am,O
T0799,a,O
T0799,19,B-AGE
T0799,year,O
T0799,old,O
T0799,male,B-GENDER
T0799,street,B-OCCUPATION
T0799,vendor,I-OCCUPATION
T0799,living,O
T0799,in,O
T0799,Rajasthan,B-STATE
T0799,My,O
T0799,annual,O
T0799,household,O
T0799,income,O
T0799,is,O
T0799,0,B-ANNUAL_INCOME
T0799,rupees,O
T0800,I,O
T0800,am,O
T0800,a,O
T0800,43,B-AGE
T0800,year,O
T0800,old,O
T0800,male,B-GENDER
T0800,daily,B-OCCUPATION
T0800,wage,I-OCCUPATION
T0800,worker,I-OCCUPATION
T0800,living,O
T0800,in,O
T0800,Karnataka,B-STATE
T0800,My,O
T0800,annual,O
T0800,household,O
T0800,income,O
T0800,is,O
T0800,120000,B-ANNUAL_INCOME
T0800,rupees,O
T0801,I,O
T0801,am,O
T0801,a,O
T0801,41,B-AGE
T0801,year,O
T0801,old,O
T0801,male,B-GENDER
T0801,street,B-OCCUPATION
T0801,vendor,I-OCCUPATION
T0801,living,O
T0801,in,O
T0801,Maharashtra,B-STATE
T0801,My,O
T0801,annual,O
T0801,household,O
T0801,income,O
T0801,is,O
T0801,350000,B-ANNUAL_INCOME
T0801,rupees,O
T0802,I,O
T0802,belong,O
T0802,to,O
T0802,OBC,B-CASTE_CATEGORY
T0802,category,O
T0802,from,O
T0802,Tamil,B-STATE
T0802,Nadu,I-STATE
T0802,Age,O
T0802,is,O
T0802,54,B-AGE
T0802,profession,O
T0802,is,O
T0802,mazdoor,B-OCCUPATION
T0802,income,O
T0802,around,O
T0802,120000,B-ANNUAL_INCOME
T0803,I,O
T0803,am,O
T0803,a,O
T0803,56,B-AGE
T0803,year,O
T0803,old,O
T0803,male,B-GENDER
T0803,artisan,B-OCCUPATION
T0803,living,O
T0803,in,O
T0803,Karnataka,B-STATE
T0803,My,O
T0803,annual,O
T0803,household,O
T0803,income,O
T0803,is,O
T0803,45000,B-ANNUAL_INCOME
T0803,rupees,O
T0804,Hi,O
T0804,I,O
T0804,am,O
T0804,22,B-AGE
T0804,years,O
T0804,old,O
T0804,student,O
T0804,from,O
T0804,Maharashtra,B-STATE
T0804,My,O
T0804,family,O
T0804,income,O
T0804,is,O
T0804,120000,B-ANNUAL_INCOME
T0804,and,O
T0804,I,O
T0804,am,O
T0804,differently,B-DISABILITY
T0804,abled,I-DISABILITY
T0805,Namaste,O
T0805,main,O
T0805,18,B-AGE
T0805,varsh,O
T0805,ka,O
T0805,artisan,B-OCCUPATION
T0805,hu,O
T0805,Rajasthan,B-STATE
T0805,se,O
T0805,Meri,O
T0805,income,O
T0805,45000,B-ANNUAL_INCOME
T0805,rupaye,O
T0805,hai,O
T0805,aur,O
T0805,main,O
T0805,SC,B-CASTE_CATEGORY
T0805,varg,O
T0805,se,O
T0805,hoon,O
T0805,Main,O
T0805,divyang,B-DISABILITY
T0805,hu,O
T0806,Main,O
T0806,Bihar,B-STATE
T0806,se,O
T0806,ek,O
T0806,berojgar,B-OCCUPATION
T0806,hu,O
T0806,meri,O
T0806,umar,O
T0806,31,B-AGE
T0806,saal,O
T0806,hai,O
T0806,aur,O
T0806,saalana,O
T0806,kamai,O
T0806,45000,B-ANNUAL_INCOME
T0806,rupe,O
T0806,hai,O
T0807,I,O
T0807,belong,O
T0807,to,O
T0807,ST,B-CASTE_CATEGORY
T0807,category,O
T0807,from,O
T0807,West,B-STATE
T0807,Bengal,I-STATE
T0807,Age,O
T0807,is,O
T0807,58,B-AGE
T0807,profession,O
T0807,is,O
T0807,daily,B-OCCUPATION
T0807,wage,I-OCCUPATION
T0807,worker,I-OCCUPATION
T0807,income,O
T0807,around,O
T0807,120000,B-ANNUAL_INCOME
T0808,I,O
T0808,am,O
T0808,a,O
T0808,30,B-AGE
T0808,year,O
T0808,old,O
T0808,female,B-GENDER
T0808,farmer,B-OCCUPATION
T0808,living,O
T0808,in,O
T0808,Maharashtra,B-STATE
T0808,My,O
T0808,annual,O
T0808,household,O
T0808,income,O
T0808,is,O
T0808,350000,B-ANNUAL_INCOME
T0808,rupees,O
T0809,Hi,O
T0809,I,O
T0809,am,O
T0809,28,B-AGE
T0809,years,O
T0809,old,O
T0809,student,O
T0809,from,O
T0809,Tamil,B-STATE
T0809,Nadu,I-STATE
T0809,My,O
T0809,family,O
T0809,income,O
T0809,is,O
T0809,600000,B-ANNUAL_INCOME
T0809,and,O
T0809,I,O
T0809,am,O
T0809,differently,B-DISABILITY
T0809,abled,I-DISABILITY
T0810,I,O
T0810,am,O
T0810,a,O
T0810,24,B-AGE
T0810,year,O
T0810,old,O
T0810,female,B-GENDER
T0810,mazdoor,B-OCCUPATION
T0810,living,O
T0810,in,O
T0810,Rajasthan,B-STATE
T0810,My,O
T0810,annual,O
T0810,household,O
T0810,income,O
T0810,is,O
T0810,45000,B-ANNUAL_INCOME
T0810,rupees,O
T0811,I,O
T0811,am,O
T0811,a,O
T0811,62,B-AGE
T0811,year,O
T0811,old,O
T0811,male,B-GENDER
T0811,artisan,B-OCCUPATION
T0811,living,O
T0811,in,O
T0811,Tamil,B-STATE
T0811,Nadu,I-STATE
T0811,My,O
T0811,annual,O
T0811,household,O
T0811,income,O
T0811,is,O
T0811,350000,B-ANNUAL_INCOME
T0811,rupees,O
T0812,Main,O
T0812,Karnataka,B-STATE
T0812,se,O
T0812,ek,O
T0812,daily,B-OCCUPATION
T0812,wage,I-OCCUPATION
T0812,worker,I-OCCUPATION
T0812,hu,O
T0812,meri,O
T0812,umar,O
T0812,55,B-AGE
T0812,saal,O
T0812,hai,O
T0812,aur,O
T0812,saalana,O
T0812,kamai,O
T0812,120000,B-ANNUAL_INCOME
T0812,rupe,O
T0812,hai,O
T0813,I,O
T0813,belong,O
T0813,to,O
T0813,ST,B-CASTE_CATEGORY
T0813,category,O
T0813,from,O
T0813,Rajasthan,B-STATE
T0813,Age,O
T0813,is,O
T0813,64,B-AGE
T0813,profession,O
T0813,is,O
T0813,daily,B-OCCUPATION
T0813,wage,I-OCCUPATION
T0813,worker,I-OCCUPATION
T0813,income,O
T0813,around,O
T0813,200000,B-ANNUAL_INCOME
T0814,I,O
T0814,am,O
T0814,a,O
T0814,45,B-AGE
T0814,year,O
T0814,old,O
T0814,female,B-GENDER
T0814,bunkar,B-OCCUPATION
T0814,living,O
T0814,in,O
T0814,Rajasthan,B-STATE
T0814,My,O
T0814,annual,O
T0814,household,O
T0814,income,O
T0814,is,O
T0814,600000,B-ANNUAL_INCOME
T0814,rupees,O
T0815,Mera,O
T0815,naam,O
T0815,Ramesh,O
T0815,hai,O
T0815,main,O
T0815,Madhya,B-STATE
T0815,Pradesh,I-STATE
T0815,ka,O
T0815,rehne,O
T0815,wala,O
T0815,hu,O
T0815,Main,O
T0815,ST,B-CASTE_CATEGORY
T0815,category,O
T0815,se,O
T0815,ek,O
T0815,mahila,B-GENDER
T0815,hu,O
T0815,aur,O
T0815,farmer,B-OCCUPATION
T0815,hu,O
T0815,Aamdani,O
T0815,80000,B-ANNUAL_INCOME
T0815,per,O
T0815,year,O
T0815,hai,O
T0816,I,O
T0816,belong,O
T0816,to,O
T0816,ST,B-CASTE_CATEGORY
T0816,category,O
T0816,from,O
T0816,Maharashtra,B-STATE
T0816,Age,O
T0816,is,O
T0816,36,B-AGE
T0816,profession,O
T0816,is,O
T0816,labour,B-OCCUPATION
T0816,income,O
T0816,around,O
T0816,120000,B-ANNUAL_INCOME
T0817,I,O
T0817,belong,O
T0817,to,O
T0817,OBC,B-CASTE_CATEGORY
T0817,category,O
T0817,from,O
T0817,Rajasthan,B-STATE
T0817,Age,O
T0817,is,O
T0817,33,B-AGE
T0817,profession,O
T0817,is,O
T0817,artisan,B-OCCUPATION
T0817,income,O
T0817,around,O
T0817,0,B-ANNUAL_INCOME
T0818,Hi,O
T0818,I,O
T0818,am,O
T0818,57,B-AGE
T0818,years,O
T0818,old,O
T0818,student,O
T0818,from,O
T0818,Karnataka,B-STATE
T0818,My,O
T0818,family,O
T0818,income,O
T0818,is,O
T0818,200000,B-ANNUAL_INCOME
T0818,and,O
T0818,I,O
T0818,am,O
T0818,differently,B-DISABILITY
T0818,abled,I-DISABILITY
T0819,I,O
T0819,am,O
T0819,a,O
T0819,29,B-AGE
T0819,year,O
T0819,old,O
T0819,female,B-GENDER
T0819,mazdoor,B-OCCUPATION
T0819,living,O
T0819,in,O
T0819,Maharashtra,B-STATE
T0819,My,O
T0819,annual,O
T0819,household,O
T0819,income,O
T0819,is,O
T0819,80000,B-ANNUAL_INCOME
T0819,rupees,O
T0820,I,O
T0820,belong,O
T0820,to,O
T0820,OBC,B-CASTE_CATEGORY
T0820,category,O
T0820,from,O
T0820,Karnataka,B-STATE
T0820,Age,O
T0820,is,O
T0820,33,B-AGE
T0820,profession,O
T0820,is,O
T0820,farmer,B-OCCUPATION
T0820,income,O
T0820,around,O
T0820,0,B-ANNUAL_INCOME
T0821,I,O
T0821,belong,O
T0821,to,O
T0821,OBC,B-CASTE_CATEGORY
T0821,category,O
T0821,from,O
T0821,Tamil,B-STATE
T0821,Nadu,I-STATE
T0821,Age,O
T0821,is,O
T0821,40,B-AGE
T0821,profession,O
T0821,is,O
T0821,artisan,B-OCCUPATION
T0821,income,O
T0821,around,O
T0821,200000,B-ANNUAL_INCOME
T0822,I,O
T0822,belong,O
T0822,to,O
T0822,OBC,B-CASTE_CATEGORY
T0822,category,O
T0822,from,O
T0822,Rajasthan,B-STATE
T0822,Age,O
T0822,is,O
T0822,44,B-AGE
T0822,profession,O
T0822,is,O
T0822,kisan,B-OCCUPATION
T0822,income,O
T0822,around,O
T0822,200000,B-ANNUAL_INCOME
T0823,I,O
T0823,am,O
T0823,a,O
T0823,53,B-AGE
T0823,year,O
T0823,old,O
T0823,male,B-GENDER
T0823,bunkar,B-OCCUPATION
T0823,living,O
T0823,in,O
T0823,Bihar,B-STATE
T0823,My,O
T0823,annual,O
T0823,household,O
T0823,income,O
T0823,is,O
T0823,0,B-ANNUAL_INCOME
T0823,rupees,O
T0824,Hi,O
T0824,I,O
T0824,am,O
T0824,35,B-AGE
T0824,years,O
T0824,old,O
T0824,student,O
T0824,from,O
T0824,Rajasthan,B-STATE
T0824,My,O
T0824,family,O
T0824,income,O
T0824,is,O
T0824,350000,B-ANNUAL_INCOME
T0824,and,O
T0824,I,O
T0824,am,O
T0824,differently,B-DISABILITY
T0824,abled,I-DISABILITY
T0825,Namaste,O
T0825,main,O
T0825,47,B-AGE
T0825,varsh,O
T0825,ka,O
T0825,farmer,B-OCCUPATION
T0825,hu,O
T0825,Bihar,B-STATE
T0825,se,O
T0825,Meri,O
T0825,income,O
T0825,0,B-ANNUAL_INCOME
T0825,rupaye,O
T0825,hai,O
T0825,aur,O
T0825,main,O
T0825,General,B-CASTE_CATEGORY
T0825,varg,O
T0825,se,O
T0825,hoon,O
T0825,Main,O
T0825,divyang,B-DISABILITY
T0825,hu,O
T0826,Namaste,O
T0826,main,O
T0826,51,B-AGE
T0826,varsh,O
T0826,ka,O
T0826,unemployed,B-OCCUPATION
T0826,hu,O
T0826,Rajasthan,B-STATE
T0826,se,O
T0826,Meri,O
T0826,income,O
T0826,45000,B-ANNUAL_INCOME
T0826,rupaye,O
T0826,hai,O
T0826,aur,O
T0826,main,O
T0826,General,B-CASTE_CATEGORY
T0826,varg,O
T0826,se,O
T0826,hoon,O
T0826,Main,O
T0826,divyang,B-DISABILITY
T0826,hu,O
T0827,I,O
T0827,am,O
T0827,a,O
T0827,51,B-AGE
T0827,year,O
T0827,old,O
T0827,male,B-GENDER
T0827,mazdoor,B-OCCUPATION
T0827,living,O
T0827,in,O
T0827,West,B-STATE
T0827,Bengal,I-STATE
T0827,My,O
T0827,annual,O
T0827,household,O
T0827,income,O
T0827,is,O
T0827,200000,B-ANNUAL_INCOME
T0827,rupees,O
T0828,Hi,O
T0828,I,O
T0828,am,O
T0828,41,B-AGE
T0828,years,O
T0828,old,O
T0828,student,O
T0828,from,O
T0828,Madhya,B-STATE
T0828,Pradesh,I-STATE
T0828,My,O
T0828,family,O
T0828,income,O
T0828,is,O
T0828,0,B-ANNUAL_INCOME
T0828,and,O
T0828,I,O
T0828,am,O
T0828,differently,B-DISABILITY
T0828,abled,I-DISABILITY
T0829,I,O
T0829,belong,O
T0829,to,O
T0829,General,B-CASTE_CATEGORY
T0829,category,O
T0829,from,O
T0829,Karnataka,B-STATE
T0829,Age,O
T0829,is,O
T0829,46,B-AGE
T0829,profession,O
T0829,is,O
T0829,weaver,B-OCCUPATION
T0829,income,O
T0829,around,O
T0829,80000,B-ANNUAL_INCOME
T0830,I,O
T0830,belong,O
T0830,to,O
T0830,ST,B-CASTE_CATEGORY
T0830,category,O
T0830,from,O
T0830,Bihar,B-STATE
T0830,Age,O
T0830,is,O
T0830,36,B-AGE
T0830,profession,O
T0830,is,O
T0830,mazdoor,B-OCCUPATION
T0830,income,O
T0830,around,O
T0830,120000,B-ANNUAL_INCOME
T0831,Main,O
T0831,Maharashtra,B-STATE
T0831,se,O
T0831,ek,O
T0831,street,B-OCCUPATION
T0831,vendor,I-OCCUPATION
T0831,hu,O
T0831,meri,O
T0831,umar,O
T0831,28,B-AGE
T0831,saal,O
T0831,hai,O
T0831,aur,O
T0831,saalana,O
T0831,kamai,O
T0831,200000,B-ANNUAL_INCOME
T0831,rupe,O
T0831,hai,O
T0832,I,O
T0832,belong,O
T0832,to,O
T0832,General,B-CASTE_CATEGORY
T0832,category,O
T0832,from,O
T0832,West,B-STATE
T0832,Bengal,I-STATE
T0832,Age,O
T0832,is,O
T0832,25,B-AGE
T0832,profession,O
T0832,is,O
T0832,berojgar,B-OCCUPATION
T0832,income,O
T0832,around,O
T0832,200000,B-ANNUAL_INCOME
T0833,I,O
T0833,belong,O
T0833,to,O
T0833,General,B-CASTE_CATEGORY
T0833,category,O
T0833,from,O
T0833,Madhya,B-STATE
T0833,Pradesh,I-STATE
T0833,Age,O
T0833,is,O
T0833,32,B-AGE
T0833,profession,O
T0833,is,O
T0833,labour,B-OCCUPATION
T0833,income,O
T0833,around,O
T0833,80000,B-ANNUAL_INCOME
T0834,Namaste,O
T0834,main,O
T0834,50,B-AGE
T0834,varsh,O
T0834,ka,O
T0834,weaver,B-OCCUPATION
T0834,hu,O
T0834,Uttar,B-STATE
T0834,Pradesh,I-STATE
T0834,se,O
T0834,Meri,O
T0834,income,O
T0834,600000,B-ANNUAL_INCOME
T0834,rupaye,O
T0834,hai,O
T0834,aur,O
T0834,main,O
T0834,OBC,B-CASTE_CATEGORY
T0834,varg,O
T0834,se,O
T0834,hoon,O
T0834,Main,O
T0834,divyang,B-DISABILITY
T0834,hu,O
T0835,Mera,O
T0835,naam,O
T0835,Ramesh,O
T0835,hai,O
T0835,main,O
T0835,Maharashtra,B-STATE
T0835,ka,O
T0835,rehne,O
T0835,wala,O
T0835,hu,O
T0835,Main,O
T0835,General,B-CASTE_CATEGORY
T0835,category,O
T0835,se,O
T0835,ek,O
T0835,purush,B-GENDER
T0835,hu,O
T0835,aur,O
T0835,berojgar,B-OCCUPATION
T0835,hu,O
T0835,Aamdani,O
T0835,0,B-ANNUAL_INCOME
T0835,per,O
T0835,year,O
T0835,hai,O
T0836,I,O
T0836,am,O
T0836,a,O
T0836,64,B-AGE
T0836,year,O
T0836,old,O
T0836,female,B-GENDER
T0836,daily,B-OCCUPATION
T0836,wage,I-OCCUPATION
T0836,worker,I-OCCUPATION
T0836,living,O
T0836,in,O
T0836,Bihar,B-STATE
T0836,My,O
T0836,annual,O
T0836,household,O
T0836,income,O
T0836,is,O
T0836,350000,B-ANNUAL_INCOME
T0836,rupees,O
T0837,I,O
T0837,belong,O
T0837,to,O
T0837,OBC,B-CASTE_CATEGORY
T0837,category,O
T0837,from,O
T0837,Karnataka,B-STATE
T0837,Age,O
T0837,is,O
T0837,24,B-AGE
T0837,profession,O
T0837,is,O
T0837,weaver,B-OCCUPATION
T0837,income,O
T0837,around,O
T0837,200000,B-ANNUAL_INCOME
T0838,Mera,O
T0838,naam,O
T0838,Ramesh,O
T0838,hai,O
T0838,main,O
T0838,West,B-STATE
T0838,Bengal,I-STATE
T0838,ka,O
T0838,rehne,O
T0838,wala,O
T0838,hu,O
T0838,Main,O
T0838,SC,B-CASTE_CATEGORY
T0838,category,O
T0838,se,O
T0838,ek,O
T0838,purush,B-GENDER
T0838,hu,O
T0838,aur,O
T0838,bunkar,B-OCCUPATION
T0838,hu,O
T0838,Aamdani,O
T0838,45000,B-ANNUAL_INCOME
T0838,per,O
T0838,year,O
T0838,hai,O
T0839,Mera,O
T0839,naam,O
T0839,Ramesh,O
T0839,hai,O
T0839,main,O
T0839,Bihar,B-STATE
T0839,ka,O
T0839,rehne,O
T0839,wala,O
T0839,hu,O
T0839,Main,O
T0839,SC,B-CASTE_CATEGORY
T0839,category,O
T0839,se,O
T0839,ek,O
T0839,mahila,B-GENDER
T0839,hu,O
T0839,aur,O
T0839,unemployed,B-OCCUPATION
T0839,hu,O
T0839,Aamdani,O
T0839,80000,B-ANNUAL_INCOME
T0839,per,O
T0839,year,O
T0839,hai,O
T0840,I,O
T0840,belong,O
T0840,to,O
T0840,OBC,B-CASTE_CATEGORY
T0840,category,O
T0840,from,O
T0840,Karnataka,B-STATE
T0840,Age,O
T0840,is,O
T0840,55,B-AGE
T0840,profession,O
T0840,is,O
T0840,kisan,B-OCCUPATION
T0840,income,O
T0840,around,O
T0840,350000,B-ANNUAL_INCOME
T0841,I,O
T0841,am,O
T0841,a,O
T0841,18,B-AGE
T0841,year,O
T0841,old,O
T0841,female,B-GENDER
T0841,farmer,B-OCCUPATION
T0841,living,O
T0841,in,O
T0841,Rajasthan,B-STATE
T0841,My,O
T0841,annual,O
T0841,household,O
T0841,income,O
T0841,is,O
T0841,200000,B-ANNUAL_INCOME
T0841,rupees,O
T0842,Main,O
T0842,Tamil,B-STATE
T0842,Nadu,I-STATE
T0842,se,O
T0842,ek,O
T0842,rehri,B-OCCUPATION
T0842,wala,I-OCCUPATION
T0842,hu,O
T0842,meri,O
T0842,umar,O
T0842,46,B-AGE
T0842,saal,O
T0842,hai,O
T0842,aur,O
T0842,saalana,O
T0842,kamai,O
T0842,600000,B-ANNUAL_INCOME
T0842,rupe,O
T0842,hai,O
T0843,I,O
T0843,am,O
T0843,a,O
T0843,21,B-AGE
T0843,year,O
T0843,old,O
T0843,male,B-GENDER
T0843,bunkar,B-OCCUPATION
T0843,living,O
T0843,in,O
T0843,Madhya,B-STATE
T0843,Pradesh,I-STATE
T0843,My,O
T0843,annual,O
T0843,household,O
T0843,income,O
T0843,is,O
T0843,120000,B-ANNUAL_INCOME
T0843,rupees,O
T0844,I,O
T0844,am,O
T0844,a,O
T0844,55,B-AGE
T0844,year,O
T0844,old,O
T0844,female,B-GENDER
T0844,artisan,B-OCCUPATION
T0844,living,O
T0844,in,O
T0844,Bihar,B-STATE
T0844,My,O
T0844,annual,O
T0844,household,O
T0844,income,O
T0844,is,O
T0844,45000,B-ANNUAL_INCOME
T0844,rupees,O
T0845,Mera,O
T0845,naam,O
T0845,Ramesh,O
T0845,hai,O
T0845,main,O
T0845,Uttar,B-STATE
T0845,Pradesh,I-STATE
T0845,ka,O
T0845,rehne,O
T0845,wala,O
T0845,hu,O
T0845,Main,O
T0845,OBC,B-CASTE_CATEGORY
T0845,category,O
T0845,se,O
T0845,ek,O
T0845,mahila,B-GENDER
T0845,hu,O
T0845,aur,O
T0845,daily,B-OCCUPATION
T0845,wage,I-OCCUPATION
T0845,worker,I-OCCUPATION
T0845,hu,O
T0845,Aamdani,O
T0845,600000,B-ANNUAL_INCOME
T0845,per,O
T0845,year,O
T0845,hai,O
T0846,Namaste,O
T0846,main,O
T0846,32,B-AGE
T0846,varsh,O
T0846,ka,O
T0846,farmer,B-OCCUPATION
T0846,hu,O
T0846,Uttar,B-STATE
T0846,Pradesh,I-STATE
T0846,se,O
T0846,Meri,O
T0846,income,O
T0846,200000,B-ANNUAL_INCOME
T0846,rupaye,O
T0846,hai,O
T0846,aur,O
T0846,main,O
T0846,OBC,B-CASTE_CATEGORY
T0846,varg,O
T0846,se,O
T0846,hoon,O
T0846,Main,O
T0846,divyang,B-DISABILITY
T0846,hu,O
T0847,I,O
T0847,am,O
T0847,a,O
T0847,45,B-AGE
T0847,year,O
T0847,old,O
T0847,female,B-GENDER
T0847,mazdoor,B-OCCUPATION
T0847,living,O
T0847,in,O
T0847,Uttar,B-STATE
T0847,Pradesh,I-STATE
T0847,My,O
T0847,annual,O
T0847,household,O
T0847,income,O
T0847,is,O
T0847,45000,B-ANNUAL_INCOME
T0847,rupees,O
T0848,Namaste,O
T0848,main,O
T0848,63,B-AGE
T0848,varsh,O
T0848,ka,O
T0848,street,B-OCCUPATION
T0848,vendor,I-OCCUPATION
T0848,hu,O
T0848,Tamil,B-STATE
T0848,Nadu,I-STATE
T0848,se,O
T0848,Meri,O
T0848,income,O
T0848,0,B-ANNUAL_INCOME
T0848,rupaye,O
T0848,hai,O
T0848,aur,O
T0848,main,O
T0848,ST,B-CASTE_CATEGORY
T0848,varg,O
T0848,se,O
T0848,hoon,O
T0848,Main,O
T0848,divyang,B-DISABILITY
T0848,hu,O
T0849,Mera,O
T0849,naam,O
T0849,Ramesh,O
T0849,hai,O
T0849,main,O
T0849,Madhya,B-STATE
T0849,Pradesh,I-STATE
T0849,ka,O
T0849,rehne,O
T0849,wala,O
T0849,hu,O
T0849,Main,O
T0849,General,B-CASTE_CATEGORY
T0849,category,O
T0849,se,O
T0849,ek,O
T0849,mahila,B-GENDER
T0849,hu,O
T0849,aur,O
T0849,artisan,B-OCCUPATION
T0849,hu,O
T0849,Aamdani,O
T0849,80000,B-ANNUAL_INCOME
T0849,per,O
T0849,year,O
T0849,hai,O
T0850,I,O
T0850,belong,O
T0850,to,O
T0850,ST,B-CASTE_CATEGORY
T0850,category,O
T0850,from,O
T0850,Madhya,B-STATE
T0850,Pradesh,I-STATE
T0850,Age,O
T0850,is,O
T0850,30,B-AGE
T0850,profession,O
T0850,is,O
T0850,weaver,B-OCCUPATION
T0850,income,O
T0850,around,O
T0850,200000,B-ANNUAL_INCOME
T0851,I,O
T0851,belong,O
T0851,to,O
T0851,SC,B-CASTE_CATEGORY
T0851,category,O
T0851,from,O
T0851,West,B-STATE
T0851,Bengal,I-STATE
T0851,Age,O
T0851,is,O
T0851,30,B-AGE
T0851,profession,O
T0851,is,O
T0851,kisan,B-OCCUPATION
T0851,income,O
T0851,around,O
T0851,600000,B-ANNUAL_INCOME
T0852,Main,O
T0852,Uttar,B-STATE
T0852,Pradesh,I-STATE
T0852,se,O
T0852,ek,O
T0852,weaver,B-OCCUPATION
T0852,hu,O
T0852,meri,O
T0852,umar,O
T0852,32,B-AGE
T0852,saal,O
T0852,hai,O
T0852,aur,O
T0852,saalana,O
T0852,kamai,O
T0852,0,B-ANNUAL_INCOME
T0852,rupe,O
T0852,hai,O
T0853,Mera,O
T0853,naam,O
T0853,Ramesh,O
T0853,hai,O
T0853,main,O
T0853,Uttar,B-STATE
T0853,Pradesh,I-STATE
T0853,ka,O
T0853,rehne,O
T0853,wala,O
T0853,hu,O
T0853,Main,O
T0853,SC,B-CASTE_CATEGORY
T0853,category,O
T0853,se,O
T0853,ek,O
T0853,purush,B-GENDER
T0853,hu,O
T0853,aur,O
T0853,kisan,B-OCCUPATION
T0853,hu,O
T0853,Aamdani,O
T0853,80000,B-ANNUAL_INCOME
T0853,per,O
T0853,year,O
T0853,hai,O
T0854,Mera,O
T0854,naam,O
T0854,Ramesh,O
T0854,hai,O
T0854,main,O
T0854,Maharashtra,B-STATE
T0854,ka,O
T0854,rehne,O
T0854,wala,O
T0854,hu,O
T0854,Main,O
T0854,ST,B-CASTE_CATEGORY
T0854,category,O
T0854,se,O
T0854,ek,O
T0854,mahila,B-GENDER
T0854,hu,O
T0854,aur,O
T0854,labour,B-OCCUPATION
T0854,hu,O
T0854,Aamdani,O
T0854,200000,B-ANNUAL_INCOME
T0854,per,O
T0854,year,O
T0854,hai,O
T0855,I,O
T0855,am,O
T0855,a,O
T0855,49,B-AGE
T0855,year,O
T0855,old,O
T0855,male,B-GENDER
T0855,kisan,B-OCCUPATION
T0855,living,O
T0855,in,O
T0855,Madhya,B-STATE
T0855,Pradesh,I-STATE
T0855,My,O
T0855,annual,O
T0855,household,O
T0855,income,O
T0855,is,O
T0855,80000,B-ANNUAL_INCOME
T0855,rupees,O
T0856,Hi,O
T0856,I,O
T0856,am,O
T0856,43,B-AGE
T0856,years,O
T0856,old,O
T0856,student,O
T0856,from,O
T0856,Tamil,B-STATE
T0856,Nadu,I-STATE
T0856,My,O
T0856,family,O
T0856,income,O
T0856,is,O
T0856,200000,B-ANNUAL_INCOME
T0856,and,O
T0856,I,O
T0856,am,O
T0856,differently,B-DISABILITY
T0856,abled,I-DISABILITY
T0857,Mera,O
T0857,naam,O
T0857,Ramesh,O
T0857,hai,O
T0857,main,O
T0857,Maharashtra,B-STATE
T0857,ka,O
T0857,rehne,O
T0857,wala,O
T0857,hu,O
T0857,Main,O
T0857,General,B-CASTE_CATEGORY
T0857,category,O
T0857,se,O
T0857,ek,O
T0857,mahila,B-GENDER
T0857,hu,O
T0857,aur,O
T0857,daily,B-OCCUPATION
T0857,wage,I-OCCUPATION
T0857,worker,I-OCCUPATION
T0857,hu,O
T0857,Aamdani,O
T0857,0,B-ANNUAL_INCOME
T0857,per,O
T0857,year,O
T0857,hai,O
T0858,I,O
T0858,am,O
T0858,a,O
T0858,24,B-AGE
T0858,year,O
T0858,old,O
T0858,male,B-GENDER
T0858,labour,B-OCCUPATION
T0858,living,O
T0858,in,O
T0858,Bihar,B-STATE
T0858,My,O
T0858,annual,O
T0858,household,O
T0858,income,O
T0858,is,O
T0858,200000,B-ANNUAL_INCOME
T0858,rupees,O
T0859,I,O
T0859,belong,O
T0859,to,O
T0859,ST,B-CASTE_CATEGORY
T0859,category,O
T0859,from,O
T0859,West,B-STATE
T0859,Bengal,I-STATE
T0859,Age,O
T0859,is,O
T0859,41,B-AGE
T0859,profession,O
T0859,is,O
T0859,student,B-OCCUPATION
T0859,income,O
T0859,around,O
T0859,0,B-ANNUAL_INCOME
T0860,Main,O
T0860,Rajasthan,B-STATE
T0860,se,O
T0860,ek,O
T0860,chhatra,B-OCCUPATION
T0860,hu,O
T0860,meri,O
T0860,umar,O
T0860,49,B-AGE
T0860,saal,O
T0860,hai,O
T0860,aur,O
T0860,saalana,O
T0860,kamai,O
T0860,200000,B-ANNUAL_INCOME
T0860,rupe,O
T0860,hai,O
T0861,Namaste,O
T0861,main,O
T0861,29,B-AGE
T0861,varsh,O
T0861,ka,O
T0861,street,B-OCCUPATION
T0861,vendor,I-OCCUPATION
T0861,hu,O
T0861,Uttar,B-STATE
T0861,Pradesh,I-STATE
T0861,se,O
T0861,Meri,O
T0861,income,O
T0861,600000,B-ANNUAL_INCOME
T0861,rupaye,O
T0861,hai,O
T0861,aur,O
T0861,main,O
T0861,SC,B-CASTE_CATEGORY
T0861,varg,O
T0861,se,O
T0861,hoon,O
T0861,Main,O
T0861,divyang,B-DISABILITY
T0861,hu,O
T0862,I,O
T0862,am,O
T0862,a,O
T0862,43,B-AGE
T0862,year,O
T0862,old,O
T0862,male,B-GENDER
T0862,unemployed,B-OCCUPATION
T0862,living,O
T0862,in,O
T0862,Madhya,B-STATE
T0862,Pradesh,I-STATE
T0862,My,O
T0862,annual,O
T0862,household,O
T0862,income,O
T0862,is,O
T0862,600000,B-ANNUAL_INCOME
T0862,rupees,O
T0863,Namaste,O
T0863,main,O
T0863,46,B-AGE
T0863,varsh,O
T0863,ka,O
T0863,labour,B-OCCUPATION
T0863,hu,O
T0863,Rajasthan,B-STATE
T0863,se,O
T0863,Meri,O
T0863,income,O
T0863,600000,B-ANNUAL_INCOME
T0863,rupaye,O
T0863,hai,O
T0863,aur,O
T0863,main,O
T0863,General,B-CASTE_CATEGORY
T0863,varg,O
T0863,se,O
T0863,hoon,O
T0863,Main,O
T0863,divyang,B-DISABILITY
T0863,hu,O
T0864,I,O
T0864,am,O
T0864,a,O
T0864,28,B-AGE
T0864,year,O
T0864,old,O
T0864,male,B-GENDER
T0864,weaver,B-OCCUPATION
T0864,living,O
T0864,in,O
T0864,Tamil,B-STATE
T0864,Nadu,I-STATE
T0864,My,O
T0864,annual,O
T0864,household,O
T0864,income,O
T0864,is,O
T0864,350000,B-ANNUAL_INCOME
T0864,rupees,O
T0865,Hi,O
T0865,I,O
T0865,am,O
T0865,55,B-AGE
T0865,years,O
T0865,old,O
T0865,student,O
T0865,from,O
T0865,Uttar,B-STATE
T0865,Pradesh,I-STATE
T0865,My,O
T0865,family,O
T0865,income,O
T0865,is,O
T0865,80000,B-ANNUAL_INCOME
T0865,and,O
T0865,I,O
T0865,am,O
T0865,differently,B-DISABILITY
T0865,abled,I-DISABILITY
T0866,Main,O
T0866,Madhya,B-STATE
T0866,Pradesh,I-STATE
T0866,se,O
T0866,ek,O
T0866,kisan,B-OCCUPATION
T0866,hu,O
T0866,meri,O
T0866,umar,O
T0866,57,B-AGE
T0866,saal,O
T0866,hai,O
T0866,aur,O
T0866,saalana,O
T0866,kamai,O
T0866,120000,B-ANNUAL_INCOME
T0866,rupe,O
T0866,hai,O
T0867,I,O
T0867,am,O
T0867,a,O
T0867,24,B-AGE
T0867,year,O
T0867,old,O
T0867,male,B-GENDER
T0867,berojgar,B-OCCUPATION
T0867,living,O
T0867,in,O
T0867,Uttar,B-STATE
T0867,Pradesh,I-STATE
T0867,My,O
T0867,annual,O
T0867,household,O
T0867,income,O
T0867,is,O
T0867,200000,B-ANNUAL_INCOME
T0867,rupees,O
T0868,Namaste,O
T0868,main,O
T0868,27,B-AGE
T0868,varsh,O
T0868,ka,O
T0868,chhatra,B-OCCUPATION
T0868,hu,O
T0868,Karnataka,B-STATE
T0868,se,O
T0868,Meri,O
T0868,income,O
T0868,200000,B-ANNUAL_INCOME
T0868,rupaye,O
T0868,hai,O
T0868,aur,O
T0868,main,O
T0868,SC,B-CASTE_CATEGORY
T0868,varg,O
T0868,se,O
T0868,hoon,O
T0868,Main,O
T0868,divyang,B-DISABILITY
T0868,hu,O
T0869,Hi,O
T0869,I,O
T0869,am,O
T0869,43,B-AGE
T0869,years,O
T0869,old,O
T0869,student,O
T0869,from,O
T0869,Uttar,B-STATE
T0869,Pradesh,I-STATE
T0869,My,O
T0869,family,O
T0869,income,O
T0869,is,O
T0869,120000,B-ANNUAL_INCOME
T0869,and,O
T0869,I,O
T0869,am,O
T0869,differently,B-DISABILITY
T0869,abled,I-DISABILITY
T0870,I,O
T0870,belong,O
T0870,to,O
T0870,SC,B-CASTE_CATEGORY
T0870,category,O
T0870,from,O
T0870,Uttar,B-STATE
T0870,Pradesh,I-STATE
T0870,Age,O
T0870,is,O
T0870,19,B-AGE
T0870,profession,O
T0870,is,O
T0870,student,B-OCCUPATION
T0870,income,O
T0870,around,O
T0870,120000,B-ANNUAL_INCOME
T0871,Hi,O
T0871,I,O
T0871,am,O
T0871,27,B-AGE
T0871,years,O
T0871,old,O
T0871,student,O
T0871,from,O
T0871,Tamil,B-STATE
T0871,Nadu,I-STATE
T0871,My,O
T0871,family,O
T0871,income,O
T0871,is,O
T0871,600000,B-ANNUAL_INCOME
T0871,and,O
T0871,I,O
T0871,am,O
T0871,differently,B-DISABILITY
T0871,abled,I-DISABILITY
T0872,Hi,O
T0872,I,O
T0872,am,O
T0872,62,B-AGE
T0872,years,O
T0872,old,O
T0872,student,O
T0872,from,O
T0872,Uttar,B-STATE
T0872,Pradesh,I-STATE
T0872,My,O
T0872,family,O
T0872,income,O
T0872,is,O
T0872,45000,B-ANNUAL_INCOME
T0872,and,O
T0872,I,O
T0872,am,O
T0872,differently,B-DISABILITY
T0872,abled,I-DISABILITY
T0873,Hi,O
T0873,I,O
T0873,am,O
T0873,42,B-AGE
T0873,years,O
T0873,old,O
T0873,student,O
T0873,from,O
T0873,Uttar,B-STATE
T0873,Pradesh,I-STATE
T0873,My,O
T0873,family,O
T0873,income,O
T0873,is,O
T0873,200000,B-ANNUAL_INCOME
T0873,and,O
T0873,I,O
T0873,am,O
T0873,differently,B-DISABILITY
T0873,abled,I-DISABILITY
T0874,Mera,O
T0874,naam,O
T0874,Ramesh,O
T0874,hai,O
T0874,main,O
T0874,Tamil,B-STATE
T0874,Nadu,I-STATE
T0874,ka,O
T0874,rehne,O
T0874,wala,O
T0874,hu,O
T0874,Main,O
T0874,ST,B-CASTE_CATEGORY
T0874,category,O
T0874,se,O
T0874,ek,O
T0874,purush,B-GENDER
T0874,hu,O
T0874,aur,O
T0874,mazdoor,B-OCCUPATION
T0874,hu,O
T0874,Aamdani,O
T0874,200000,B-ANNUAL_INCOME
T0874,per,O
T0874,year,O
T0874,hai,O
T0875,Namaste,O
T0875,main,O
T0875,46,B-AGE
T0875,varsh,O
T0875,ka,O
T0875,unemployed,B-OCCUPATION
T0875,hu,O
T0875,Rajasthan,B-STATE
T0875,se,O
T0875,Meri,O
T0875,income,O
T0875,0,B-ANNUAL_INCOME
T0875,rupaye,O
T0875,hai,O
T0875,aur,O
T0875,main,O
T0875,OBC,B-CASTE_CATEGORY
T0875,varg,O
T0875,se,O
T0875,hoon,O
T0875,Main,O
T0875,divyang,B-DISABILITY
T0875,hu,O
T0876,Main,O
T0876,Rajasthan,B-STATE
T0876,se,O
T0876,ek,O
T0876,daily,B-OCCUPATION
T0876,wage,I-OCCUPATION
T0876,worker,I-OCCUPATION
T0876,hu,O
T0876,meri,O
T0876,umar,O
T0876,59,B-AGE
T0876,saal,O
T0876,hai,O
T0876,aur,O
T0876,saalana,O
T0876,kamai,O
T0876,45000,B-ANNUAL_INCOME
T0876,rupe,O
T0876,hai,O
T0877,I,O
T0877,belong,O
T0877,to,O
T0877,SC,B-CASTE_CATEGORY
T0877,category,O
T0877,from,O
T0877,Tamil,B-STATE
T0877,Nadu,I-STATE
T0877,Age,O
T0877,is,O
T0877,41,B-AGE
T0877,profession,O
T0877,is,O
T0877,labour,B-OCCUPATION
T0877,income,O
T0877,around,O
T0877,600000,B-ANNUAL_INCOME
T0878,Namaste,O
T0878,main,O
T0878,59,B-AGE
T0878,varsh,O
T0878,ka,O
T0878,student,B-OCCUPATION
T0878,hu,O
T0878,Maharashtra,B-STATE
T0878,se,O
T0878,Meri,O
T0878,income,O
T0878,45000,B-ANNUAL_INCOME
T0878,rupaye,O
T0878,hai,O
T0878,aur,O
T0878,main,O
T0878,SC,B-CASTE_CATEGORY
T0878,varg,O
T0878,se,O
T0878,hoon,O
T0878,Main,O
T0878,divyang,B-DISABILITY
T0878,hu,O
T0879,I,O
T0879,belong,O
T0879,to,O
T0879,OBC,B-CASTE_CATEGORY
T0879,category,O
T0879,from,O
T0879,West,B-STATE
T0879,Bengal,I-STATE
T0879,Age,O
T0879,is,O
T0879,52,B-AGE
T0879,profession,O
T0879,is,O
T0879,bunkar,B-OCCUPATION
T0879,income,O
T0879,around,O
T0879,120000,B-ANNUAL_INCOME
T0880,I,O
T0880,belong,O
T0880,to,O
T0880,OBC,B-CASTE_CATEGORY
T0880,category,O
T0880,from,O
T0880,Madhya,B-STATE
T0880,Pradesh,I-STATE
T0880,Age,O
T0880,is,O
T0880,35,B-AGE
T0880,profession,O
T0880,is,O
T0880,mazdoor,B-OCCUPATION
T0880,income,O
T0880,around,O
T0880,45000,B-ANNUAL_INCOME
T0881,I,O
T0881,am,O
T0881,a,O
T0881,61,B-AGE
T0881,year,O
T0881,old,O
T0881,female,B-GENDER
T0881,farmer,B-OCCUPATION
T0881,living,O
T0881,in,O
T0881,Madhya,B-STATE
T0881,Pradesh,I-STATE
T0881,My,O
T0881,annual,O
T0881,household,O
T0881,income,O
T0881,is,O
T0881,0,B-ANNUAL_INCOME
T0881,rupees,O
T0882,Main,O
T0882,Madhya,B-STATE
T0882,Pradesh,I-STATE
T0882,se,O
T0882,ek,O
T0882,student,B-OCCUPATION
T0882,hu,O
T0882,meri,O
T0882,umar,O
T0882,44,B-AGE
T0882,saal,O
T0882,hai,O
T0882,aur,O
T0882,saalana,O
T0882,kamai,O
T0882,120000,B-ANNUAL_INCOME
T0882,rupe,O
T0882,hai,O
T0883,Mera,O
T0883,naam,O
T0883,Ramesh,O
T0883,hai,O
T0883,main,O
T0883,Karnataka,B-STATE
T0883,ka,O
T0883,rehne,O
T0883,wala,O
T0883,hu,O
T0883,Main,O
T0883,SC,B-CASTE_CATEGORY
T0883,category,O
T0883,se,O
T0883,ek,O
T0883,purush,B-GENDER
T0883,hu,O
T0883,aur,O
T0883,street,B-OCCUPATION
T0883,vendor,I-OCCUPATION
T0883,hu,O
T0883,Aamdani,O
T0883,350000,B-ANNUAL_INCOME
T0883,per,O
T0883,year,O
T0883,hai,O
T0884,Hi,O
T0884,I,O
T0884,am,O
T0884,57,B-AGE
T0884,years,O
T0884,old,O
T0884,student,O
T0884,from,O
T0884,West,B-STATE
T0884,Bengal,I-STATE
T0884,My,O
T0884,family,O
T0884,income,O
T0884,is,O
T0884,120000,B-ANNUAL_INCOME
T0884,and,O
T0884,I,O
T0884,am,O
T0884,differently,B-DISABILITY
T0884,abled,I-DISABILITY
T0885,Main,O
T0885,Maharashtra,B-STATE
T0885,se,O
T0885,ek,O
T0885,weaver,B-OCCUPATION
T0885,hu,O
T0885,meri,O
T0885,umar,O
T0885,27,B-AGE
T0885,saal,O
T0885,hai,O
T0885,aur,O
T0885,saalana,O
T0885,kamai,O
T0885,200000,B-ANNUAL_INCOME
T0885,rupe,O
T0885,hai,O
T0886,I,O
T0886,belong,O
T0886,to,O
T0886,General,B-CASTE_CATEGORY
T0886,category,O
T0886,from,O
T0886,Rajasthan,B-STATE
T0886,Age,O
T0886,is,O
T0886,18,B-AGE
T0886,profession,O
T0886,is,O
T0886,street,B-OCCUPATION
T0886,vendor,I-OCCUPATION
T0886,income,O
T0886,around,O
T0886,350000,B-ANNUAL_INCOME
T0887,Hi,O
T0887,I,O
T0887,am,O
T0887,23,B-AGE
T0887,years,O
T0887,old,O
T0887,student,O
T0887,from,O
T0887,Madhya,B-STATE
T0887,Pradesh,I-STATE
T0887,My,O
T0887,family,O
T0887,income,O
T0887,is,O
T0887,0,B-ANNUAL_INCOME
T0887,and,O
T0887,I,O
T0887,am,O
T0887,differently,B-DISABILITY
T0887,abled,I-DISABILITY
T0888,Hi,O
T0888,I,O
T0888,am,O
T0888,27,B-AGE
T0888,years,O
T0888,old,O
T0888,student,O
T0888,from,O
T0888,Bihar,B-STATE
T0888,My,O
T0888,family,O
T0888,income,O
T0888,is,O
T0888,45000,B-ANNUAL_INCOME
T0888,and,O
T0888,I,O
T0888,am,O
T0888,differently,B-DISABILITY
T0888,abled,I-DISABILITY
T0889,Mera,O
T0889,naam,O
T0889,Ramesh,O
T0889,hai,O
T0889,main,O
T0889,Madhya,B-STATE
T0889,Pradesh,I-STATE
T0889,ka,O
T0889,rehne,O
T0889,wala,O
T0889,hu,O
T0889,Main,O
T0889,General,B-CASTE_CATEGORY
T0889,category,O
T0889,se,O
T0889,ek,O
T0889,purush,B-GENDER
T0889,hu,O
T0889,aur,O
T0889,rehri,B-OCCUPATION
T0889,wala,I-OCCUPATION
T0889,hu,O
T0889,Aamdani,O
T0889,80000,B-ANNUAL_INCOME
T0889,per,O
T0889,year,O
T0889,hai,O
T0890,I,O
T0890,am,O
T0890,a,O
T0890,42,B-AGE
T0890,year,O
T0890,old,O
T0890,male,B-GENDER
T0890,labour,B-OCCUPATION
T0890,living,O
T0890,in,O
T0890,Tamil,B-STATE
T0890,Nadu,I-STATE
T0890,My,O
T0890,annual,O
T0890,household,O
T0890,income,O
T0890,is,O
T0890,0,B-ANNUAL_INCOME
T0890,rupees,O
T0891,Namaste,O
T0891,main,O
T0891,24,B-AGE
T0891,varsh,O
T0891,ka,O
T0891,rehri,B-OCCUPATION
T0891,wala,I-OCCUPATION
T0891,hu,O
T0891,Karnataka,B-STATE
T0891,se,O
T0891,Meri,O
T0891,income,O
T0891,80000,B-ANNUAL_INCOME
T0891,rupaye,O
T0891,hai,O
T0891,aur,O
T0891,main,O
T0891,General,B-CASTE_CATEGORY
T0891,varg,O
T0891,se,O
T0891,hoon,O
T0891,Main,O
T0891,divyang,B-DISABILITY
T0891,hu,O
T0892,Hi,O
T0892,I,O
T0892,am,O
T0892,21,B-AGE
T0892,years,O
T0892,old,O
T0892,student,O
T0892,from,O
T0892,Maharashtra,B-STATE
T0892,My,O
T0892,family,O
T0892,income,O
T0892,is,O
T0892,350000,B-ANNUAL_INCOME
T0892,and,O
T0892,I,O
T0892,am,O
T0892,differently,B-DISABILITY
T0892,abled,I-DISABILITY
T0893,Mera,O
T0893,naam,O
T0893,Ramesh,O
T0893,hai,O
T0893,main,O
T0893,Madhya,B-STATE
T0893,Pradesh,I-STATE
T0893,ka,O
T0893,rehne,O
T0893,wala,O
T0893,hu,O
T0893,Main,O
T0893,OBC,B-CASTE_CATEGORY
T0893,category,O
T0893,se,O
T0893,ek,O
T0893,mahila,B-GENDER
T0893,hu,O
T0893,aur,O
T0893,bunkar,B-OCCUPATION
T0893,hu,O
T0893,Aamdani,O
T0893,120000,B-ANNUAL_INCOME
T0893,per,O
T0893,year,O
T0893,hai,O
T0894,I,O
T0894,belong,O
T0894,to,O
T0894,General,B-CASTE_CATEGORY
T0894,category,O
T0894,from,O
T0894,Rajasthan,B-STATE
T0894,Age,O
T0894,is,O
T0894,52,B-AGE
T0894,profession,O
T0894,is,O
T0894,labour,B-OCCUPATION
T0894,income,O
T0894,around,O
T0894,600000,B-ANNUAL_INCOME
T0895,Mera,O
T0895,naam,O
T0895,Ramesh,O
T0895,hai,O
T0895,main,O
T0895,Bihar,B-STATE
T0895,ka,O
T0895,rehne,O
T0895,wala,O
T0895,hu,O
T0895,Main,O
T0895,ST,B-CASTE_CATEGORY
T0895,category,O
T0895,se,O
T0895,ek,O
T0895,purush,B-GENDER
T0895,hu,O
T0895,aur,O
T0895,rehri,B-OCCUPATION
T0895,wala,I-OCCUPATION
T0895,hu,O
T0895,Aamdani,O
T0895,200000,B-ANNUAL_INCOME
T0895,per,O
T0895,year,O
T0895,hai,O
T0896,Namaste,O
T0896,main,O
T0896,37,B-AGE
T0896,varsh,O
T0896,ka,O
T0896,unemployed,B-OCCUPATION
T0896,hu,O
T0896,Tamil,B-STATE
T0896,Nadu,I-STATE
T0896,se,O
T0896,Meri,O
T0896,income,O
T0896,45000,B-ANNUAL_INCOME
T0896,rupaye,O
T0896,hai,O
T0896,aur,O
T0896,main,O
T0896,General,B-CASTE_CATEGORY
T0896,varg,O
T0896,se,O
T0896,hoon,O
T0896,Main,O
T0896,divyang,B-DISABILITY
T0896,hu,O
T0897,I,O
T0897,am,O
T0897,a,O
T0897,33,B-AGE
T0897,year,O
T0897,old,O
T0897,male,B-GENDER
T0897,bunkar,B-OCCUPATION
T0897,living,O
T0897,in,O
T0897,Tamil,B-STATE
T0897,Nadu,I-STATE
T0897,My,O
T0897,annual,O
T0897,household,O
T0897,income,O
T0897,is,O
T0897,120000,B-ANNUAL_INCOME
T0897,rupees,O
T0898,I,O
T0898,am,O
T0898,a,O
T0898,46,B-AGE
T0898,year,O
T0898,old,O
T0898,female,B-GENDER
T0898,daily,B-OCCUPATION
T0898,wage,I-OCCUPATION
T0898,worker,I-OCCUPATION
T0898,living,O
T0898,in,O
T0898,Madhya,B-STATE
T0898,Pradesh,I-STATE
T0898,My,O
T0898,annual,O
T0898,household,O
T0898,income,O
T0898,is,O
T0898,80000,B-ANNUAL_INCOME
T0898,rupees,O
T0899,Hi,O
T0899,I,O
T0899,am,O
T0899,60,B-AGE
T0899,years,O
T0899,old,O
T0899,student,O
T0899,from,O
T0899,Bihar,B-STATE
T0899,My,O
T0899,family,O
T0899,income,O
T0899,is,O
T0899,120000,B-ANNUAL_INCOME
T0899,and,O
T0899,I,O
T0899,am,O
T0899,differently,B-DISABILITY
T0899,abled,I-DISABILITY
T0900,Hi,O
T0900,I,O
T0900,am,O
T0900,62,B-AGE
T0900,years,O
T0900,old,O
T0900,student,O
T0900,from,O
T0900,Maharashtra,B-STATE
T0900,My,O
T0900,family,O
T0900,income,O
T0900,is,O
T0900,200000,B-ANNUAL_INCOME
T0900,and,O
T0900,I,O
T0900,am,O
T0900,differently,B-DISABILITY
T0900,abled,I-DISABILITY
T0901,Namaste,O
T0901,main,O
T0901,55,B-AGE
T0901,varsh,O
T0901,ka,O
T0901,artisan,B-OCCUPATION
T0901,hu,O
T0901,Tamil,B-STATE
T0901,Nadu,I-STATE
T0901,se,O
T0901,Meri,O
T0901,income,O
T0901,200000,B-ANNUAL_INCOME
T0901,rupaye,O
T0901,hai,O
T0901,aur,O
T0901,main,O
T0901,General,B-CASTE_CATEGORY
T0901,varg,O
T0901,se,O
T0901,hoon,O
T0901,Main,O
T0901,divyang,B-DISABILITY
T0901,hu,O
T0902,I,O
T0902,belong,O
T0902,to,O
T0902,SC,B-CASTE_CATEGORY
T0902,category,O
T0902,from,O
T0902,Uttar,B-STATE
T0902,Pradesh,I-STATE
T0902,Age,O
T0902,is,O
T0902,35,B-AGE
T0902,profession,O
T0902,is,O
T0902,weaver,B-OCCUPATION
T0902,income,O
T0902,around,O
T0902,0,B-ANNUAL_INCOME
T0903,Namaste,O
T0903,main,O
T0903,56,B-AGE
T0903,varsh,O
T0903,ka,O
T0903,rehri,B-OCCUPATION
T0903,wala,I-OCCUPATION
T0903,hu,O
T0903,Karnataka,B-STATE
T0903,se,O
T0903,Meri,O
T0903,income,O
T0903,45000,B-ANNUAL_INCOME
T0903,rupaye,O
T0903,hai,O
T0903,aur,O
T0903,main,O
T0903,ST,B-CASTE_CATEGORY
T0903,varg,O
T0903,se,O
T0903,hoon,O
T0903,Main,O
T0903,divyang,B-DISABILITY
T0903,hu,O
T0904,Namaste,O
T0904,main,O
T0904,44,B-AGE
T0904,varsh,O
T0904,ka,O
T0904,daily,B-OCCUPATION
T0904,wage,I-OCCUPATION
T0904,worker,I-OCCUPATION
T0904,hu,O
T0904,Madhya,B-STATE
T0904,Pradesh,I-STATE
T0904,se,O
T0904,Meri,O
T0904,income,O
T0904,600000,B-ANNUAL_INCOME
T0904,rupaye,O
T0904,hai,O
T0904,aur,O
T0904,main,O
T0904,OBC,B-CASTE_CATEGORY
T0904,varg,O
T0904,se,O
T0904,hoon,O
T0904,Main,O
T0904,divyang,B-DISABILITY
T0904,hu,O
T0905,I,O
T0905,belong,O
T0905,to,O
T0905,General,B-CASTE_CATEGORY
T0905,category,O
T0905,from,O
T0905,Uttar,B-STATE
T0905,Pradesh,I-STATE
T0905,Age,O
T0905,is,O
T0905,36,B-AGE
T0905,profession,O
T0905,is,O
T0905,mazdoor,B-OCCUPATION
T0905,income,O
T0905,around,O
T0905,120000,B-ANNUAL_INCOME
T0906,I,O
T0906,belong,O
T0906,to,O
T0906,OBC,B-CASTE_CATEGORY
T0906,category,O
T0906,from,O
T0906,Karnataka,B-STATE
T0906,Age,O
T0906,is,O
T0906,65,B-AGE
T0906,profession,O
T0906,is,O
T0906,artisan,B-OCCUPATION
T0906,income,O
T0906,around,O
T0906,0,B-ANNUAL_INCOME
T0907,I,O
T0907,belong,O
T0907,to,O
T0907,OBC,B-CASTE_CATEGORY
T0907,category,O
T0907,from,O
T0907,Madhya,B-STATE
T0907,Pradesh,I-STATE
T0907,Age,O
T0907,is,O
T0907,54,B-AGE
T0907,profession,O
T0907,is,O
T0907,farmer,B-OCCUPATION
T0907,income,O
T0907,around,O
T0907,0,B-ANNUAL_INCOME
T0908,I,O
T0908,belong,O
T0908,to,O
T0908,SC,B-CASTE_CATEGORY
T0908,category,O
T0908,from,O
T0908,Tamil,B-STATE
T0908,Nadu,I-STATE
T0908,Age,O
T0908,is,O
T0908,22,B-AGE
T0908,profession,O
T0908,is,O
T0908,artisan,B-OCCUPATION
T0908,income,O
T0908,around,O
T0908,200000,B-ANNUAL_INCOME
T0909,I,O
T0909,belong,O
T0909,to,O
T0909,General,B-CASTE_CATEGORY
T0909,category,O
T0909,from,O
T0909,Rajasthan,B-STATE
T0909,Age,O
T0909,is,O
T0909,25,B-AGE
T0909,profession,O
T0909,is,O
T0909,daily,B-OCCUPATION
T0909,wage,I-OCCUPATION
T0909,worker,I-OCCUPATION
T0909,income,O
T0909,around,O
T0909,200000,B-ANNUAL_INCOME
T0910,Mera,O
T0910,naam,O
T0910,Ramesh,O
T0910,hai,O
T0910,main,O
T0910,Karnataka,B-STATE
T0910,ka,O
T0910,rehne,O
T0910,wala,O
T0910,hu,O
T0910,Main,O
T0910,ST,B-CASTE_CATEGORY
T0910,category,O
T0910,se,O
T0910,ek,O
T0910,mahila,B-GENDER
T0910,hu,O
T0910,aur,O
T0910,chhatra,B-OCCUPATION
T0910,hu,O
T0910,Aamdani,O
T0910,120000,B-ANNUAL_INCOME
T0910,per,O
T0910,year,O
T0910,hai,O
T0911,Main,O
T0911,Maharashtra,B-STATE
T0911,se,O
T0911,ek,O
T0911,street,B-OCCUPATION
T0911,vendor,I-OCCUPATION
T0911,hu,O
T0911,meri,O
T0911,umar,O
T0911,41,B-AGE
T0911,saal,O
T0911,hai,O
T0911,aur,O
T0911,saalana,O
T0911,kamai,O
T0911,350000,B-ANNUAL_INCOME
T0911,rupe,O
T0911,hai,O
T0912,Hi,O
T0912,I,O
T0912,am,O
T0912,28,B-AGE
T0912,years,O
T0912,old,O
T0912,student,O
T0912,from,O
T0912,Rajasthan,B-STATE
T0912,My,O
T0912,family,O
T0912,income,O
T0912,is,O
T0912,120000,B-ANNUAL_INCOME
T0912,and,O
T0912,I,O
T0912,am,O
T0912,differently,B-DISABILITY
T0912,abled,I-DISABILITY
T0913,I,O
T0913,am,O
T0913,a,O
T0913,62,B-AGE
T0913,year,O
T0913,old,O
T0913,female,B-GENDER
T0913,farmer,B-OCCUPATION
T0913,living,O
T0913,in,O
T0913,Maharashtra,B-STATE
T0913,My,O
T0913,annual,O
T0913,household,O
T0913,income,O
T0913,is,O
T0913,80000,B-ANNUAL_INCOME
T0913,rupees,O
T0914,I,O
T0914,belong,O
T0914,to,O
T0914,General,B-CASTE_CATEGORY
T0914,category,O
T0914,from,O
T0914,Karnataka,B-STATE
T0914,Age,O
T0914,is,O
T0914,43,B-AGE
T0914,profession,O
T0914,is,O
T0914,street,B-OCCUPATION
T0914,vendor,I-OCCUPATION
T0914,income,O
T0914,around,O
T0914,0,B-ANNUAL_INCOME
T0915,Hi,O
T0915,I,O
T0915,am,O
T0915,50,B-AGE
T0915,years,O
T0915,old,O
T0915,student,O
T0915,from,O
T0915,Bihar,B-STATE
T0915,My,O
T0915,family,O
T0915,income,O
T0915,is,O
T0915,600000,B-ANNUAL_INCOME
T0915,and,O
T0915,I,O
T0915,am,O
T0915,differently,B-DISABILITY
T0915,abled,I-DISABILITY
T0916,I,O
T0916,belong,O
T0916,to,O
T0916,ST,B-CASTE_CATEGORY
T0916,category,O
T0916,from,O
T0916,Madhya,B-STATE
T0916,Pradesh,I-STATE
T0916,Age,O
T0916,is,O
T0916,22,B-AGE
T0916,profession,O
T0916,is,O
T0916,unemployed,B-OCCUPATION
T0916,income,O
T0916,around,O
T0916,120000,B-ANNUAL_INCOME
T0917,Hi,O
T0917,I,O
T0917,am,O
T0917,45,B-AGE
T0917,years,O
T0917,old,O
T0917,student,O
T0917,from,O
T0917,Karnataka,B-STATE
T0917,My,O
T0917,family,O
T0917,income,O
T0917,is,O
T0917,80000,B-ANNUAL_INCOME
T0917,and,O
T0917,I,O
T0917,am,O
T0917,differently,B-DISABILITY
T0917,abled,I-DISABILITY
T0918,Mera,O
T0918,naam,O
T0918,Ramesh,O
T0918,hai,O
T0918,main,O
T0918,Madhya,B-STATE
T0918,Pradesh,I-STATE
T0918,ka,O
T0918,rehne,O
T0918,wala,O
T0918,hu,O
T0918,Main,O
T0918,ST,B-CASTE_CATEGORY
T0918,category,O
T0918,se,O
T0918,ek,O
T0918,purush,B-GENDER
T0918,hu,O
T0918,aur,O
T0918,mazdoor,B-OCCUPATION
T0918,hu,O
T0918,Aamdani,O
T0918,200000,B-ANNUAL_INCOME
T0918,per,O
T0918,year,O
T0918,hai,O
T0919,Hi,O
T0919,I,O
T0919,am,O
T0919,51,B-AGE
T0919,years,O
T0919,old,O
T0919,student,O
T0919,from,O
T0919,Karnataka,B-STATE
T0919,My,O
T0919,family,O
T0919,income,O
T0919,is,O
T0919,200000,B-ANNUAL_INCOME
T0919,and,O
T0919,I,O
T0919,am,O
T0919,differently,B-DISABILITY
T0919,abled,I-DISABILITY
T0920,I,O
T0920,belong,O
T0920,to,O
T0920,General,B-CASTE_CATEGORY
T0920,category,O
T0920,from,O
T0920,Uttar,B-STATE
T0920,Pradesh,I-STATE
T0920,Age,O
T0920,is,O
T0920,37,B-AGE
T0920,profession,O
T0920,is,O
T0920,student,B-OCCUPATION
T0920,income,O
T0920,around,O
T0920,200000,B-ANNUAL_INCOME
T0921,Hi,O
T0921,I,O
T0921,am,O
T0921,20,B-AGE
T0921,years,O
T0921,old,O
T0921,student,O
T0921,from,O
T0921,Maharashtra,B-STATE
T0921,My,O
T0921,family,O
T0921,income,O
T0921,is,O
T0921,45000,B-ANNUAL_INCOME
T0921,and,O
T0921,I,O
T0921,am,O
T0921,differently,B-DISABILITY
T0921,abled,I-DISABILITY
T0922,Mera,O
T0922,naam,O
T0922,Ramesh,O
T0922,hai,O
T0922,main,O
T0922,West,B-STATE
T0922,Bengal,I-STATE
T0922,ka,O
T0922,rehne,O
T0922,wala,O
T0922,hu,O
T0922,Main,O
T0922,SC,B-CASTE_CATEGORY
T0922,category,O
T0922,se,O
T0922,ek,O
T0922,mahila,B-GENDER
T0922,hu,O
T0922,aur,O
T0922,weaver,B-OCCUPATION
T0922,hu,O
T0922,Aamdani,O
T0922,120000,B-ANNUAL_INCOME
T0922,per,O
T0922,year,O
T0922,hai,O
T0923,Namaste,O
T0923,main,O
T0923,34,B-AGE
T0923,varsh,O
T0923,ka,O
T0923,weaver,B-OCCUPATION
T0923,hu,O
T0923,Rajasthan,B-STATE
T0923,se,O
T0923,Meri,O
T0923,income,O
T0923,120000,B-ANNUAL_INCOME
T0923,rupaye,O
T0923,hai,O
T0923,aur,O
T0923,main,O
T0923,SC,B-CASTE_CATEGORY
T0923,varg,O
T0923,se,O
T0923,hoon,O
T0923,Main,O
T0923,divyang,B-DISABILITY
T0923,hu,O
T0924,I,O
T0924,belong,O
T0924,to,O
T0924,ST,B-CASTE_CATEGORY
T0924,category,O
T0924,from,O
T0924,Madhya,B-STATE
T0924,Pradesh,I-STATE
T0924,Age,O
T0924,is,O
T0924,30,B-AGE
T0924,profession,O
T0924,is,O
T0924,weaver,B-OCCUPATION
T0924,income,O
T0924,around,O
T0924,600000,B-ANNUAL_INCOME
T0925,Namaste,O
T0925,main,O
T0925,40,B-AGE
T0925,varsh,O
T0925,ka,O
T0925,farmer,B-OCCUPATION
T0925,hu,O
T0925,Uttar,B-STATE
T0925,Pradesh,I-STATE
T0925,se,O
T0925,Meri,O
T0925,income,O
T0925,600000,B-ANNUAL_INCOME
T0925,rupaye,O
T0925,hai,O
T0925,aur,O
T0925,main,O
T0925,SC,B-CASTE_CATEGORY
T0925,varg,O
T0925,se,O
T0925,hoon,O
T0925,Main,O
T0925,divyang,B-DISABILITY
T0925,hu,O
T0926,Mera,O
T0926,naam,O
T0926,Ramesh,O
T0926,hai,O
T0926,main,O
T0926,Tamil,B-STATE
T0926,Nadu,I-STATE
T0926,ka,O
T0926,rehne,O
T0926,wala,O
T0926,hu,O
T0926,Main,O
T0926,ST,B-CASTE_CATEGORY
T0926,category,O
T0926,se,O
T0926,ek,O
T0926,purush,B-GENDER
T0926,hu,O
T0926,aur,O
T0926,artisan,B-OCCUPATION
T0926,hu,O
T0926,Aamdani,O
T0926,0,B-ANNUAL_INCOME
T0926,per,O
T0926,year,O
T0926,hai,O
T0927,Mera,O
T0927,naam,O
T0927,Ramesh,O
T0927,hai,O
T0927,main,O
T0927,Tamil,B-STATE
T0927,Nadu,I-STATE
T0927,ka,O
T0927,rehne,O
T0927,wala,O
T0927,hu,O
T0927,Main,O
T0927,ST,B-CASTE_CATEGORY
T0927,category,O
T0927,se,O
T0927,ek,O
T0927,mahila,B-GENDER
T0927,hu,O
T0927,aur,O
T0927,chhatra,B-OCCUPATION
T0927,hu,O
T0927,Aamdani,O
T0927,350000,B-ANNUAL_INCOME
T0927,per,O
T0927,year,O
T0927,hai,O
T0928,Namaste,O
T0928,main,O
T0928,65,B-AGE
T0928,varsh,O
T0928,ka,O
T0928,farmer,B-OCCUPATION
T0928,hu,O
T0928,Uttar,B-STATE
T0928,Pradesh,I-STATE
T0928,se,O
T0928,Meri,O
T0928,income,O
T0928,120000,B-ANNUAL_INCOME
T0928,rupaye,O
T0928,hai,O
T0928,aur,O
T0928,main,O
T0928,ST,B-CASTE_CATEGORY
T0928,varg,O
T0928,se,O
T0928,hoon,O
T0928,Main,O
T0928,divyang,B-DISABILITY
T0928,hu,O
T0929,Namaste,O
T0929,main,O
T0929,47,B-AGE
T0929,varsh,O
T0929,ka,O
T0929,daily,B-OCCUPATION
T0929,wage,I-OCCUPATION
T0929,worker,I-OCCUPATION
T0929,hu,O
T0929,Tamil,B-STATE
T0929,Nadu,I-STATE
T0929,se,O
T0929,Meri,O
T0929,income,O
T0929,80000,B-ANNUAL_INCOME
T0929,rupaye,O
T0929,hai,O
T0929,aur,O
T0929,main,O
T0929,General,B-CASTE_CATEGORY
T0929,varg,O
T0929,se,O
T0929,hoon,O
T0929,Main,O
T0929,divyang,B-DISABILITY
T0929,hu,O
T0930,Hi,O
T0930,I,O
T0930,am,O
T0930,44,B-AGE
T0930,years,O
T0930,old,O
T0930,student,O
T0930,from,O
T0930,Tamil,B-STATE
T0930,Nadu,I-STATE
T0930,My,O
T0930,family,O
T0930,income,O
T0930,is,O
T0930,350000,B-ANNUAL_INCOME
T0930,and,O
T0930,I,O
T0930,am,O
T0930,differently,B-DISABILITY
T0930,abled,I-DISABILITY
T0931,Hi,O
T0931,I,O
T0931,am,O
T0931,21,B-AGE
T0931,years,O
T0931,old,O
T0931,student,O
T0931,from,O
T0931,Uttar,B-STATE
T0931,Pradesh,I-STATE
T0931,My,O
T0931,family,O
T0931,income,O
T0931,is,O
T0931,120000,B-ANNUAL_INCOME
T0931,and,O
T0931,I,O
T0931,am,O
T0931,differently,B-DISABILITY
T0931,abled,I-DISABILITY
T0932,I,O
T0932,belong,O
T0932,to,O
T0932,ST,B-CASTE_CATEGORY
T0932,category,O
T0932,from,O
T0932,West,B-STATE
T0932,Bengal,I-STATE
T0932,Age,O
T0932,is,O
T0932,43,B-AGE
T0932,profession,O
T0932,is,O
T0932,daily,B-OCCUPATION
T0932,wage,I-OCCUPATION
T0932,worker,I-OCCUPATION
T0932,income,O
T0932,around,O
T0932,80000,B-ANNUAL_INCOME
T0933,I,O
T0933,am,O
T0933,a,O
T0933,37,B-AGE
T0933,year,O
T0933,old,O
T0933,male,B-GENDER
T0933,daily,B-OCCUPATION
T0933,wage,I-OCCUPATION
T0933,worker,I-OCCUPATION
T0933,living,O
T0933,in,O
T0933,Uttar,B-STATE
T0933,Pradesh,I-STATE
T0933,My,O
T0933,annual,O
T0933,household,O
T0933,income,O
T0933,is,O
T0933,80000,B-ANNUAL_INCOME
T0933,rupees,O
T0934,Main,O
T0934,Uttar,B-STATE
T0934,Pradesh,I-STATE
T0934,se,O
T0934,ek,O
T0934,street,B-OCCUPATION
T0934,vendor,I-OCCUPATION
T0934,hu,O
T0934,meri,O
T0934,umar,O
T0934,22,B-AGE
T0934,saal,O
T0934,hai,O
T0934,aur,O
T0934,saalana,O
T0934,kamai,O
T0934,0,B-ANNUAL_INCOME
T0934,rupe,O
T0934,hai,O
T0935,Mera,O
T0935,naam,O
T0935,Ramesh,O
T0935,hai,O
T0935,main,O
T0935,Rajasthan,B-STATE
T0935,ka,O
T0935,rehne,O
T0935,wala,O
T0935,hu,O
T0935,Main,O
T0935,SC,B-CASTE_CATEGORY
T0935,category,O
T0935,se,O
T0935,ek,O
T0935,mahila,B-GENDER
T0935,hu,O
T0935,aur,O
T0935,rehri,B-OCCUPATION
T0935,wala,I-OCCUPATION
T0935,hu,O
T0935,Aamdani,O
T0935,200000,B-ANNUAL_INCOME
T0935,per,O
T0935,year,O
T0935,hai,O
T0936,I,O
T0936,am,O
T0936,a,O
T0936,27,B-AGE
T0936,year,O
T0936,old,O
T0936,female,B-GENDER
T0936,bunkar,B-OCCUPATION
T0936,living,O
T0936,in,O
T0936,Rajasthan,B-STATE
T0936,My,O
T0936,annual,O
T0936,household,O
T0936,income,O
T0936,is,O
T0936,80000,B-ANNUAL_INCOME
T0936,rupees,O
T0937,I,O
T0937,am,O
T0937,a,O
T0937,32,B-AGE
T0937,year,O
T0937,old,O
T0937,male,B-GENDER
T0937,farmer,B-OCCUPATION
T0937,living,O
T0937,in,O
T0937,Rajasthan,B-STATE
T0937,My,O
T0937,annual,O
T0937,household,O
T0937,income,O
T0937,is,O
T0937,0,B-ANNUAL_INCOME
T0937,rupees,O
T0938,Hi,O
T0938,I,O
T0938,am,O
T0938,48,B-AGE
T0938,years,O
T0938,old,O
T0938,student,O
T0938,from,O
T0938,Karnataka,B-STATE
T0938,My,O
T0938,family,O
T0938,income,O
T0938,is,O
T0938,350000,B-ANNUAL_INCOME
T0938,and,O
T0938,I,O
T0938,am,O
T0938,differently,B-DISABILITY
T0938,abled,I-DISABILITY
T0939,Namaste,O
T0939,main,O
T0939,49,B-AGE
T0939,varsh,O
T0939,ka,O
T0939,chhatra,B-OCCUPATION
T0939,hu,O
T0939,Bihar,B-STATE
T0939,se,O
T0939,Meri,O
T0939,income,O
T0939,0,B-ANNUAL_INCOME
T0939,rupaye,O
T0939,hai,O
T0939,aur,O
T0939,main,O
T0939,OBC,B-CASTE_CATEGORY
T0939,varg,O
T0939,se,O
T0939,hoon,O
T0939,Main,O
T0939,divyang,B-DISABILITY
T0939,hu,O
T0940,I,O
T0940,belong,O
T0940,to,O
T0940,ST,B-CASTE_CATEGORY
T0940,category,O
T0940,from,O
T0940,Rajasthan,B-STATE
T0940,Age,O
T0940,is,O
T0940,44,B-AGE
T0940,profession,O
T0940,is,O
T0940,chhatra,B-OCCUPATION
T0940,income,O
T0940,around,O
T0940,45000,B-ANNUAL_INCOME
T0941,I,O
T0941,belong,O
T0941,to,O
T0941,General,B-CASTE_CATEGORY
T0941,category,O
T0941,from,O
T0941,Karnataka,B-STATE
T0941,Age,O
T0941,is,O
T0941,42,B-AGE
T0941,profession,O
T0941,is,O
T0941,berojgar,B-OCCUPATION
T0941,income,O
T0941,around,O
T0941,200000,B-ANNUAL_INCOME
T0942,Hi,O
T0942,I,O
T0942,am,O
T0942,30,B-AGE
T0942,years,O
T0942,old,O
T0942,student,B-OCCUPATION
T0942,from,O
T0942,Madhya,B-STATE
T0942,Pradesh,I-STATE
T0942,My,O
T0942,family,O
T0942,income,O
T0942,is,O
T0942,120000,B-ANNUAL_INCOME
T0942,and,O
T0942,I,O
T0942,am,O
T0942,differently,B-DISABILITY
T0942,abled,I-DISABILITY
T0943,Hi,O
T0943,I,O
T0943,am,O
T0943,51,B-AGE
T0943,years,O
T0943,old,O
T0943,student,O
T0943,from,O
T0943,Uttar,B-STATE
T0943,Pradesh,I-STATE
T0943,My,O
T0943,family,O
T0943,income,O
T0943,is,O
T0943,350000,B-ANNUAL_INCOME
T0943,and,O
T0943,I,O
T0943,am,O
T0943,differently,B-DISABILITY
T0943,abled,I-DISABILITY
T0944,Namaste,O
T0944,main,O
T0944,38,B-AGE
T0944,varsh,O
T0944,ka,O
T0944,bunkar,B-OCCUPATION
T0944,hu,O
T0944,Uttar,B-STATE
T0944,Pradesh,I-STATE
T0944,se,O
T0944,Meri,O
T0944,income,O
T0944,600000,B-ANNUAL_INCOME
T0944,rupaye,O
T0944,hai,O
T0944,aur,O
T0944,main,O
T0944,General,B-CASTE_CATEGORY
T0944,varg,O
T0944,se,O
T0944,hoon,O
T0944,Main,O
T0944,divyang,B-DISABILITY
T0944,hu,O
T0945,Namaste,O
T0945,main,O
T0945,29,B-AGE
T0945,varsh,O
T0945,ka,O
T0945,student,B-OCCUPATION
T0945,hu,O
T0945,West,B-STATE
T0945,Bengal,I-STATE
T0945,se,O
T0945,Meri,O
T0945,income,O
T0945,350000,B-ANNUAL_INCOME
T0945,rupaye,O
T0945,hai,O
T0945,aur,O
T0945,main,O
T0945,OBC,B-CASTE_CATEGORY
T0945,varg,O
T0945,se,O
T0945,hoon,O
T0945,Main,O
T0945,divyang,B-DISABILITY
T0945,hu,O
T0946,Namaste,O
T0946,main,O
T0946,40,B-AGE
T0946,varsh,O
T0946,ka,O
T0946,rehri,B-OCCUPATION
T0946,wala,I-OCCUPATION
T0946,hu,O
T0946,Karnataka,B-STATE
T0946,se,O
T0946,Meri,O
T0946,income,O
T0946,80000,B-ANNUAL_INCOME
T0946,rupaye,O
T0946,hai,O
T0946,aur,O
T0946,main,O
T0946,OBC,B-CASTE_CATEGORY
T0946,varg,O
T0946,se,O
T0946,hoon,O
T0946,Main,O
T0946,divyang,B-DISABILITY
T0946,hu,O
T0947,I,O
T0947,belong,O
T0947,to,O
T0947,General,B-CASTE_CATEGORY
T0947,category,O
T0947,from,O
T0947,Bihar,B-STATE
T0947,Age,O
T0947,is,O
T0947,58,B-AGE
T0947,profession,O
T0947,is,O
T0947,daily,B-OCCUPATION
T0947,wage,I-OCCUPATION
T0947,worker,I-OCCUPATION
T0947,income,O
T0947,around,O
T0947,350000,B-ANNUAL_INCOME
T0948,I,O
T0948,am,O
T0948,a,O
T0948,61,B-AGE
T0948,year,O
T0948,old,O
T0948,female,B-GENDER
T0948,bunkar,B-OCCUPATION
T0948,living,O
T0948,in,O
T0948,West,B-STATE
T0948,Bengal,I-STATE
T0948,My,O
T0948,annual,O
T0948,household,O
T0948,income,O
T0948,is,O
T0948,0,B-ANNUAL_INCOME
T0948,rupees,O
T0949,I,O
T0949,am,O
T0949,a,O
T0949,54,B-AGE
T0949,year,O
T0949,old,O
T0949,male,B-GENDER
T0949,artisan,B-OCCUPATION
T0949,living,O
T0949,in,O
T0949,Tamil,B-STATE
T0949,Nadu,I-STATE
T0949,My,O
T0949,annual,O
T0949,household,O
T0949,income,O
T0949,is,O
T0949,600000,B-ANNUAL_INCOME
T0949,rupees,O
T0950,Namaste,O
T0950,main,O
T0950,58,B-AGE
T0950,varsh,O
T0950,ka,O
T0950,weaver,B-OCCUPATION
T0950,hu,O
T0950,Rajasthan,B-STATE
T0950,se,O
T0950,Meri,O
T0950,income,O
T0950,120000,B-ANNUAL_INCOME
T0950,rupaye,O
T0950,hai,O
T0950,aur,O
T0950,main,O
T0950,SC,B-CASTE_CATEGORY
T0950,varg,O
T0950,se,O
T0950,hoon,O
T0950,Main,O
T0950,divyang,B-DISABILITY
T0950,hu,O
T0951,Namaste,O
T0951,main,O
T0951,47,B-AGE
T0951,varsh,O
T0951,ka,O
T0951,labour,B-OCCUPATION
T0951,hu,O
T0951,Uttar,B-STATE
T0951,Pradesh,I-STATE
T0951,se,O
T0951,Meri,O
T0951,income,O
T0951,0,B-ANNUAL_INCOME
T0951,rupaye,O
T0951,hai,O
T0951,aur,O
T0951,main,O
T0951,SC,B-CASTE_CATEGORY
T0951,varg,O
T0951,se,O
T0951,hoon,O
T0951,Main,O
T0951,divyang,B-DISABILITY
T0951,hu,O
T0952,Hi,O
T0952,I,O
T0952,am,O
T0952,33,B-AGE
T0952,years,O
T0952,old,O
T0952,student,O
T0952,from,O
T0952,Rajasthan,B-STATE
T0952,My,O
T0952,family,O
T0952,income,O
T0952,is,O
T0952,600000,B-ANNUAL_INCOME
T0952,and,O
T0952,I,O
T0952,am,O
T0952,differently,B-DISABILITY
T0952,abled,I-DISABILITY
T0953,I,O
T0953,belong,O
T0953,to,O
T0953,ST,B-CASTE_CATEGORY
T0953,category,O
T0953,from,O
T0953,West,B-STATE
T0953,Bengal,I-STATE
T0953,Age,O
T0953,is,O
T0953,50,B-AGE
T0953,profession,O
T0953,is,O
T0953,chhatra,B-OCCUPATION
T0953,income,O
T0953,around,O
T0953,0,B-ANNUAL_INCOME
T0954,Namaste,O
T0954,main,O
T0954,51,B-AGE
T0954,varsh,O
T0954,ka,O
T0954,student,B-OCCUPATION
T0954,hu,O
T0954,Bihar,B-STATE
T0954,se,O
T0954,Meri,O
T0954,income,O
T0954,600000,B-ANNUAL_INCOME
T0954,rupaye,O
T0954,hai,O
T0954,aur,O
T0954,main,O
T0954,OBC,B-CASTE_CATEGORY
T0954,varg,O
T0954,se,O
T0954,hoon,O
T0954,Main,O
T0954,divyang,B-DISABILITY
T0954,hu,O
T0955,Hi,O
T0955,I,O
T0955,am,O
T0955,38,B-AGE
T0955,years,O
T0955,old,O
T0955,student,O
T0955,from,O
T0955,Rajasthan,B-STATE
T0955,My,O
T0955,family,O
T0955,income,O
T0955,is,O
T0955,350000,B-ANNUAL_INCOME
T0955,and,O
T0955,I,O
T0955,am,O
T0955,differently,B-DISABILITY
T0955,abled,I-DISABILITY
T0956,I,O
T0956,am,O
T0956,a,O
T0956,37,B-AGE
T0956,year,O
T0956,old,O
T0956,male,B-GENDER
T0956,rehri,B-OCCUPATION
T0956,wala,I-OCCUPATION
T0956,living,O
T0956,in,O
T0956,Bihar,B-STATE
T0956,My,O
T0956,annual,O
T0956,household,O
T0956,income,O
T0956,is,O
T0956,350000,B-ANNUAL_INCOME
T0956,rupees,O
T0957,I,O
T0957,belong,O
T0957,to,O
T0957,ST,B-CASTE_CATEGORY
T0957,category,O
T0957,from,O
T0957,Maharashtra,B-STATE
T0957,Age,O
T0957,is,O
T0957,30,B-AGE
T0957,profession,O
T0957,is,O
T0957,berojgar,B-OCCUPATION
T0957,income,O
T0957,around,O
T0957,45000,B-ANNUAL_INCOME
T0958,I,O
T0958,am,O
T0958,a,O
T0958,41,B-AGE
T0958,year,O
T0958,old,O
T0958,male,B-GENDER
T0958,artisan,B-OCCUPATION
T0958,living,O
T0958,in,O
T0958,Rajasthan,B-STATE
T0958,My,O
T0958,annual,O
T0958,household,O
T0958,income,O
T0958,is,O
T0958,200000,B-ANNUAL_INCOME
T0958,rupees,O
T0959,Hi,O
T0959,I,O
T0959,am,O
T0959,64,B-AGE
T0959,years,O
T0959,old,O
T0959,student,O
T0959,from,O
T0959,Bihar,B-STATE
T0959,My,O
T0959,family,O
T0959,income,O
T0959,is,O
T0959,80000,B-ANNUAL_INCOME
T0959,and,O
T0959,I,O
T0959,am,O
T0959,differently,B-DISABILITY
T0959,abled,I-DISABILITY
T0960,Mera,O
T0960,naam,O
T0960,Ramesh,O
T0960,hai,O
T0960,main,O
T0960,Uttar,B-STATE
T0960,Pradesh,I-STATE
T0960,ka,O
T0960,rehne,O
T0960,wala,O
T0960,hu,O
T0960,Main,O
T0960,ST,B-CASTE_CATEGORY
T0960,category,O
T0960,se,O
T0960,ek,O
T0960,purush,B-GENDER
T0960,hu,O
T0960,aur,O
T0960,street,B-OCCUPATION
T0960,vendor,I-OCCUPATION
T0960,hu,O
T0960,Aamdani,O
T0960,45000,B-ANNUAL_INCOME
T0960,per,O
T0960,year,O
T0960,hai,O
T0961,Main,O
T0961,Madhya,B-STATE
T0961,Pradesh,I-STATE
T0961,se,O
T0961,ek,O
T0961,chhatra,B-OCCUPATION
T0961,hu,O
T0961,meri,O
T0961,umar,O
T0961,20,B-AGE
T0961,saal,O
T0961,hai,O
T0961,aur,O
T0961,saalana,O
T0961,kamai,O
T0961,600000,B-ANNUAL_INCOME
T0961,rupe,O
T0961,hai,O
T0962,Main,O
T0962,Tamil,B-STATE
T0962,Nadu,I-STATE
T0962,se,O
T0962,ek,O
T0962,rehri,B-OCCUPATION
T0962,wala,I-OCCUPATION
T0962,hu,O
T0962,meri,O
T0962,umar,O
T0962,48,B-AGE
T0962,saal,O
T0962,hai,O
T0962,aur,O
T0962,saalana,O
T0962,kamai,O
T0962,600000,B-ANNUAL_INCOME
T0962,rupe,O
T0962,hai,O
T0963,Mera,O
T0963,naam,O
T0963,Ramesh,O
T0963,hai,O
T0963,main,O
T0963,Bihar,B-STATE
T0963,ka,O
T0963,rehne,O
T0963,wala,O
T0963,hu,O
T0963,Main,O
T0963,ST,B-CASTE_CATEGORY
T0963,category,O
T0963,se,O
T0963,ek,O
T0963,purush,B-GENDER
T0963,hu,O
T0963,aur,O
T0963,farmer,B-OCCUPATION
T0963,hu,O
T0963,Aamdani,O
T0963,120000,B-ANNUAL_INCOME
T0963,per,O
T0963,year,O
T0963,hai,O
T0964,I,O
T0964,am,O
T0964,a,O
T0964,20,B-AGE
T0964,year,O
T0964,old,O
T0964,female,B-GENDER
T0964,kisan,B-OCCUPATION
T0964,living,O
T0964,in,O
T0964,West,B-STATE
T0964,Bengal,I-STATE
T0964,My,O
T0964,annual,O
T0964,household,O
T0964,income,O
T0964,is,O
T0964,120000,B-ANNUAL_INCOME
T0964,rupees,O
T0965,Main,O
T0965,Rajasthan,B-STATE
T0965,se,O
T0965,ek,O
T0965,rehri,B-OCCUPATION
T0965,wala,I-OCCUPATION
T0965,hu,O
T0965,meri,O
T0965,umar,O
T0965,44,B-AGE
T0965,saal,O
T0965,hai,O
T0965,aur,O
T0965,saalana,O
T0965,kamai,O
T0965,600000,B-ANNUAL_INCOME
T0965,rupe,O
T0965,hai,O
T0966,I,O
T0966,belong,O
T0966,to,O
T0966,ST,B-CASTE_CATEGORY
T0966,category,O
T0966,from,O
T0966,Bihar,B-STATE
T0966,Age,O
T0966,is,O
T0966,63,B-AGE
T0966,profession,O
T0966,is,O
T0966,unemployed,B-OCCUPATION
T0966,income,O
T0966,around,O
T0966,120000,B-ANNUAL_INCOME
T0967,Namaste,O
T0967,main,O
T0967,20,B-AGE
T0967,varsh,O
T0967,ka,O
T0967,kisan,B-OCCUPATION
T0967,hu,O
T0967,Maharashtra,B-STATE
T0967,se,O
T0967,Meri,O
T0967,income,O
T0967,120000,B-ANNUAL_INCOME
T0967,rupaye,O
T0967,hai,O
T0967,aur,O
T0967,main,O
T0967,SC,B-CASTE_CATEGORY
T0967,varg,O
T0967,se,O
T0967,hoon,O
T0967,Main,O
T0967,divyang,B-DISABILITY
T0967,hu,O
T0968,Hi,O
T0968,I,O
T0968,am,O
T0968,64,B-AGE
T0968,years,O
T0968,old,O
T0968,student,O
T0968,from,O
T0968,Maharashtra,B-STATE
T0968,My,O
T0968,family,O
T0968,income,O
T0968,is,O
T0968,600000,B-ANNUAL_INCOME
T0968,and,O
T0968,I,O
T0968,am,O
T0968,differently,B-DISABILITY
T0968,abled,I-DISABILITY
T0969,Namaste,O
T0969,main,O
T0969,18,B-AGE
T0969,varsh,O
T0969,ka,O
T0969,daily,B-OCCUPATION
T0969,wage,I-OCCUPATION
T0969,worker,I-OCCUPATION
T0969,hu,O
T0969,Rajasthan,B-STATE
T0969,se,O
T0969,Meri,O
T0969,income,O
T0969,0,B-ANNUAL_INCOME
T0969,rupaye,O
T0969,hai,O
T0969,aur,O
T0969,main,O
T0969,SC,B-CASTE_CATEGORY
T0969,varg,O
T0969,se,O
T0969,hoon,O
T0969,Main,O
T0969,divyang,B-DISABILITY
T0969,hu,O
T0970,Main,O
T0970,Uttar,B-STATE
T0970,Pradesh,I-STATE
T0970,se,O
T0970,ek,O
T0970,kisan,B-OCCUPATION
T0970,hu,O
T0970,meri,O
T0970,umar,O
T0970,24,B-AGE
T0970,saal,O
T0970,hai,O
T0970,aur,O
T0970,saalana,O
T0970,kamai,O
T0970,120000,B-ANNUAL_INCOME
T0970,rupe,O
T0970,hai,O
T0971,I,O
T0971,am,O
T0971,a,O
T0971,51,B-AGE
T0971,year,O
T0971,old,O
T0971,male,B-GENDER
T0971,street,B-OCCUPATION
T0971,vendor,I-OCCUPATION
T0971,living,O
T0971,in,O
T0971,Rajasthan,B-STATE
T0971,My,O
T0971,annual,O
T0971,household,O
T0971,income,O
T0971,is,O
T0971,80000,B-ANNUAL_INCOME
T0971,rupees,O
T0972,Namaste,O
T0972,main,O
T0972,58,B-AGE
T0972,varsh,O
T0972,ka,O
T0972,rehri,B-OCCUPATION
T0972,wala,I-OCCUPATION
T0972,hu,O
T0972,West,B-STATE
T0972,Bengal,I-STATE
T0972,se,O
T0972,Meri,O
T0972,income,O
T0972,200000,B-ANNUAL_INCOME
T0972,rupaye,O
T0972,hai,O
T0972,aur,O
T0972,main,O
T0972,SC,B-CASTE_CATEGORY
T0972,varg,O
T0972,se,O
T0972,hoon,O
T0972,Main,O
T0972,divyang,B-DISABILITY
T0972,hu,O
T0973,Mera,O
T0973,naam,O
T0973,Ramesh,O
T0973,hai,O
T0973,main,O
T0973,Uttar,B-STATE
T0973,Pradesh,I-STATE
T0973,ka,O
T0973,rehne,O
T0973,wala,O
T0973,hu,O
T0973,Main,O
T0973,ST,B-CASTE_CATEGORY
T0973,category,O
T0973,se,O
T0973,ek,O
T0973,purush,B-GENDER
T0973,hu,O
T0973,aur,O
T0973,chhatra,B-OCCUPATION
T0973,hu,O
T0973,Aamdani,O
T0973,600000,B-ANNUAL_INCOME
T0973,per,O
T0973,year,O
T0973,hai,O
T0974,Mera,O
T0974,naam,O
T0974,Ramesh,O
T0974,hai,O
T0974,main,O
T0974,Tamil,B-STATE
T0974,Nadu,I-STATE
T0974,ka,O
T0974,rehne,O
T0974,wala,O
T0974,hu,O
T0974,Main,O
T0974,SC,B-CASTE_CATEGORY
T0974,category,O
T0974,se,O
T0974,ek,O
T0974,mahila,B-GENDER
T0974,hu,O
T0974,aur,O
T0974,student,B-OCCUPATION
T0974,hu,O
T0974,Aamdani,O
T0974,80000,B-ANNUAL_INCOME
T0974,per,O
T0974,year,O
T0974,hai,O
T0975,Mera,O
T0975,naam,O
T0975,Ramesh,O
T0975,hai,O
T0975,main,O
T0975,West,B-STATE
T0975,Bengal,I-STATE
T0975,ka,O
T0975,rehne,O
T0975,wala,O
T0975,hu,O
T0975,Main,O
T0975,OBC,B-CASTE_CATEGORY
T0975,category,O
T0975,se,O
T0975,ek,O
T0975,mahila,B-GENDER
T0975,hu,O
T0975,aur,O
T0975,street,B-OCCUPATION
T0975,vendor,I-OCCUPATION
T0975,hu,O
T0975,Aamdani,O
T0975,350000,B-ANNUAL_INCOME
T0975,per,O
T0975,year,O
T0975,hai,O
T0976,I,O
T0976,am,O
T0976,a,O
T0976,54,B-AGE
T0976,year,O
T0976,old,O
T0976,female,B-GENDER
T0976,student,B-OCCUPATION
T0976,living,O
T0976,in,O
T0976,Bihar,B-STATE
T0976,My,O
T0976,annual,O
T0976,household,O
T0976,income,O
T0976,is,O
T0976,120000,B-ANNUAL_INCOME
T0976,rupees,O
T0977,Mera,O
T0977,naam,O
T0977,Ramesh,O
T0977,hai,O
T0977,main,O
T0977,Maharashtra,B-STATE
T0977,ka,O
T0977,rehne,O
T0977,wala,O
T0977,hu,O
T0977,Main,O
T0977,OBC,B-CASTE_CATEGORY
T0977,category,O
T0977,se,O
T0977,ek,O
T0977,mahila,B-GENDER
T0977,hu,O
T0977,aur,O
T0977,daily,B-OCCUPATION
T0977,wage,I-OCCUPATION
T0977,worker,I-OCCUPATION
T0977,hu,O
T0977,Aamdani,O
T0977,45000,B-ANNUAL_INCOME
T0977,per,O
T0977,year,O
T0977,hai,O
T0978,Hi,O
T0978,I,O
T0978,am,O
T0978,22,B-AGE
T0978,years,O
T0978,old,O
T0978,student,O
T0978,from,O
T0978,Karnataka,B-STATE
T0978,My,O
T0978,family,O
T0978,income,O
T0978,is,O
T0978,80000,B-ANNUAL_INCOME
T0978,and,O
T0978,I,O
T0978,am,O
T0978,differently,B-DISABILITY
T0978,abled,I-DISABILITY
T0979,Mera,O
T0979,naam,O
T0979,Ramesh,O
T0979,hai,O
T0979,main,O
T0979,Karnataka,B-STATE
T0979,ka,O
T0979,rehne,O
T0979,wala,O
T0979,hu,O
T0979,Main,O
T0979,SC,B-CASTE_CATEGORY
T0979,category,O
T0979,se,O
T0979,ek,O
T0979,mahila,B-GENDER
T0979,hu,O
T0979,aur,O
T0979,labour,B-OCCUPATION
T0979,hu,O
T0979,Aamdani,O
T0979,0,B-ANNUAL_INCOME
T0979,per,O
T0979,year,O
T0979,hai,O
T0980,I,O
T0980,am,O
T0980,a,O
T0980,39,B-AGE
T0980,year,O
T0980,old,O
T0980,male,B-GENDER
T0980,mazdoor,B-OCCUPATION
T0980,living,O
T0980,in,O
T0980,Uttar,B-STATE
T0980,Pradesh,I-STATE
T0980,My,O
T0980,annual,O
T0980,household,O
T0980,income,O
T0980,is,O
T0980,600000,B-ANNUAL_INCOME
T0980,rupees,O
T0981,I,O
T0981,am,O
T0981,a,O
T0981,42,B-AGE
T0981,year,O
T0981,old,O
T0981,male,B-GENDER
T0981,mazdoor,B-OCCUPATION
T0981,living,O
T0981,in,O
T0981,West,B-STATE
T0981,Bengal,I-STATE
T0981,My,O
T0981,annual,O
T0981,household,O
T0981,income,O
T0981,is,O
T0981,600000,B-ANNUAL_INCOME
T0981,rupees,O
T0982,Main,O
T0982,Bihar,B-STATE
T0982,se,O
T0982,ek,O
T0982,unemployed,B-OCCUPATION
T0982,hu,O
T0982,meri,O
T0982,umar,O
T0982,25,B-AGE
T0982,saal,O
T0982,hai,O
T0982,aur,O
T0982,saalana,O
T0982,kamai,O
T0982,120000,B-ANNUAL_INCOME
T0982,rupe,O
T0982,hai,O
T0983,Mera,O
T0983,naam,O
T0983,Ramesh,O
T0983,hai,O
T0983,main,O
T0983,Bihar,B-STATE
T0983,ka,O
T0983,rehne,O
T0983,wala,O
T0983,hu,O
T0983,Main,O
T0983,General,B-CASTE_CATEGORY
T0983,category,O
T0983,se,O
T0983,ek,O
T0983,purush,B-GENDER
T0983,hu,O
T0983,aur,O
T0983,rehri,B-OCCUPATION
T0983,wala,I-OCCUPATION
T0983,hu,O
T0983,Aamdani,O
T0983,120000,B-ANNUAL_INCOME
T0983,per,O
T0983,year,O
T0983,hai,O
T0984,Main,O
T0984,Maharashtra,B-STATE
T0984,se,O
T0984,ek,O
T0984,street,B-OCCUPATION
T0984,vendor,I-OCCUPATION
T0984,hu,O
T0984,meri,O
T0984,umar,O
T0984,21,B-AGE
T0984,saal,O
T0984,hai,O
T0984,aur,O
T0984,saalana,O
T0984,kamai,O
T0984,120000,B-ANNUAL_INCOME
T0984,rupe,O
T0984,hai,O
T0985,I,O
T0985,belong,O
T0985,to,O
T0985,SC,B-CASTE_CATEGORY
T0985,category,O
T0985,from,O
T0985,West,B-STATE
T0985,Bengal,I-STATE
T0985,Age,O
T0985,is,O
T0985,27,B-AGE
T0985,profession,O
T0985,is,O
T0985,street,B-OCCUPATION
T0985,vendor,I-OCCUPATION
T0985,income,O
T0985,around,O
T0985,0,B-ANNUAL_INCOME
T0986,Namaste,O
T0986,main,O
T0986,27,B-AGE
T0986,varsh,O
T0986,ka,O
T0986,farmer,B-OCCUPATION
T0986,hu,O
T0986,West,B-STATE
T0986,Bengal,I-STATE
T0986,se,O
T0986,Meri,O
T0986,income,O
T0986,350000,B-ANNUAL_INCOME
T0986,rupaye,O
T0986,hai,O
T0986,aur,O
T0986,main,O
T0986,OBC,B-CASTE_CATEGORY
T0986,varg,O
T0986,se,O
T0986,hoon,O
T0986,Main,O
T0986,divyang,B-DISABILITY
T0986,hu,O
T0987,Main,O
T0987,Madhya,B-STATE
T0987,Pradesh,I-STATE
T0987,se,O
T0987,ek,O
T0987,bunkar,B-OCCUPATION
T0987,hu,O
T0987,meri,O
T0987,umar,O
T0987,64,B-AGE
T0987,saal,O
T0987,hai,O
T0987,aur,O
T0987,saalana,O
T0987,kamai,O
T0987,80000,B-ANNUAL_INCOME
T0987,rupe,O
T0987,hai,O
T0988,Main,O
T0988,Karnataka,B-STATE
T0988,se,O
T0988,ek,O
T0988,farmer,B-OCCUPATION
T0988,hu,O
T0988,meri,O
T0988,umar,O
T0988,59,B-AGE
T0988,saal,O
T0988,hai,O
T0988,aur,O
T0988,saalana,O
T0988,kamai,O
T0988,200000,B-ANNUAL_INCOME
T0988,rupe,O
T0988,hai,O
T0989,Hi,O
T0989,I,O
T0989,am,O
T0989,31,B-AGE
T0989,years,O
T0989,old,O
T0989,student,O
T0989,from,O
T0989,Madhya,B-STATE
T0989,Pradesh,I-STATE
T0989,My,O
T0989,family,O
T0989,income,O
T0989,is,O
T0989,600000,B-ANNUAL_INCOME
T0989,and,O
T0989,I,O
T0989,am,O
T0989,differently,B-DISABILITY
T0989,abled,I-DISABILITY
T0990,Hi,O
T0990,I,O
T0990,am,O
T0990,37,B-AGE
T0990,years,O
T0990,old,O
T0990,student,O
T0990,from,O
T0990,Rajasthan,B-STATE
T0990,My,O
T0990,family,O
T0990,income,O
T0990,is,O
T0990,200000,B-ANNUAL_INCOME
T0990,and,O
T0990,I,O
T0990,am,O
T0990,differently,B-DISABILITY
T0990,abled,I-DISABILITY
T0991,Hi,O
T0991,I,O
T0991,am,O
T0991,43,B-AGE
T0991,years,O
T0991,old,O
T0991,student,O
T0991,from,O
T0991,Madhya,B-STATE
T0991,Pradesh,I-STATE
T0991,My,O
T0991,family,O
T0991,income,O
T0991,is,O
T0991,45000,B-ANNUAL_INCOME
T0991,and,O
T0991,I,O
T0991,am,O
T0991,differently,B-DISABILITY
T0991,abled,I-DISABILITY
T0992,I,O
T0992,am,O
T0992,a,O
T0992,38,B-AGE
T0992,year,O
T0992,old,O
T0992,female,B-GENDER
T0992,labour,B-OCCUPATION
T0992,living,O
T0992,in,O
T0992,West,B-STATE
T0992,Bengal,I-STATE
T0992,My,O
T0992,annual,O
T0992,household,O
T0992,income,O
T0992,is,O
T0992,200000,B-ANNUAL_INCOME
T0992,rupees,O
T0993,I,O
T0993,am,O
T0993,a,O
T0993,23,B-AGE
T0993,year,O
T0993,old,O
T0993,female,B-GENDER
T0993,daily,B-OCCUPATION
T0993,wage,I-OCCUPATION
T0993,worker,I-OCCUPATION
T0993,living,O
T0993,in,O
T0993,West,B-STATE
T0993,Bengal,I-STATE
T0993,My,O
T0993,annual,O
T0993,household,O
T0993,income,O
T0993,is,O
T0993,600000,B-ANNUAL_INCOME
T0993,rupees,O
T0994,Namaste,O
T0994,main,O
T0994,38,B-AGE
T0994,varsh,O
T0994,ka,O
T0994,weaver,B-OCCUPATION
T0994,hu,O
T0994,Karnataka,B-STATE
T0994,se,O
T0994,Meri,O
T0994,income,O
T0994,600000,B-ANNUAL_INCOME
T0994,rupaye,O
T0994,hai,O
T0994,aur,O
T0994,main,O
T0994,ST,B-CASTE_CATEGORY
T0994,varg,O
T0994,se,O
T0994,hoon,O
T0994,Main,O
T0994,divyang,B-DISABILITY
T0994,hu,O
T0995,I,O
T0995,am,O
T0995,a,O
T0995,58,B-AGE
T0995,year,O
T0995,old,O
T0995,male,B-GENDER
T0995,street,B-OCCUPATION
T0995,vendor,I-OCCUPATION
T0995,living,O
T0995,in,O
T0995,Bihar,B-STATE
T0995,My,O
T0995,annual,O
T0995,household,O
T0995,income,O
T0995,is,O
T0995,80000,B-ANNUAL_INCOME
T0995,rupees,O
T0996,Mera,O
T0996,naam,O
T0996,Ramesh,O
T0996,hai,O
T0996,main,O
T0996,Rajasthan,B-STATE
T0996,ka,O
T0996,rehne,O
T0996,wala,O
T0996,hu,O
T0996,Main,O
T0996,General,B-CASTE_CATEGORY
T0996,category,O
T0996,se,O
T0996,ek,O
T0996,purush,B-GENDER
T0996,hu,O
T0996,aur,O
T0996,chhatra,B-OCCUPATION
T0996,hu,O
T0996,Aamdani,O
T0996,45000,B-ANNUAL_INCOME
T0996,per,O
T0996,year,O
T0996,hai,O
T0997,Mera,O
T0997,naam,O
T0997,Ramesh,O
T0997,hai,O
T0997,main,O
T0997,Madhya,B-STATE
T0997,Pradesh,I-STATE
T0997,ka,O
T0997,rehne,O
T0997,wala,O
T0997,hu,O
T0997,Main,O
T0997,ST,B-CASTE_CATEGORY
T0997,category,O
T0997,se,O
T0997,ek,O
T0997,mahila,B-GENDER
T0997,hu,O
T0997,aur,O
T0997,farmer,B-OCCUPATION
T0997,hu,O
T0997,Aamdani,O
T0997,80000,B-ANNUAL_INCOME
T0997,per,O
T0997,year,O
T0997,hai,O
T0998,Main,O
T0998,Bihar,B-STATE
T0998,se,O
T0998,ek,O
T0998,berojgar,B-OCCUPATION
T0998,hu,O
T0998,meri,O
T0998,umar,O
T0998,62,B-AGE
T0998,saal,O
T0998,hai,O
T0998,aur,O
T0998,saalana,O
T0998,kamai,O
T0998,600000,B-ANNUAL_INCOME
T0998,rupe,O
T0998,hai,O
T0999,Mera,O
T0999,naam,O
T0999,Ramesh,O
T0999,hai,O
T0999,main,O
T0999,Rajasthan,B-STATE
T0999,ka,O
T0999,rehne,O
T0999,wala,O
T0999,hu,O
T0999,Main,O
T0999,OBC,B-CASTE_CATEGORY
T0999,category,O
T0999,se,O
T0999,ek,O
T0999,mahila,B-GENDER
T0999,hu,O
T0999,aur,O
T0999,kisan,B-OCCUPATION
T0999,hu,O
T0999,Aamdani,O
T0999,200000,B-ANNUAL_INCOME
T0999,per,O
T0999,year,O
T0999,hai,O
T1000,Namaste,O
T1000,main,O
T1000,54,B-AGE
T1000,varsh,O
T1000,ka,O
T1000,daily,B-OCCUPATION
T1000,wage,I-OCCUPATION
T1000,worker,I-OCCUPATION
T1000,hu,O
T1000,Rajasthan,B-STATE
T1000,se,O
T1000,Meri,O
T1000,income,O
T1000,120000,B-ANNUAL_INCOME
T1000,rupaye,O
T1000,hai,O
T1000,aur,O
T1000,main,O
T1000,ST,B-CASTE_CATEGORY
T1000,varg,O
T1000,se,O
T1000,hoon,O
T1000,Main,O
T1000,divyang,B-DISABILITY
T1000,hu,O
T1001,I,O
T1001,belong,O
T1001,to,O
T1001,ST,B-CASTE_CATEGORY
T1001,category,O
T1001,from,O
T1001,Madhya,B-STATE
T1001,Pradesh,I-STATE
T1001,Age,O
T1001,is,O
T1001,24,B-AGE
T1001,profession,O
T1001,is,O
T1001,mazdoor,B-OCCUPATION
T1001,income,O
T1001,around,O
T1001,45000,B-ANNUAL_INCOME
T1002,I,O
T1002,am,O
T1002,a,O
T1002,38,B-AGE
T1002,year,O
T1002,old,O
T1002,male,B-GENDER
T1002,kisan,B-OCCUPATION
T1002,living,O
T1002,in,O
T1002,Uttar,B-STATE
T1002,Pradesh,I-STATE
T1002,My,O
T1002,annual,O
T1002,household,O
T1002,income,O
T1002,is,O
T1002,45000,B-ANNUAL_INCOME
T1002,rupees,O
T1003,I,O
T1003,am,O
T1003,a,O
T1003,40,B-AGE
T1003,year,O
T1003,old,O
T1003,male,B-GENDER
T1003,labour,B-OCCUPATION
T1003,living,O
T1003,in,O
T1003,Uttar,B-STATE
T1003,Pradesh,I-STATE
T1003,My,O
T1003,annual,O
T1003,household,O
T1003,income,O
T1003,is,O
T1003,120000,B-ANNUAL_INCOME
T1003,rupees,O
T1004,Hi,O
T1004,I,O
T1004,am,O
T1004,29,B-AGE
T1004,years,O
T1004,old,O
T1004,student,O
T1004,from,O
T1004,Madhya,B-STATE
T1004,Pradesh,I-STATE
T1004,My,O
T1004,family,O
T1004,income,O
T1004,is,O
T1004,600000,B-ANNUAL_INCOME
T1004,and,O
T1004,I,O
T1004,am,O
T1004,differently,B-DISABILITY
T1004,abled,I-DISABILITY
T1005,Mera,O
T1005,naam,O
T1005,Ramesh,O
T1005,hai,O
T1005,main,O
T1005,Bihar,B-STATE
T1005,ka,O
T1005,rehne,O
T1005,wala,O
T1005,hu,O
T1005,Main,O
T1005,ST,B-CASTE_CATEGORY
T1005,category,O
T1005,se,O
T1005,ek,O
T1005,mahila,B-GENDER
T1005,hu,O
T1005,aur,O
T1005,labour,B-OCCUPATION
T1005,hu,O
T1005,Aamdani,O
T1005,0,B-ANNUAL_INCOME
T1005,per,O
T1005,year,O
T1005,hai,O
T1006,Namaste,O
T1006,main,O
T1006,50,B-AGE
T1006,varsh,O
T1006,ka,O
T1006,berojgar,B-OCCUPATION
T1006,hu,O
T1006,Rajasthan,B-STATE
T1006,se,O
T1006,Meri,O
T1006,income,O
T1006,0,B-ANNUAL_INCOME
T1006,rupaye,O
T1006,hai,O
T1006,aur,O
T1006,main,O
T1006,ST,B-CASTE_CATEGORY
T1006,varg,O
T1006,se,O
T1006,hoon,O
T1006,Main,O
T1006,divyang,B-DISABILITY
T1006,hu,O
T1007,Mera,O
T1007,naam,O
T1007,Ramesh,O
T1007,hai,O
T1007,main,O
T1007,Bihar,B-STATE
T1007,ka,O
T1007,rehne,O
T1007,wala,O
T1007,hu,O
T1007,Main,O
T1007,ST,B-CASTE_CATEGORY
T1007,category,O
T1007,se,O
T1007,ek,O
T1007,mahila,B-GENDER
T1007,hu,O
T1007,aur,O
T1007,berojgar,B-OCCUPATION
T1007,hu,O
T1007,Aamdani,O
T1007,0,B-ANNUAL_INCOME
T1007,per,O
T1007,year,O
T1007,hai,O
T1008,Namaste,O
T1008,main,O
T1008,19,B-AGE
T1008,varsh,O
T1008,ka,O
T1008,street,B-OCCUPATION
T1008,vendor,I-OCCUPATION
T1008,hu,O
T1008,Uttar,B-STATE
T1008,Pradesh,I-STATE
T1008,se,O
T1008,Meri,O
T1008,income,O
T1008,45000,B-ANNUAL_INCOME
T1008,rupaye,O
T1008,hai,O
T1008,aur,O
T1008,main,O
T1008,ST,B-CASTE_CATEGORY
T1008,varg,O
T1008,se,O
T1008,hoon,O
T1008,Main,O
T1008,divyang,B-DISABILITY
T1008,hu,O
T1009,Main,O
T1009,Maharashtra,B-STATE
T1009,se,O
T1009,ek,O
T1009,student,B-OCCUPATION
T1009,hu,O
T1009,meri,O
T1009,umar,O
T1009,33,B-AGE
T1009,saal,O
T1009,hai,O
T1009,aur,O
T1009,saalana,O
T1009,kamai,O
T1009,350000,B-ANNUAL_INCOME
T1009,rupe,O
T1009,hai,O
T1010,Main,O
T1010,Karnataka,B-STATE
T1010,se,O
T1010,ek,O
T1010,unemployed,B-OCCUPATION
T1010,hu,O
T1010,meri,O
T1010,umar,O
T1010,35,B-AGE
T1010,saal,O
T1010,hai,O
T1010,aur,O
T1010,saalana,O
T1010,kamai,O
T1010,45000,B-ANNUAL_INCOME
T1010,rupe,O
T1010,hai,O
T1011,I,O
T1011,am,O
T1011,a,O
T1011,24,B-AGE
T1011,year,O
T1011,old,O
T1011,male,B-GENDER
T1011,unemployed,B-OCCUPATION
T1011,living,O
T1011,in,O
T1011,Madhya,B-STATE
T1011,Pradesh,I-STATE
T1011,My,O
T1011,annual,O
T1011,household,O
T1011,income,O
T1011,is,O
T1011,600000,B-ANNUAL_INCOME
T1011,rupees,O
T1012,Main,O
T1012,Maharashtra,B-STATE
T1012,se,O
T1012,ek,O
T1012,student,B-OCCUPATION
T1012,hu,O
T1012,meri,O
T1012,umar,O
T1012,60,B-AGE
T1012,saal,O
T1012,hai,O
T1012,aur,O
T1012,saalana,O
T1012,kamai,O
T1012,600000,B-ANNUAL_INCOME
T1012,rupe,O
T1012,hai,O
T1013,Hi,O
T1013,I,O
T1013,am,O
T1013,37,B-AGE
T1013,years,O
T1013,old,O
T1013,student,O
T1013,from,O
T1013,Tamil,B-STATE
T1013,Nadu,I-STATE
T1013,My,O
T1013,family,O
T1013,income,O
T1013,is,O
T1013,200000,B-ANNUAL_INCOME
T1013,and,O
T1013,I,O
T1013,am,O
T1013,differently,B-DISABILITY
T1013,abled,I-DISABILITY
T1014,Hi,O
T1014,I,O
T1014,am,O
T1014,51,B-AGE
T1014,years,O
T1014,old,O
T1014,student,O
T1014,from,O
T1014,Karnataka,B-STATE
T1014,My,O
T1014,family,O
T1014,income,O
T1014,is,O
T1014,600000,B-ANNUAL_INCOME
T1014,and,O
T1014,I,O
T1014,am,O
T1014,differently,B-DISABILITY
T1014,abled,I-DISABILITY
T1015,Mera,O
T1015,naam,O
T1015,Ramesh,O
T1015,hai,O
T1015,main,O
T1015,Rajasthan,B-STATE
T1015,ka,O
T1015,rehne,O
T1015,wala,O
T1015,hu,O
T1015,Main,O
T1015,OBC,B-CASTE_CATEGORY
T1015,category,O
T1015,se,O
T1015,ek,O
T1015,mahila,B-GENDER
T1015,hu,O
T1015,aur,O
T1015,kisan,B-OCCUPATION
T1015,hu,O
T1015,Aamdani,O
T1015,80000,B-ANNUAL_INCOME
T1015,per,O
T1015,year,O
T1015,hai,O
T1016,I,O
T1016,belong,O
T1016,to,O
T1016,SC,B-CASTE_CATEGORY
T1016,category,O
T1016,from,O
T1016,Uttar,B-STATE
T1016,Pradesh,I-STATE
T1016,Age,O
T1016,is,O
T1016,37,B-AGE
T1016,profession,O
T1016,is,O
T1016,unemployed,B-OCCUPATION
T1016,income,O
T1016,around,O
T1016,45000,B-ANNUAL_INCOME
T1017,Hi,O
T1017,I,O
T1017,am,O
T1017,26,B-AGE
T1017,years,O
T1017,old,O
T1017,student,O
T1017,from,O
T1017,Madhya,B-STATE
T1017,Pradesh,I-STATE
T1017,My,O
T1017,family,O
T1017,income,O
T1017,is,O
T1017,120000,B-ANNUAL_INCOME
T1017,and,O
T1017,I,O
T1017,am,O
T1017,differently,B-DISABILITY
T1017,abled,I-DISABILITY
T1018,Hi,O
T1018,I,O
T1018,am,O
T1018,52,B-AGE
T1018,years,O
T1018,old,O
T1018,student,O
T1018,from,O
T1018,Madhya,B-STATE
T1018,Pradesh,I-STATE
T1018,My,O
T1018,family,O
T1018,income,O
T1018,is,O
T1018,0,B-ANNUAL_INCOME
T1018,and,O
T1018,I,O
T1018,am,O
T1018,differently,B-DISABILITY
T1018,abled,I-DISABILITY
T1019,I,O
T1019,am,O
T1019,a,O
T1019,27,B-AGE
T1019,year,O
T1019,old,O
T1019,female,B-GENDER
T1019,unemployed,B-OCCUPATION
T1019,living,O
T1019,in,O
T1019,Tamil,B-STATE
T1019,Nadu,I-STATE
T1019,My,O
T1019,annual,O
T1019,household,O
T1019,income,O
T1019,is,O
T1019,45000,B-ANNUAL_INCOME
T1019,rupees,O
T1020,I,O
T1020,am,O
T1020,a,O
T1020,55,B-AGE
T1020,year,O
T1020,old,O
T1020,male,B-GENDER
T1020,berojgar,B-OCCUPATION
T1020,living,O
T1020,in,O
T1020,Maharashtra,B-STATE
T1020,My,O
T1020,annual,O
T1020,household,O
T1020,income,O
T1020,is,O
T1020,200000,B-ANNUAL_INCOME
T1020,rupees,O
T1021,Main,O
T1021,Bihar,B-STATE
T1021,se,O
T1021,ek,O
T1021,weaver,B-OCCUPATION
T1021,hu,O
T1021,meri,O
T1021,umar,O
T1021,54,B-AGE
T1021,saal,O
T1021,hai,O
T1021,aur,O
T1021,saalana,O
T1021,kamai,O
T1021,350000,B-ANNUAL_INCOME
T1021,rupe,O
T1021,hai,O
T1022,Hi,O
T1022,I,O
T1022,am,O
T1022,44,B-AGE
T1022,years,O
T1022,old,O
T1022,student,O
T1022,from,O
T1022,Bihar,B-STATE
T1022,My,O
T1022,family,O
T1022,income,O
T1022,is,O
T1022,45000,B-ANNUAL_INCOME
T1022,and,O
T1022,I,O
T1022,am,O
T1022,differently,B-DISABILITY
T1022,abled,I-DISABILITY
T1023,Mera,O
T1023,naam,O
T1023,Ramesh,O
T1023,hai,O
T1023,main,O
T1023,Uttar,B-STATE
T1023,Pradesh,I-STATE
T1023,ka,O
T1023,rehne,O
T1023,wala,O
T1023,hu,O
T1023,Main,O
T1023,SC,B-CASTE_CATEGORY
T1023,category,O
T1023,se,O
T1023,ek,O
T1023,mahila,B-GENDER
T1023,hu,O
T1023,aur,O
T1023,rehri,B-OCCUPATION
T1023,wala,I-OCCUPATION
T1023,hu,O
T1023,Aamdani,O
T1023,350000,B-ANNUAL_INCOME
T1023,per,O
T1023,year,O
T1023,hai,O
T1024,Namaste,O
T1024,main,O
T1024,58,B-AGE
T1024,varsh,O
T1024,ka,O
T1024,rehri,B-OCCUPATION
T1024,wala,I-OCCUPATION
T1024,hu,O
T1024,Karnataka,B-STATE
T1024,se,O
T1024,Meri,O
T1024,income,O
T1024,600000,B-ANNUAL_INCOME
T1024,rupaye,O
T1024,hai,O
T1024,aur,O
T1024,main,O
T1024,SC,B-CASTE_CATEGORY
T1024,varg,O
T1024,se,O
T1024,hoon,O
T1024,Main,O
T1024,divyang,B-DISABILITY
T1024,hu,O
T1025,Hi,O
T1025,I,O
T1025,am,O
T1025,53,B-AGE
T1025,years,O
T1025,old,O
T1025,student,O
T1025,from,O
T1025,Maharashtra,B-STATE
T1025,My,O
T1025,family,O
T1025,income,O
T1025,is,O
T1025,350000,B-ANNUAL_INCOME
T1025,and,O
T1025,I,O
T1025,am,O
T1025,differently,B-DISABILITY
T1025,abled,I-DISABILITY
T1026,Main,O
T1026,Karnataka,B-STATE
T1026,se,O
T1026,ek,O
T1026,kisan,B-OCCUPATION
T1026,hu,O
T1026,meri,O
T1026,umar,O
T1026,41,B-AGE
T1026,saal,O
T1026,hai,O
T1026,aur,O
T1026,saalana,O
T1026,kamai,O
T1026,200000,B-ANNUAL_INCOME
T1026,rupe,O
T1026,hai,O
T1027,Main,O
T1027,Karnataka,B-STATE
T1027,se,O
T1027,ek,O
T1027,unemployed,B-OCCUPATION
T1027,hu,O
T1027,meri,O
T1027,umar,O
T1027,47,B-AGE
T1027,saal,O
T1027,hai,O
T1027,aur,O
T1027,saalana,O
T1027,kamai,O
T1027,80000,B-ANNUAL_INCOME
T1027,rupe,O
T1027,hai,O
T1028,I,O
T1028,belong,O
T1028,to,O
T1028,SC,B-CASTE_CATEGORY
T1028,category,O
T1028,from,O
T1028,Uttar,B-STATE
T1028,Pradesh,I-STATE
T1028,Age,O
T1028,is,O
T1028,21,B-AGE
T1028,profession,O
T1028,is,O
T1028,street,B-OCCUPATION
T1028,vendor,I-OCCUPATION
T1028,income,O
T1028,around,O
T1028,120000,B-ANNUAL_INCOME
T1029,Main,O
T1029,West,B-STATE
T1029,Bengal,I-STATE
T1029,se,O
T1029,ek,O
T1029,farmer,B-OCCUPATION
T1029,hu,O
T1029,meri,O
T1029,umar,O
T1029,53,B-AGE
T1029,saal,O
T1029,hai,O
T1029,aur,O
T1029,saalana,O
T1029,kamai,O
T1029,45000,B-ANNUAL_INCOME
T1029,rupe,O
T1029,hai,O
T1030,Namaste,O
T1030,main,O
T1030,38,B-AGE
T1030,varsh,O
T1030,ka,O
T1030,unemployed,B-OCCUPATION
T1030,hu,O
T1030,Maharashtra,B-STATE
T1030,se,O
T1030,Meri,O
T1030,income,O
T1030,200000,B-ANNUAL_INCOME
T1030,rupaye,O
T1030,hai,O
T1030,aur,O
T1030,main,O
T1030,General,B-CASTE_CATEGORY
T1030,varg,O
T1030,se,O
T1030,hoon,O
T1030,Main,O
T1030,divyang,B-DISABILITY
T1030,hu,O
T1031,Mera,O
T1031,naam,O
T1031,Ramesh,O
T1031,hai,O
T1031,main,O
T1031,Bihar,B-STATE
T1031,ka,O
T1031,rehne,O
T1031,wala,O
T1031,hu,O
T1031,Main,O
T1031,ST,B-CASTE_CATEGORY
T1031,category,O
T1031,se,O
T1031,ek,O
T1031,mahila,B-GENDER
T1031,hu,O
T1031,aur,O
T1031,student,B-OCCUPATION
T1031,hu,O
T1031,Aamdani,O
T1031,600000,B-ANNUAL_INCOME
T1031,per,O
T1031,year,O
T1031,hai,O
T1032,Namaste,O
T1032,main,O
T1032,49,B-AGE
T1032,varsh,O
T1032,ka,O
T1032,weaver,B-OCCUPATION
T1032,hu,O
T1032,Maharashtra,B-STATE
T1032,se,O
T1032,Meri,O
T1032,income,O
T1032,200000,B-ANNUAL_INCOME
T1032,rupaye,O
T1032,hai,O
T1032,aur,O
T1032,main,O
T1032,General,B-CASTE_CATEGORY
T1032,varg,O
T1032,se,O
T1032,hoon,O
T1032,Main,O
T1032,divyang,B-DISABILITY
T1032,hu,O
T1033,I,O
T1033,am,O
T1033,a,O
T1033,20,B-AGE
T1033,year,O
T1033,old,O
T1033,male,B-GENDER
T1033,labour,B-OCCUPATION
T1033,living,O
T1033,in,O
T1033,Maharashtra,B-STATE
T1033,My,O
T1033,annual,O
T1033,household,O
T1033,income,O
T1033,is,O
T1033,350000,B-ANNUAL_INCOME
T1033,rupees,O
T1034,I,O
T1034,belong,O
T1034,to,O
T1034,SC,B-CASTE_CATEGORY
T1034,category,O
T1034,from,O
T1034,Uttar,B-STATE
T1034,Pradesh,I-STATE
T1034,Age,O
T1034,is,O
T1034,21,B-AGE
T1034,profession,O
T1034,is,O
T1034,street,B-OCCUPATION
T1034,vendor,I-OCCUPATION
T1034,income,O
T1034,around,O
T1034,0,B-ANNUAL_INCOME
T1035,Main,O
T1035,Bihar,B-STATE
T1035,se,O
T1035,ek,O
T1035,artisan,B-OCCUPATION
T1035,hu,O
T1035,meri,O
T1035,umar,O
T1035,22,B-AGE
T1035,saal,O
T1035,hai,O
T1035,aur,O
T1035,saalana,O
T1035,kamai,O
T1035,200000,B-ANNUAL_INCOME
T1035,rupe,O
T1035,hai,O
T1036,I,O
T1036,belong,O
T1036,to,O
T1036,ST,B-CASTE_CATEGORY
T1036,category,O
T1036,from,O
T1036,Bihar,B-STATE
T1036,Age,O
T1036,is,O
T1036,44,B-AGE
T1036,profession,O
T1036,is,O
T1036,kisan,B-OCCUPATION
T1036,income,O
T1036,around,O
T1036,0,B-ANNUAL_INCOME
T1037,I,O
T1037,belong,O
T1037,to,O
T1037,SC,B-CASTE_CATEGORY
T1037,category,O
T1037,from,O
T1037,Bihar,B-STATE
T1037,Age,O
T1037,is,O
T1037,35,B-AGE
T1037,profession,O
T1037,is,O
T1037,weaver,B-OCCUPATION
T1037,income,O
T1037,around,O
T1037,80000,B-ANNUAL_INCOME
T1038,Mera,O
T1038,naam,O
T1038,Ramesh,O
T1038,hai,O
T1038,main,O
T1038,Madhya,B-STATE
T1038,Pradesh,I-STATE
T1038,ka,O
T1038,rehne,O
T1038,wala,O
T1038,hu,O
T1038,Main,O
T1038,General,B-CASTE_CATEGORY
T1038,category,O
T1038,se,O
T1038,ek,O
T1038,purush,B-GENDER
T1038,hu,O
T1038,aur,O
T1038,artisan,B-OCCUPATION
T1038,hu,O
T1038,Aamdani,O
T1038,600000,B-ANNUAL_INCOME
T1038,per,O
T1038,year,O
T1038,hai,O
T1039,Main,O
T1039,Karnataka,B-STATE
T1039,se,O
T1039,ek,O
T1039,berojgar,B-OCCUPATION
T1039,hu,O
T1039,meri,O
T1039,umar,O
T1039,55,B-AGE
T1039,saal,O
T1039,hai,O
T1039,aur,O
T1039,saalana,O
T1039,kamai,O
T1039,45000,B-ANNUAL_INCOME
T1039,rupe,O
T1039,hai,O
T1040,Namaste,O
T1040,main,O
T1040,51,B-AGE
T1040,varsh,O
T1040,ka,O
T1040,daily,B-OCCUPATION
T1040,wage,I-OCCUPATION
T1040,worker,I-OCCUPATION
T1040,hu,O
T1040,Tamil,B-STATE
T1040,Nadu,I-STATE
T1040,se,O
T1040,Meri,O
T1040,income,O
T1040,200000,B-ANNUAL_INCOME
T1040,rupaye,O
T1040,hai,O
T1040,aur,O
T1040,main,O
T1040,ST,B-CASTE_CATEGORY
T1040,varg,O
T1040,se,O
T1040,hoon,O
T1040,Main,O
T1040,divyang,B-DISABILITY
T1040,hu,O
T1041,Mera,O
T1041,naam,O
T1041,Ramesh,O
T1041,hai,O
T1041,main,O
T1041,Uttar,B-STATE
T1041,Pradesh,I-STATE
T1041,ka,O
T1041,rehne,O
T1041,wala,O
T1041,hu,O
T1041,Main,O
T1041,SC,B-CASTE_CATEGORY
T1041,category,O
T1041,se,O
T1041,ek,O
T1041,purush,B-GENDER
T1041,hu,O
T1041,aur,O
T1041,labour,B-OCCUPATION
T1041,hu,O
T1041,Aamdani,O
T1041,200000,B-ANNUAL_INCOME
T1041,per,O
T1041,year,O
T1041,hai,O
T1042,I,O
T1042,am,O
T1042,a,O
T1042,27,B-AGE
T1042,year,O
T1042,old,O
T1042,male,B-GENDER
T1042,farmer,B-OCCUPATION
T1042,living,O
T1042,in,O
T1042,Uttar,B-STATE
T1042,Pradesh,I-STATE
T1042,My,O
T1042,annual,O
T1042,household,O
T1042,income,O
T1042,is,O
T1042,0,B-ANNUAL_INCOME
T1042,rupees,O
T1043,Hi,O
T1043,I,O
T1043,am,O
T1043,18,B-AGE
T1043,years,O
T1043,old,O
T1043,student,O
T1043,from,O
T1043,Karnataka,B-STATE
T1043,My,O
T1043,family,O
T1043,income,O
T1043,is,O
T1043,120000,B-ANNUAL_INCOME
T1043,and,O
T1043,I,O
T1043,am,O
T1043,differently,B-DISABILITY
T1043,abled,I-DISABILITY
T1044,I,O
T1044,belong,O
T1044,to,O
T1044,ST,B-CASTE_CATEGORY
T1044,category,O
T1044,from,O
T1044,Karnataka,B-STATE
T1044,Age,O
T1044,is,O
T1044,47,B-AGE
T1044,profession,O
T1044,is,O
T1044,berojgar,B-OCCUPATION
T1044,income,O
T1044,around,O
T1044,600000,B-ANNUAL_INCOME
T1045,I,O
T1045,belong,O
T1045,to,O
T1045,ST,B-CASTE_CATEGORY
T1045,category,O
T1045,from,O
T1045,Rajasthan,B-STATE
T1045,Age,O
T1045,is,O
T1045,50,B-AGE
T1045,profession,O
T1045,is,O
T1045,chhatra,B-OCCUPATION
T1045,income,O
T1045,around,O
T1045,350000,B-ANNUAL_INCOME
T1046,Main,O
T1046,Madhya,B-STATE
T1046,Pradesh,I-STATE
T1046,se,O
T1046,ek,O
T1046,artisan,B-OCCUPATION
T1046,hu,O
T1046,meri,O
T1046,umar,O
T1046,54,B-AGE
T1046,saal,O
T1046,hai,O
T1046,aur,O
T1046,saalana,O
T1046,kamai,O
T1046,80000,B-ANNUAL_INCOME
T1046,rupe,O
T1046,hai,O
T1047,I,O
T1047,am,O
T1047,a,O
T1047,19,B-AGE
T1047,year,O
T1047,old,O
T1047,female,B-GENDER
T1047,street,B-OCCUPATION
T1047,vendor,I-OCCUPATION
T1047,living,O
T1047,in,O
T1047,Rajasthan,B-STATE
T1047,My,O
T1047,annual,O
T1047,household,O
T1047,income,O
T1047,is,O
T1047,600000,B-ANNUAL_INCOME
T1047,rupees,O
T1048,Main,O
T1048,Karnataka,B-STATE
T1048,se,O
T1048,ek,O
T1048,kisan,B-OCCUPATION
T1048,hu,O
T1048,meri,O
T1048,umar,O
T1048,40,B-AGE
T1048,saal,O
T1048,hai,O
T1048,aur,O
T1048,saalana,O
T1048,kamai,O
T1048,200000,B-ANNUAL_INCOME
T1048,rupe,O
T1048,hai,O
T1049,Main,O
T1049,Karnataka,B-STATE
T1049,se,O
T1049,ek,O
T1049,mazdoor,B-OCCUPATION
T1049,hu,O
T1049,meri,O
T1049,umar,O
T1049,58,B-AGE
T1049,saal,O
T1049,hai,O
T1049,aur,O
T1049,saalana,O
T1049,kamai,O
T1049,120000,B-ANNUAL_INCOME
T1049,rupe,O
T1049,hai,O
T1050,Namaste,O
T1050,main,O
T1050,46,B-AGE
T1050,varsh,O
T1050,ka,O
T1050,student,B-OCCUPATION
T1050,hu,O
T1050,Uttar,B-STATE
T1050,Pradesh,I-STATE
T1050,se,O
T1050,Meri,O
T1050,income,O
T1050,45000,B-ANNUAL_INCOME
T1050,rupaye,O
T1050,hai,O
T1050,aur,O
T1050,main,O
T1050,ST,B-CASTE_CATEGORY
T1050,varg,O
T1050,se,O
T1050,hoon,O
T1050,Main,O
T1050,divyang,B-DISABILITY
T1050,hu,O
T1051,Mera,O
T1051,naam,O
T1051,Ramesh,O
T1051,hai,O
T1051,main,O
T1051,Tamil,B-STATE
T1051,Nadu,I-STATE
T1051,ka,O
T1051,rehne,O
T1051,wala,O
T1051,hu,O
T1051,Main,O
T1051,General,B-CASTE_CATEGORY
T1051,category,O
T1051,se,O
T1051,ek,O
T1051,mahila,B-GENDER
T1051,hu,O
T1051,aur,O
T1051,rehri,B-OCCUPATION
T1051,wala,I-OCCUPATION
T1051,hu,O
T1051,Aamdani,O
T1051,120000,B-ANNUAL_INCOME
T1051,per,O
T1051,year,O
T1051,hai,O
T1052,I,O
T1052,am,O
T1052,a,O
T1052,30,B-AGE
T1052,year,O
T1052,old,O
T1052,male,B-GENDER
T1052,berojgar,B-OCCUPATION
T1052,living,O
T1052,in,O
T1052,Rajasthan,B-STATE
T1052,My,O
T1052,annual,O
T1052,household,O
T1052,income,O
T1052,is,O
T1052,600000,B-ANNUAL_INCOME
T1052,rupees,O
T1053,Main,O
T1053,Bihar,B-STATE
T1053,se,O
T1053,ek,O
T1053,artisan,B-OCCUPATION
T1053,hu,O
T1053,meri,O
T1053,umar,O
T1053,46,B-AGE
T1053,saal,O
T1053,hai,O
T1053,aur,O
T1053,saalana,O
T1053,kamai,O
T1053,600000,B-ANNUAL_INCOME
T1053,rupe,O
T1053,hai,O
T1054,I,O
T1054,am,O
T1054,a,O
T1054,23,B-AGE
T1054,year,O
T1054,old,O
T1054,male,B-GENDER
T1054,artisan,B-OCCUPATION
T1054,living,O
T1054,in,O
T1054,Rajasthan,B-STATE
T1054,My,O
T1054,annual,O
T1054,household,O
T1054,income,O
T1054,is,O
T1054,200000,B-ANNUAL_INCOME
T1054,rupees,O
T1055,I,O
T1055,am,O
T1055,a,O
T1055,41,B-AGE
T1055,year,O
T1055,old,O
T1055,male,B-GENDER
T1055,labour,B-OCCUPATION
T1055,living,O
T1055,in,O
T1055,Uttar,B-STATE
T1055,Pradesh,I-STATE
T1055,My,O
T1055,annual,O
T1055,household,O
T1055,income,O
T1055,is,O
T1055,350000,B-ANNUAL_INCOME
T1055,rupees,O
T1056,I,O
T1056,am,O
T1056,a,O
T1056,54,B-AGE
T1056,year,O
T1056,old,O
T1056,female,B-GENDER
T1056,labour,B-OCCUPATION
T1056,living,O
T1056,in,O
T1056,Bihar,B-STATE
T1056,My,O
T1056,annual,O
T1056,household,O
T1056,income,O
T1056,is,O
T1056,45000,B-ANNUAL_INCOME
T1056,rupees,O
T1057,Main,O
T1057,Bihar,B-STATE
T1057,se,O
T1057,ek,O
T1057,street,B-OCCUPATION
T1057,vendor,I-OCCUPATION
T1057,hu,O
T1057,meri,O
T1057,umar,O
T1057,18,B-AGE
T1057,saal,O
T1057,hai,O
T1057,aur,O
T1057,saalana,O
T1057,kamai,O
T1057,0,B-ANNUAL_INCOME
T1057,rupe,O
T1057,hai,O
T1058,I,O
T1058,belong,O
T1058,to,O
T1058,OBC,B-CASTE_CATEGORY
T1058,category,O
T1058,from,O
T1058,Maharashtra,B-STATE
T1058,Age,O
T1058,is,O
T1058,62,B-AGE
T1058,profession,O
T1058,is,O
T1058,unemployed,B-OCCUPATION
T1058,income,O
T1058,around,O
T1058,200000,B-ANNUAL_INCOME
T1059,I,O
T1059,am,O
T1059,a,O
T1059,18,B-AGE
T1059,year,O
T1059,old,O
T1059,male,B-GENDER
T1059,labour,B-OCCUPATION
T1059,living,O
T1059,in,O
T1059,Madhya,B-STATE
T1059,Pradesh,I-STATE
T1059,My,O
T1059,annual,O
T1059,household,O
T1059,income,O
T1059,is,O
T1059,80000,B-ANNUAL_INCOME
T1059,rupees,O
T1060,Namaste,O
T1060,main,O
T1060,37,B-AGE
T1060,varsh,O
T1060,ka,O
T1060,street,B-OCCUPATION
T1060,vendor,I-OCCUPATION
T1060,hu,O
T1060,Maharashtra,B-STATE
T1060,se,O
T1060,Meri,O
T1060,income,O
T1060,200000,B-ANNUAL_INCOME
T1060,rupaye,O
T1060,hai,O
T1060,aur,O
T1060,main,O
T1060,ST,B-CASTE_CATEGORY
T1060,varg,O
T1060,se,O
T1060,hoon,O
T1060,Main,O
T1060,divyang,B-DISABILITY
T1060,hu,O
T1061,Namaste,O
T1061,main,O
T1061,25,B-AGE
T1061,varsh,O
T1061,ka,O
T1061,farmer,B-OCCUPATION
T1061,hu,O
T1061,West,B-STATE
T1061,Bengal,I-STATE
T1061,se,O
T1061,Meri,O
T1061,income,O
T1061,120000,B-ANNUAL_INCOME
T1061,rupaye,O
T1061,hai,O
T1061,aur,O
T1061,main,O
T1061,ST,B-CASTE_CATEGORY
T1061,varg,O
T1061,se,O
T1061,hoon,O
T1061,Main,O
T1061,divyang,B-DISABILITY
T1061,hu,O
T1062,Hi,O
T1062,I,O
T1062,am,O
T1062,58,B-AGE
T1062,years,O
T1062,old,O
T1062,student,O
T1062,from,O
T1062,Madhya,B-STATE
T1062,Pradesh,I-STATE
T1062,My,O
T1062,family,O
T1062,income,O
T1062,is,O
T1062,45000,B-ANNUAL_INCOME
T1062,and,O
T1062,I,O
T1062,am,O
T1062,differently,B-DISABILITY
T1062,abled,I-DISABILITY
T1063,I,O
T1063,belong,O
T1063,to,O
T1063,General,B-CASTE_CATEGORY
T1063,category,O
T1063,from,O
T1063,Uttar,B-STATE
T1063,Pradesh,I-STATE
T1063,Age,O
T1063,is,O
T1063,40,B-AGE
T1063,profession,O
T1063,is,O
T1063,street,B-OCCUPATION
T1063,vendor,I-OCCUPATION
T1063,income,O
T1063,around,O
T1063,200000,B-ANNUAL_INCOME
T1064,Hi,O
T1064,I,O
T1064,am,O
T1064,64,B-AGE
T1064,years,O
T1064,old,O
T1064,student,O
T1064,from,O
T1064,West,B-STATE
T1064,Bengal,I-STATE
T1064,My,O
T1064,family,O
T1064,income,O
T1064,is,O
T1064,200000,B-ANNUAL_INCOME
T1064,and,O
T1064,I,O
T1064,am,O
T1064,differently,B-DISABILITY
T1064,abled,I-DISABILITY
T1065,I,O
T1065,am,O
T1065,a,O
T1065,39,B-AGE
T1065,year,O
T1065,old,O
T1065,female,B-GENDER
T1065,mazdoor,B-OCCUPATION
T1065,living,O
T1065,in,O
T1065,Tamil,B-STATE
T1065,Nadu,I-STATE
T1065,My,O
T1065,annual,O
T1065,household,O
T1065,income,O
T1065,is,O
T1065,120000,B-ANNUAL_INCOME
T1065,rupees,O
T1066,Hi,O
T1066,I,O
T1066,am,O
T1066,20,B-AGE
T1066,years,O
T1066,old,O
T1066,student,O
T1066,from,O
T1066,West,B-STATE
T1066,Bengal,I-STATE
T1066,My,O
T1066,family,O
T1066,income,O
T1066,is,O
T1066,80000,B-ANNUAL_INCOME
T1066,and,O
T1066,I,O
T1066,am,O
T1066,differently,B-DISABILITY
T1066,abled,I-DISABILITY
T1067,I,O
T1067,belong,O
T1067,to,O
T1067,General,B-CASTE_CATEGORY
T1067,category,O
T1067,from,O
T1067,West,B-STATE
T1067,Bengal,I-STATE
T1067,Age,O
T1067,is,O
T1067,26,B-AGE
T1067,profession,O
T1067,is,O
T1067,chhatra,B-OCCUPATION
T1067,income,O
T1067,around,O
T1067,600000,B-ANNUAL_INCOME
T1068,I,O
T1068,am,O
T1068,a,O
T1068,47,B-AGE
T1068,year,O
T1068,old,O
T1068,female,B-GENDER
T1068,berojgar,B-OCCUPATION
T1068,living,O
T1068,in,O
T1068,West,B-STATE
T1068,Bengal,I-STATE
T1068,My,O
T1068,annual,O
T1068,household,O
T1068,income,O
T1068,is,O
T1068,80000,B-ANNUAL_INCOME
T1068,rupees,O
T1069,Main,O
T1069,Karnataka,B-STATE
T1069,se,O
T1069,ek,O
T1069,rehri,B-OCCUPATION
T1069,wala,I-OCCUPATION
T1069,hu,O
T1069,meri,O
T1069,umar,O
T1069,19,B-AGE
T1069,saal,O
T1069,hai,O
T1069,aur,O
T1069,saalana,O
T1069,kamai,O
T1069,200000,B-ANNUAL_INCOME
T1069,rupe,O
T1069,hai,O
T1070,Mera,O
T1070,naam,O
T1070,Ramesh,O
T1070,hai,O
T1070,main,O
T1070,Uttar,B-STATE
T1070,Pradesh,I-STATE
T1070,ka,O
T1070,rehne,O
T1070,wala,O
T1070,hu,O
T1070,Main,O
T1070,General,B-CASTE_CATEGORY
T1070,category,O
T1070,se,O
T1070,ek,O
T1070,mahila,B-GENDER
T1070,hu,O
T1070,aur,O
T1070,kisan,B-OCCUPATION
T1070,hu,O
T1070,Aamdani,O
T1070,80000,B-ANNUAL_INCOME
T1070,per,O
T1070,year,O
T1070,hai,O
T1071,Main,O
T1071,Maharashtra,B-STATE
T1071,se,O
T1071,ek,O
T1071,student,B-OCCUPATION
T1071,hu,O
T1071,meri,O
T1071,umar,O
T1071,50,B-AGE
T1071,saal,O
T1071,hai,O
T1071,aur,O
T1071,saalana,O
T1071,kamai,O
T1071,0,B-ANNUAL_INCOME
T1071,rupe,O
T1071,hai,O
T1072,Mera,O
T1072,naam,O
T1072,Ramesh,O
T1072,hai,O
T1072,main,O
T1072,Uttar,B-STATE
T1072,Pradesh,I-STATE
T1072,ka,O
T1072,rehne,O
T1072,wala,O
T1072,hu,O
T1072,Main,O
T1072,OBC,B-CASTE_CATEGORY
T1072,category,O
T1072,se,O
T1072,ek,O
T1072,purush,B-GENDER
T1072,hu,O
T1072,aur,O
T1072,daily,B-OCCUPATION
T1072,wage,I-OCCUPATION
T1072,worker,I-OCCUPATION
T1072,hu,O
T1072,Aamdani,O
T1072,80000,B-ANNUAL_INCOME
T1072,per,O
T1072,year,O
T1072,hai,O
T1073,Mera,O
T1073,naam,O
T1073,Ramesh,O
T1073,hai,O
T1073,main,O
T1073,West,B-STATE
T1073,Bengal,I-STATE
T1073,ka,O
T1073,rehne,O
T1073,wala,O
T1073,hu,O
T1073,Main,O
T1073,SC,B-CASTE_CATEGORY
T1073,category,O
T1073,se,O
T1073,ek,O
T1073,purush,B-GENDER
T1073,hu,O
T1073,aur,O
T1073,street,B-OCCUPATION
T1073,vendor,I-OCCUPATION
T1073,hu,O
T1073,Aamdani,O
T1073,350000,B-ANNUAL_INCOME
T1073,per,O
T1073,year,O
T1073,hai,O
T1074,Mera,O
T1074,naam,O
T1074,Ramesh,O
T1074,hai,O
T1074,main,O
T1074,Tamil,B-STATE
T1074,Nadu,I-STATE
T1074,ka,O
T1074,rehne,O
T1074,wala,O
T1074,hu,O
T1074,Main,O
T1074,ST,B-CASTE_CATEGORY
T1074,category,O
T1074,se,O
T1074,ek,O
T1074,purush,B-GENDER
T1074,hu,O
T1074,aur,O
T1074,kisan,B-OCCUPATION
T1074,hu,O
T1074,Aamdani,O
T1074,600000,B-ANNUAL_INCOME
T1074,per,O
T1074,year,O
T1074,hai,O
T1075,Hi,O
T1075,I,O
T1075,am,O
T1075,20,B-AGE
T1075,years,O
T1075,old,O
T1075,student,O
T1075,from,O
T1075,Madhya,B-STATE
T1075,Pradesh,I-STATE
T1075,My,O
T1075,family,O
T1075,income,O
T1075,is,O
T1075,200000,B-ANNUAL_INCOME
T1075,and,O
T1075,I,O
T1075,am,O
T1075,differently,B-DISABILITY
T1075,abled,I-DISABILITY
T1076,Hi,O
T1076,I,O
T1076,am,O
T1076,38,B-AGE
T1076,years,O
T1076,old,O
T1076,student,O
T1076,from,O
T1076,Maharashtra,B-STATE
T1076,My,O
T1076,family,O
T1076,income,O
T1076,is,O
T1076,200000,B-ANNUAL_INCOME
T1076,and,O
T1076,I,O
T1076,am,O
T1076,differently,B-DISABILITY
T1076,abled,I-DISABILITY
T1077,Main,O
T1077,Madhya,B-STATE
T1077,Pradesh,I-STATE
T1077,se,O
T1077,ek,O
T1077,labour,B-OCCUPATION
T1077,hu,O
T1077,meri,O
T1077,umar,O
T1077,60,B-AGE
T1077,saal,O
T1077,hai,O
T1077,aur,O
T1077,saalana,O
T1077,kamai,O
T1077,0,B-ANNUAL_INCOME
T1077,rupe,O
T1077,hai,O
T1078,I,O
T1078,am,O
T1078,a,O
T1078,23,B-AGE
T1078,year,O
T1078,old,O
T1078,male,B-GENDER
T1078,kisan,B-OCCUPATION
T1078,living,O
T1078,in,O
T1078,Uttar,B-STATE
T1078,Pradesh,I-STATE
T1078,My,O
T1078,annual,O
T1078,household,O
T1078,income,O
T1078,is,O
T1078,600000,B-ANNUAL_INCOME
T1078,rupees,O
T1079,Hi,O
T1079,I,O
T1079,am,O
T1079,40,B-AGE
T1079,years,O
T1079,old,O
T1079,student,O
T1079,from,O
T1079,Tamil,B-STATE
T1079,Nadu,I-STATE
T1079,My,O
T1079,family,O
T1079,income,O
T1079,is,O
T1079,45000,B-ANNUAL_INCOME
T1079,and,O
T1079,I,O
T1079,am,O
T1079,differently,B-DISABILITY
T1079,abled,I-DISABILITY
T1080,Mera,O
T1080,naam,O
T1080,Ramesh,O
T1080,hai,O
T1080,main,O
T1080,Bihar,B-STATE
T1080,ka,O
T1080,rehne,O
T1080,wala,O
T1080,hu,O
T1080,Main,O
T1080,ST,B-CASTE_CATEGORY
T1080,category,O
T1080,se,O
T1080,ek,O
T1080,purush,B-GENDER
T1080,hu,O
T1080,aur,O
T1080,daily,B-OCCUPATION
T1080,wage,I-OCCUPATION
T1080,worker,I-OCCUPATION
T1080,hu,O
T1080,Aamdani,O
T1080,0,B-ANNUAL_INCOME
T1080,per,O
T1080,year,O
T1080,hai,O
T1081,I,O
T1081,am,O
T1081,a,O
T1081,29,B-AGE
T1081,year,O
T1081,old,O
T1081,female,B-GENDER
T1081,unemployed,B-OCCUPATION
T1081,living,O
T1081,in,O
T1081,Uttar,B-STATE
T1081,Pradesh,I-STATE
T1081,My,O
T1081,annual,O
T1081,household,O
T1081,income,O
T1081,is,O
T1081,120000,B-ANNUAL_INCOME
T1081,rupees,O
T1082,Hi,O
T1082,I,O
T1082,am,O
T1082,51,B-AGE
T1082,years,O
T1082,old,O
T1082,student,O
T1082,from,O
T1082,Tamil,B-STATE
T1082,Nadu,I-STATE
T1082,My,O
T1082,family,O
T1082,income,O
T1082,is,O
T1082,200000,B-ANNUAL_INCOME
T1082,and,O
T1082,I,O
T1082,am,O
T1082,differently,B-DISABILITY
T1082,abled,I-DISABILITY
T1083,Hi,O
T1083,I,O
T1083,am,O
T1083,18,B-AGE
T1083,years,O
T1083,old,O
T1083,student,O
T1083,from,O
T1083,Maharashtra,B-STATE
T1083,My,O
T1083,family,O
T1083,income,O
T1083,is,O
T1083,600000,B-ANNUAL_INCOME
T1083,and,O
T1083,I,O
T1083,am,O
T1083,differently,B-DISABILITY
T1083,abled,I-DISABILITY
T1084,Mera,O
T1084,naam,O
T1084,Ramesh,O
T1084,hai,O
T1084,main,O
T1084,Rajasthan,B-STATE
T1084,ka,O
T1084,rehne,O
T1084,wala,O
T1084,hu,O
T1084,Main,O
T1084,SC,B-CASTE_CATEGORY
T1084,category,O
T1084,se,O
T1084,ek,O
T1084,purush,B-GENDER
T1084,hu,O
T1084,aur,O
T1084,artisan,B-OCCUPATION
T1084,hu,O
T1084,Aamdani,O
T1084,120000,B-ANNUAL_INCOME
T1084,per,O
T1084,year,O
T1084,hai,O
T1085,I,O
T1085,belong,O
T1085,to,O
T1085,SC,B-CASTE_CATEGORY
T1085,category,O
T1085,from,O
T1085,Maharashtra,B-STATE
T1085,Age,O
T1085,is,O
T1085,55,B-AGE
T1085,profession,O
T1085,is,O
T1085,mazdoor,B-OCCUPATION
T1085,income,O
T1085,around,O
T1085,600000,B-ANNUAL_INCOME
T1086,Main,O
T1086,Rajasthan,B-STATE
T1086,se,O
T1086,ek,O
T1086,street,B-OCCUPATION
T1086,vendor,I-OCCUPATION
T1086,hu,O
T1086,meri,O
T1086,umar,O
T1086,32,B-AGE
T1086,saal,O
T1086,hai,O
T1086,aur,O
T1086,saalana,O
T1086,kamai,O
T1086,600000,B-ANNUAL_INCOME
T1086,rupe,O
T1086,hai,O
T1087,I,O
T1087,am,O
T1087,a,O
T1087,44,B-AGE
T1087,year,O
T1087,old,O
T1087,female,B-GENDER
T1087,street,B-OCCUPATION
T1087,vendor,I-OCCUPATION
T1087,living,O
T1087,in,O
T1087,Karnataka,B-STATE
T1087,My,O
T1087,annual,O
T1087,household,O
T1087,income,O
T1087,is,O
T1087,45000,B-ANNUAL_INCOME
T1087,rupees,O
T1088,I,O
T1088,belong,O
T1088,to,O
T1088,OBC,B-CASTE_CATEGORY
T1088,category,O
T1088,from,O
T1088,Rajasthan,B-STATE
T1088,Age,O
T1088,is,O
T1088,25,B-AGE
T1088,profession,O
T1088,is,O
T1088,street,B-OCCUPATION
T1088,vendor,I-OCCUPATION
T1088,income,O
T1088,around,O
T1088,600000,B-ANNUAL_INCOME
T1089,Namaste,O
T1089,main,O
T1089,61,B-AGE
T1089,varsh,O
T1089,ka,O
T1089,chhatra,B-OCCUPATION
T1089,hu,O
T1089,Rajasthan,B-STATE
T1089,se,O
T1089,Meri,O
T1089,income,O
T1089,120000,B-ANNUAL_INCOME
T1089,rupaye,O
T1089,hai,O
T1089,aur,O
T1089,main,O
T1089,General,B-CASTE_CATEGORY
T1089,varg,O
T1089,se,O
T1089,hoon,O
T1089,Main,O
T1089,divyang,B-DISABILITY
T1089,hu,O
T1090,Namaste,O
T1090,main,O
T1090,20,B-AGE
T1090,varsh,O
T1090,ka,O
T1090,mazdoor,B-OCCUPATION
T1090,hu,O
T1090,Karnataka,B-STATE
T1090,se,O
T1090,Meri,O
T1090,income,O
T1090,350000,B-ANNUAL_INCOME
T1090,rupaye,O
T1090,hai,O
T1090,aur,O
T1090,main,O
T1090,SC,B-CASTE_CATEGORY
T1090,varg,O
T1090,se,O
T1090,hoon,O
T1090,Main,O
T1090,divyang,B-DISABILITY
T1090,hu,O
T1091,Namaste,O
T1091,main,O
T1091,37,B-AGE
T1091,varsh,O
T1091,ka,O
T1091,chhatra,B-OCCUPATION
T1091,hu,O
T1091,Rajasthan,B-STATE
T1091,se,O
T1091,Meri,O
T1091,income,O
T1091,0,B-ANNUAL_INCOME
T1091,rupaye,O
T1091,hai,O
T1091,aur,O
T1091,main,O
T1091,General,B-CASTE_CATEGORY
T1091,varg,O
T1091,se,O
T1091,hoon,O
T1091,Main,O
T1091,divyang,B-DISABILITY
T1091,hu,O
T1092,Hi,O
T1092,I,O
T1092,am,O
T1092,40,B-AGE
T1092,years,O
T1092,old,O
T1092,student,O
T1092,from,O
T1092,Uttar,B-STATE
T1092,Pradesh,I-STATE
T1092,My,O
T1092,family,O
T1092,income,O
T1092,is,O
T1092,600000,B-ANNUAL_INCOME
T1092,and,O
T1092,I,O
T1092,am,O
T1092,differently,B-DISABILITY
T1092,abled,I-DISABILITY
T1093,I,O
T1093,belong,O
T1093,to,O
T1093,SC,B-CASTE_CATEGORY
T1093,category,O
T1093,from,O
T1093,Rajasthan,B-STATE
T1093,Age,O
T1093,is,O
T1093,58,B-AGE
T1093,profession,O
T1093,is,O
T1093,student,B-OCCUPATION
T1093,income,O
T1093,around,O
T1093,80000,B-ANNUAL_INCOME
T1094,Mera,O
T1094,naam,O
T1094,Ramesh,O
T1094,hai,O
T1094,main,O
T1094,Bihar,B-STATE
T1094,ka,O
T1094,rehne,O
T1094,wala,O
T1094,hu,O
T1094,Main,O
T1094,SC,B-CASTE_CATEGORY
T1094,category,O
T1094,se,O
T1094,ek,O
T1094,purush,B-GENDER
T1094,hu,O
T1094,aur,O
T1094,artisan,B-OCCUPATION
T1094,hu,O
T1094,Aamdani,O
T1094,80000,B-ANNUAL_INCOME
T1094,per,O
T1094,year,O
T1094,hai,O
T1095,Hi,O
T1095,I,O
T1095,am,O
T1095,26,B-AGE
T1095,years,O
T1095,old,O
T1095,student,B-OCCUPATION
T1095,from,O
T1095,Madhya,B-STATE
T1095,Pradesh,I-STATE
T1095,My,O
T1095,family,O
T1095,income,O
T1095,is,O
T1095,0,B-ANNUAL_INCOME
T1095,and,O
T1095,I,O
T1095,am,O
T1095,differently,B-DISABILITY
T1095,abled,I-DISABILITY
T1096,Namaste,O
T1096,main,O
T1096,49,B-AGE
T1096,varsh,O
T1096,ka,O
T1096,mazdoor,B-OCCUPATION
T1096,hu,O
T1096,Madhya,B-STATE
T1096,Pradesh,I-STATE
T1096,se,O
T1096,Meri,O
T1096,income,O
T1096,0,B-ANNUAL_INCOME
T1096,rupaye,O
T1096,hai,O
T1096,aur,O
T1096,main,O
T1096,General,B-CASTE_CATEGORY
T1096,varg,O
T1096,se,O
T1096,hoon,O
T1096,Main,O
T1096,divyang,B-DISABILITY
T1096,hu,O
T1097,Namaste,O
T1097,main,O
T1097,36,B-AGE
T1097,varsh,O
T1097,ka,O
T1097,bunkar,B-OCCUPATION
T1097,hu,O
T1097,West,B-STATE
T1097,Bengal,I-STATE
T1097,se,O
T1097,Meri,O
T1097,income,O
T1097,45000,B-ANNUAL_INCOME
T1097,rupaye,O
T1097,hai,O
T1097,aur,O
T1097,main,O
T1097,SC,B-CASTE_CATEGORY
T1097,varg,O
T1097,se,O
T1097,hoon,O
T1097,Main,O
T1097,divyang,B-DISABILITY
T1097,hu,O
T1098,Mera,O
T1098,naam,O
T1098,Ramesh,O
T1098,hai,O
T1098,main,O
T1098,Karnataka,B-STATE
T1098,ka,O
T1098,rehne,O
T1098,wala,O
T1098,hu,O
T1098,Main,O
T1098,ST,B-CASTE_CATEGORY
T1098,category,O
T1098,se,O
T1098,ek,O
T1098,mahila,B-GENDER
T1098,hu,O
T1098,aur,O
T1098,rehri,B-OCCUPATION
T1098,wala,I-OCCUPATION
T1098,hu,O
T1098,Aamdani,O
T1098,0,B-ANNUAL_INCOME
T1098,per,O
T1098,year,O
T1098,hai,O
T1099,Namaste,O
T1099,main,O
T1099,50,B-AGE
T1099,varsh,O
T1099,ka,O
T1099,artisan,B-OCCUPATION
T1099,hu,O
T1099,Karnataka,B-STATE
T1099,se,O
T1099,Meri,O
T1099,income,O
T1099,0,B-ANNUAL_INCOME
T1099,rupaye,O
T1099,hai,O
T1099,aur,O
T1099,main,O
T1099,OBC,B-CASTE_CATEGORY
T1099,varg,O
T1099,se,O
T1099,hoon,O
T1099,Main,O
T1099,divyang,B-DISABILITY
T1099,hu,O
T1100,Mera,O
T1100,naam,O
T1100,Ramesh,O
T1100,hai,O
T1100,main,O
T1100,Karnataka,B-STATE
T1100,ka,O
T1100,rehne,O
T1100,wala,O
T1100,hu,O
T1100,Main,O
T1100,OBC,B-CASTE_CATEGORY
T1100,category,O
T1100,se,O
T1100,ek,O
T1100,mahila,B-GENDER
T1100,hu,O
T1100,aur,O
T1100,farmer,B-OCCUPATION
T1100,hu,O
T1100,Aamdani,O
T1100,350000,B-ANNUAL_INCOME
T1100,per,O
T1100,year,O
T1100,hai,O
T1101,Main,O
T1101,Rajasthan,B-STATE
T1101,se,O
T1101,ek,O
T1101,labour,B-OCCUPATION
T1101,hu,O
T1101,meri,O
T1101,umar,O
T1101,51,B-AGE
T1101,saal,O
T1101,hai,O
T1101,aur,O
T1101,saalana,O
T1101,kamai,O
T1101,120000,B-ANNUAL_INCOME
T1101,rupe,O
T1101,hai,O
T1102,I,O
T1102,am,O
T1102,a,O
T1102,34,B-AGE
T1102,year,O
T1102,old,O
T1102,male,B-GENDER
T1102,mazdoor,B-OCCUPATION
T1102,living,O
T1102,in,O
T1102,Madhya,B-STATE
T1102,Pradesh,I-STATE
T1102,My,O
T1102,annual,O
T1102,household,O
T1102,income,O
T1102,is,O
T1102,600000,B-ANNUAL_INCOME
T1102,rupees,O
T1103,I,O
T1103,belong,O
T1103,to,O
T1103,General,B-CASTE_CATEGORY
T1103,category,O
T1103,from,O
T1103,Maharashtra,B-STATE
T1103,Age,O
T1103,is,O
T1103,56,B-AGE
T1103,profession,O
T1103,is,O
T1103,artisan,B-OCCUPATION
T1103,income,O
T1103,around,O
T1103,45000,B-ANNUAL_INCOME
T1104,Namaste,O
T1104,main,O
T1104,40,B-AGE
T1104,varsh,O
T1104,ka,O
T1104,student,B-OCCUPATION
T1104,hu,O
T1104,Bihar,B-STATE
T1104,se,O
T1104,Meri,O
T1104,income,O
T1104,350000,B-ANNUAL_INCOME
T1104,rupaye,O
T1104,hai,O
T1104,aur,O
T1104,main,O
T1104,OBC,B-CASTE_CATEGORY
T1104,varg,O
T1104,se,O
T1104,hoon,O
T1104,Main,O
T1104,divyang,B-DISABILITY
T1104,hu,O
T1105,Mera,O
T1105,naam,O
T1105,Ramesh,O
T1105,hai,O
T1105,main,O
T1105,Karnataka,B-STATE
T1105,ka,O
T1105,rehne,O
T1105,wala,O
T1105,hu,O
T1105,Main,O
T1105,SC,B-CASTE_CATEGORY
T1105,category,O
T1105,se,O
T1105,ek,O
T1105,mahila,B-GENDER
T1105,hu,O
T1105,aur,O
T1105,unemployed,B-OCCUPATION
T1105,hu,O
T1105,Aamdani,O
T1105,45000,B-ANNUAL_INCOME
T1105,per,O
T1105,year,O
T1105,hai,O
T1106,Hi,O
T1106,I,O
T1106,am,O
T1106,36,B-AGE
T1106,years,O
T1106,old,O
T1106,student,O
T1106,from,O
T1106,Maharashtra,B-STATE
T1106,My,O
T1106,family,O
T1106,income,O
T1106,is,O
T1106,200000,B-ANNUAL_INCOME
T1106,and,O
T1106,I,O
T1106,am,O
T1106,differently,B-DISABILITY
T1106,abled,I-DISABILITY
T1107,I,O
T1107,belong,O
T1107,to,O
T1107,SC,B-CASTE_CATEGORY
T1107,category,O
T1107,from,O
T1107,Maharashtra,B-STATE
T1107,Age,O
T1107,is,O
T1107,38,B-AGE
T1107,profession,O
T1107,is,O
T1107,farmer,B-OCCUPATION
T1107,income,O
T1107,around,O
T1107,0,B-ANNUAL_INCOME
T1108,I,O
T1108,belong,O
T1108,to,O
T1108,OBC,B-CASTE_CATEGORY
T1108,category,O
T1108,from,O
T1108,Maharashtra,B-STATE
T1108,Age,O
T1108,is,O
T1108,44,B-AGE
T1108,profession,O
T1108,is,O
T1108,berojgar,B-OCCUPATION
T1108,income,O
T1108,around,O
T1108,200000,B-ANNUAL_INCOME
T1109,Namaste,O
T1109,main,O
T1109,25,B-AGE
T1109,varsh,O
T1109,ka,O
T1109,bunkar,B-OCCUPATION
T1109,hu,O
T1109,Rajasthan,B-STATE
T1109,se,O
T1109,Meri,O
T1109,income,O
T1109,80000,B-ANNUAL_INCOME
T1109,rupaye,O
T1109,hai,O
T1109,aur,O
T1109,main,O
T1109,ST,B-CASTE_CATEGORY
T1109,varg,O
T1109,se,O
T1109,hoon,O
T1109,Main,O
T1109,divyang,B-DISABILITY
T1109,hu,O
T1110,Hi,O
T1110,I,O
T1110,am,O
T1110,42,B-AGE
T1110,years,O
T1110,old,O
T1110,student,O
T1110,from,O
T1110,Maharashtra,B-STATE
T1110,My,O
T1110,family,O
T1110,income,O
T1110,is,O
T1110,350000,B-ANNUAL_INCOME
T1110,and,O
T1110,I,O
T1110,am,O
T1110,differently,B-DISABILITY
T1110,abled,I-DISABILITY
T1111,I,O
T1111,am,O
T1111,a,O
T1111,22,B-AGE
T1111,year,O
T1111,old,O
T1111,female,B-GENDER
T1111,artisan,B-OCCUPATION
T1111,living,O
T1111,in,O
T1111,Tamil,B-STATE
T1111,Nadu,I-STATE
T1111,My,O
T1111,annual,O
T1111,household,O
T1111,income,O
T1111,is,O
T1111,350000,B-ANNUAL_INCOME
T1111,rupees,O
T1112,Main,O
T1112,Uttar,B-STATE
T1112,Pradesh,I-STATE
T1112,se,O
T1112,ek,O
T1112,labour,B-OCCUPATION
T1112,hu,O
T1112,meri,O
T1112,umar,O
T1112,34,B-AGE
T1112,saal,O
T1112,hai,O
T1112,aur,O
T1112,saalana,O
T1112,kamai,O
T1112,350000,B-ANNUAL_INCOME
T1112,rupe,O
T1112,hai,O
T1113,Hi,O
T1113,I,O
T1113,am,O
T1113,60,B-AGE
T1113,years,O
T1113,old,O
T1113,student,O
T1113,from,O
T1113,Maharashtra,B-STATE
T1113,My,O
T1113,family,O
T1113,income,O
T1113,is,O
T1113,0,B-ANNUAL_INCOME
T1113,and,O
T1113,I,O
T1113,am,O
T1113,differently,B-DISABILITY
T1113,abled,I-DISABILITY
T1114,Namaste,O
T1114,main,O
T1114,50,B-AGE
T1114,varsh,O
T1114,ka,O
T1114,rehri,B-OCCUPATION
T1114,wala,I-OCCUPATION
T1114,hu,O
T1114,Madhya,B-STATE
T1114,Pradesh,I-STATE
T1114,se,O
T1114,Meri,O
T1114,income,O
T1114,45000,B-ANNUAL_INCOME
T1114,rupaye,O
T1114,hai,O
T1114,aur,O
T1114,main,O
T1114,General,B-CASTE_CATEGORY
T1114,varg,O
T1114,se,O
T1114,hoon,O
T1114,Main,O
T1114,divyang,B-DISABILITY
T1114,hu,O
T1115,Hi,O
T1115,I,O
T1115,am,O
T1115,47,B-AGE
T1115,years,O
T1115,old,O
T1115,student,O
T1115,from,O
T1115,Madhya,B-STATE
T1115,Pradesh,I-STATE
T1115,My,O
T1115,family,O
T1115,income,O
T1115,is,O
T1115,120000,B-ANNUAL_INCOME
T1115,and,O
T1115,I,O
T1115,am,O
T1115,differently,B-DISABILITY
T1115,abled,I-DISABILITY
T1116,I,O
T1116,am,O
T1116,a,O
T1116,32,B-AGE
T1116,year,O
T1116,old,O
T1116,female,B-GENDER
T1116,bunkar,B-OCCUPATION
T1116,living,O
T1116,in,O
T1116,Madhya,B-STATE
T1116,Pradesh,I-STATE
T1116,My,O
T1116,annual,O
T1116,household,O
T1116,income,O
T1116,is,O
T1116,0,B-ANNUAL_INCOME
T1116,rupees,O
T1117,Mera,O
T1117,naam,O
T1117,Ramesh,O
T1117,hai,O
T1117,main,O
T1117,Karnataka,B-STATE
T1117,ka,O
T1117,rehne,O
T1117,wala,O
T1117,hu,O
T1117,Main,O
T1117,ST,B-CASTE_CATEGORY
T1117,category,O
T1117,se,O
T1117,ek,O
T1117,mahila,B-GENDER
T1117,hu,O
T1117,aur,O
T1117,street,B-OCCUPATION
T1117,vendor,I-OCCUPATION
T1117,hu,O
T1117,Aamdani,O
T1117,200000,B-ANNUAL_INCOME
T1117,per,O
T1117,year,O
T1117,hai,O
T1118,Namaste,O
T1118,main,O
T1118,28,B-AGE
T1118,varsh,O
T1118,ka,O
T1118,rehri,B-OCCUPATION
T1118,wala,I-OCCUPATION
T1118,hu,O
T1118,Tamil,B-STATE
T1118,Nadu,I-STATE
T1118,se,O
T1118,Meri,O
T1118,income,O
T1118,120000,B-ANNUAL_INCOME
T1118,rupaye,O
T1118,hai,O
T1118,aur,O
T1118,main,O
T1118,OBC,B-CASTE_CATEGORY
T1118,varg,O
T1118,se,O
T1118,hoon,O
T1118,Main,O
T1118,divyang,B-DISABILITY
T1118,hu,O
T1119,Mera,O
T1119,naam,O
T1119,Ramesh,O
T1119,hai,O
T1119,main,O
T1119,Maharashtra,B-STATE
T1119,ka,O
T1119,rehne,O
T1119,wala,O
T1119,hu,O
T1119,Main,O
T1119,SC,B-CASTE_CATEGORY
T1119,category,O
T1119,se,O
T1119,ek,O
T1119,purush,B-GENDER
T1119,hu,O
T1119,aur,O
T1119,weaver,B-OCCUPATION
T1119,hu,O
T1119,Aamdani,O
T1119,0,B-ANNUAL_INCOME
T1119,per,O
T1119,year,O
T1119,hai,O
T1120,Main,O
T1120,Bihar,B-STATE
T1120,se,O
T1120,ek,O
T1120,chhatra,B-OCCUPATION
T1120,hu,O
T1120,meri,O
T1120,umar,O
T1120,19,B-AGE
T1120,saal,O
T1120,hai,O
T1120,aur,O
T1120,saalana,O
T1120,kamai,O
T1120,45000,B-ANNUAL_INCOME
T1120,rupe,O
T1120,hai,O
T1121,Mera,O
T1121,naam,O
T1121,Ramesh,O
T1121,hai,O
T1121,main,O
T1121,Bihar,B-STATE
T1121,ka,O
T1121,rehne,O
T1121,wala,O
T1121,hu,O
T1121,Main,O
T1121,ST,B-CASTE_CATEGORY
T1121,category,O
T1121,se,O
T1121,ek,O
T1121,purush,B-GENDER
T1121,hu,O
T1121,aur,O
T1121,berojgar,B-OCCUPATION
T1121,hu,O
T1121,Aamdani,O
T1121,350000,B-ANNUAL_INCOME
T1121,per,O
T1121,year,O
T1121,hai,O
T1122,Main,O
T1122,Rajasthan,B-STATE
T1122,se,O
T1122,ek,O
T1122,weaver,B-OCCUPATION
T1122,hu,O
T1122,meri,O
T1122,umar,O
T1122,55,B-AGE
T1122,saal,O
T1122,hai,O
T1122,aur,O
T1122,saalana,O
T1122,kamai,O
T1122,350000,B-ANNUAL_INCOME
T1122,rupe,O
T1122,hai,O
T1123,I,O
T1123,belong,O
T1123,to,O
T1123,General,B-CASTE_CATEGORY
T1123,category,O
T1123,from,O
T1123,Maharashtra,B-STATE
T1123,Age,O
T1123,is,O
T1123,24,B-AGE
T1123,profession,O
T1123,is,O
T1123,daily,B-OCCUPATION
T1123,wage,I-OCCUPATION
T1123,worker,I-OCCUPATION
T1123,income,O
T1123,around,O
T1123,0,B-ANNUAL_INCOME
T1124,Mera,O
T1124,naam,O
T1124,Ramesh,O
T1124,hai,O
T1124,main,O
T1124,Madhya,B-STATE
T1124,Pradesh,I-STATE
T1124,ka,O
T1124,rehne,O
T1124,wala,O
T1124,hu,O
T1124,Main,O
T1124,SC,B-CASTE_CATEGORY
T1124,category,O
T1124,se,O
T1124,ek,O
T1124,purush,B-GENDER
T1124,hu,O
T1124,aur,O
T1124,rehri,B-OCCUPATION
T1124,wala,I-OCCUPATION
T1124,hu,O
T1124,Aamdani,O
T1124,80000,B-ANNUAL_INCOME
T1124,per,O
T1124,year,O
T1124,hai,O
T1125,I,O
T1125,am,O
T1125,a,O
T1125,35,B-AGE
T1125,year,O
T1125,old,O
T1125,male,B-GENDER
T1125,unemployed,B-OCCUPATION
T1125,living,O
T1125,in,O
T1125,Uttar,B-STATE
T1125,Pradesh,I-STATE
T1125,My,O
T1125,annual,O
T1125,household,O
T1125,income,O
T1125,is,O
T1125,600000,B-ANNUAL_INCOME
T1125,rupees,O
T1126,I,O
T1126,am,O
T1126,a,O
T1126,21,B-AGE
T1126,year,O
T1126,old,O
T1126,male,B-GENDER
T1126,berojgar,B-OCCUPATION
T1126,living,O
T1126,in,O
T1126,Madhya,B-STATE
T1126,Pradesh,I-STATE
T1126,My,O
T1126,annual,O
T1126,household,O
T1126,income,O
T1126,is,O
T1126,120000,B-ANNUAL_INCOME
T1126,rupees,O
T1127,I,O
T1127,belong,O
T1127,to,O
T1127,OBC,B-CASTE_CATEGORY
T1127,category,O
T1127,from,O
T1127,Bihar,B-STATE
T1127,Age,O
T1127,is,O
T1127,53,B-AGE
T1127,profession,O
T1127,is,O
T1127,student,B-OCCUPATION
T1127,income,O
T1127,around,O
T1127,600000,B-ANNUAL_INCOME
T1128,Main,O
T1128,Tamil,B-STATE
T1128,Nadu,I-STATE
T1128,se,O
T1128,ek,O
T1128,kisan,B-OCCUPATION
T1128,hu,O
T1128,meri,O
T1128,umar,O
T1128,63,B-AGE
T1128,saal,O
T1128,hai,O
T1128,aur,O
T1128,saalana,O
T1128,kamai,O
T1128,120000,B-ANNUAL_INCOME
T1128,rupe,O
T1128,hai,O
T1129,Namaste,O
T1129,main,O
T1129,41,B-AGE
T1129,varsh,O
T1129,ka,O
T1129,unemployed,B-OCCUPATION
T1129,hu,O
T1129,Maharashtra,B-STATE
T1129,se,O
T1129,Meri,O
T1129,income,O
T1129,45000,B-ANNUAL_INCOME
T1129,rupaye,O
T1129,hai,O
T1129,aur,O
T1129,main,O
T1129,SC,B-CASTE_CATEGORY
T1129,varg,O
T1129,se,O
T1129,hoon,O
T1129,Main,O
T1129,divyang,B-DISABILITY
T1129,hu,O
T1130,I,O
T1130,belong,O
T1130,to,O
T1130,ST,B-CASTE_CATEGORY
T1130,category,O
T1130,from,O
T1130,West,B-STATE
T1130,Bengal,I-STATE
T1130,Age,O
T1130,is,O
T1130,23,B-AGE
T1130,profession,O
T1130,is,O
T1130,daily,B-OCCUPATION
T1130,wage,I-OCCUPATION
T1130,worker,I-OCCUPATION
T1130,income,O
T1130,around,O
T1130,80000,B-ANNUAL_INCOME
T1131,Mera,O
T1131,naam,O
T1131,Ramesh,O
T1131,hai,O
T1131,main,O
T1131,Maharashtra,B-STATE
T1131,ka,O
T1131,rehne,O
T1131,wala,O
T1131,hu,O
T1131,Main,O
T1131,OBC,B-CASTE_CATEGORY
T1131,category,O
T1131,se,O
T1131,ek,O
T1131,mahila,B-GENDER
T1131,hu,O
T1131,aur,O
T1131,unemployed,B-OCCUPATION
T1131,hu,O
T1131,Aamdani,O
T1131,200000,B-ANNUAL_INCOME
T1131,per,O
T1131,year,O
T1131,hai,O
T1132,Main,O
T1132,Tamil,B-STATE
T1132,Nadu,I-STATE
T1132,se,O
T1132,ek,O
T1132,bunkar,B-OCCUPATION
T1132,hu,O
T1132,meri,O
T1132,umar,O
T1132,19,B-AGE
T1132,saal,O
T1132,hai,O
T1132,aur,O
T1132,saalana,O
T1132,kamai,O
T1132,600000,B-ANNUAL_INCOME
T1132,rupe,O
T1132,hai,O
T1133,Mera,O
T1133,naam,O
T1133,Ramesh,O
T1133,hai,O
T1133,main,O
T1133,Tamil,B-STATE
T1133,Nadu,I-STATE
T1133,ka,O
T1133,rehne,O
T1133,wala,O
T1133,hu,O
T1133,Main,O
T1133,General,B-CASTE_CATEGORY
T1133,category,O
T1133,se,O
T1133,ek,O
T1133,purush,B-GENDER
T1133,hu,O
T1133,aur,O
T1133,chhatra,B-OCCUPATION
T1133,hu,O
T1133,Aamdani,O
T1133,80000,B-ANNUAL_INCOME
T1133,per,O
T1133,year,O
T1133,hai,O
T1134,I,O
T1134,am,O
T1134,a,O
T1134,28,B-AGE
T1134,year,O
T1134,old,O
T1134,female,B-GENDER
T1134,mazdoor,B-OCCUPATION
T1134,living,O
T1134,in,O
T1134,Maharashtra,B-STATE
T1134,My,O
T1134,annual,O
T1134,household,O
T1134,income,O
T1134,is,O
T1134,45000,B-ANNUAL_INCOME
T1134,rupees,O
T1135,I,O
T1135,belong,O
T1135,to,O
T1135,OBC,B-CASTE_CATEGORY
T1135,category,O
T1135,from,O
T1135,Madhya,B-STATE
T1135,Pradesh,I-STATE
T1135,Age,O
T1135,is,O
T1135,49,B-AGE
T1135,profession,O
T1135,is,O
T1135,student,B-OCCUPATION
T1135,income,O
T1135,around,O
T1135,45000,B-ANNUAL_INCOME
T1136,I,O
T1136,am,O
T1136,a,O
T1136,49,B-AGE
T1136,year,O
T1136,old,O
T1136,female,B-GENDER
T1136,mazdoor,B-OCCUPATION
T1136,living,O
T1136,in,O
T1136,Rajasthan,B-STATE
T1136,My,O
T1136,annual,O
T1136,household,O
T1136,income,O
T1136,is,O
T1136,0,B-ANNUAL_INCOME
T1136,rupees,O
T1137,I,O
T1137,belong,O
T1137,to,O
T1137,ST,B-CASTE_CATEGORY
T1137,category,O
T1137,from,O
T1137,Maharashtra,B-STATE
T1137,Age,O
T1137,is,O
T1137,58,B-AGE
T1137,profession,O
T1137,is,O
T1137,daily,B-OCCUPATION
T1137,wage,I-OCCUPATION
T1137,worker,I-OCCUPATION
T1137,income,O
T1137,around,O
T1137,45000,B-ANNUAL_INCOME
T1138,Mera,O
T1138,naam,O
T1138,Ramesh,O
T1138,hai,O
T1138,main,O
T1138,Rajasthan,B-STATE
T1138,ka,O
T1138,rehne,O
T1138,wala,O
T1138,hu,O
T1138,Main,O
T1138,SC,B-CASTE_CATEGORY
T1138,category,O
T1138,se,O
T1138,ek,O
T1138,purush,B-GENDER
T1138,hu,O
T1138,aur,O
T1138,berojgar,B-OCCUPATION
T1138,hu,O
T1138,Aamdani,O
T1138,45000,B-ANNUAL_INCOME
T1138,per,O
T1138,year,O
T1138,hai,O
T1139,Namaste,O
T1139,main,O
T1139,58,B-AGE
T1139,varsh,O
T1139,ka,O
T1139,rehri,B-OCCUPATION
T1139,wala,I-OCCUPATION
T1139,hu,O
T1139,Maharashtra,B-STATE
T1139,se,O
T1139,Meri,O
T1139,income,O
T1139,350000,B-ANNUAL_INCOME
T1139,rupaye,O
T1139,hai,O
T1139,aur,O
T1139,main,O
T1139,SC,B-CASTE_CATEGORY
T1139,varg,O
T1139,se,O
T1139,hoon,O
T1139,Main,O
T1139,divyang,B-DISABILITY
T1139,hu,O
T1140,I,O
T1140,am,O
T1140,a,O
T1140,61,B-AGE
T1140,year,O
T1140,old,O
T1140,female,B-GENDER
T1140,farmer,B-OCCUPATION
T1140,living,O
T1140,in,O
T1140,Rajasthan,B-STATE
T1140,My,O
T1140,annual,O
T1140,household,O
T1140,income,O
T1140,is,O
T1140,350000,B-ANNUAL_INCOME
T1140,rupees,O
T1141,Mera,O
T1141,naam,O
T1141,Ramesh,O
T1141,hai,O
T1141,main,O
T1141,Karnataka,B-STATE
T1141,ka,O
T1141,rehne,O
T1141,wala,O
T1141,hu,O
T1141,Main,O
T1141,SC,B-CASTE_CATEGORY
T1141,category,O
T1141,se,O
T1141,ek,O
T1141,purush,B-GENDER
T1141,hu,O
T1141,aur,O
T1141,bunkar,B-OCCUPATION
T1141,hu,O
T1141,Aamdani,O
T1141,0,B-ANNUAL_INCOME
T1141,per,O
T1141,year,O
T1141,hai,O
T1142,I,O
T1142,am,O
T1142,a,O
T1142,35,B-AGE
T1142,year,O
T1142,old,O
T1142,male,B-GENDER
T1142,bunkar,B-OCCUPATION
T1142,living,O
T1142,in,O
T1142,Karnataka,B-STATE
T1142,My,O
T1142,annual,O
T1142,household,O
T1142,income,O
T1142,is,O
T1142,350000,B-ANNUAL_INCOME
T1142,rupees,O
T1143,I,O
T1143,belong,O
T1143,to,O
T1143,OBC,B-CASTE_CATEGORY
T1143,category,O
T1143,from,O
T1143,Karnataka,B-STATE
T1143,Age,O
T1143,is,O
T1143,59,B-AGE
T1143,profession,O
T1143,is,O
T1143,labour,B-OCCUPATION
T1143,income,O
T1143,around,O
T1143,120000,B-ANNUAL_INCOME
T1144,I,O
T1144,belong,O
T1144,to,O
T1144,OBC,B-CASTE_CATEGORY
T1144,category,O
T1144,from,O
T1144,Madhya,B-STATE
T1144,Pradesh,I-STATE
T1144,Age,O
T1144,is,O
T1144,63,B-AGE
T1144,profession,O
T1144,is,O
T1144,chhatra,B-OCCUPATION
T1144,income,O
T1144,around,O
T1144,200000,B-ANNUAL_INCOME
T1145,Mera,O
T1145,naam,O
T1145,Ramesh,O
T1145,hai,O
T1145,main,O
T1145,Karnataka,B-STATE
T1145,ka,O
T1145,rehne,O
T1145,wala,O
T1145,hu,O
T1145,Main,O
T1145,General,B-CASTE_CATEGORY
T1145,category,O
T1145,se,O
T1145,ek,O
T1145,mahila,B-GENDER
T1145,hu,O
T1145,aur,O
T1145,street,B-OCCUPATION
T1145,vendor,I-OCCUPATION
T1145,hu,O
T1145,Aamdani,O
T1145,350000,B-ANNUAL_INCOME
T1145,per,O
T1145,year,O
T1145,hai,O
T1146,Hi,O
T1146,I,O
T1146,am,O
T1146,37,B-AGE
T1146,years,O
T1146,old,O
T1146,student,O
T1146,from,O
T1146,Madhya,B-STATE
T1146,Pradesh,I-STATE
T1146,My,O
T1146,family,O
T1146,income,O
T1146,is,O
T1146,45000,B-ANNUAL_INCOME
T1146,and,O
T1146,I,O
T1146,am,O
T1146,differently,B-DISABILITY
T1146,abled,I-DISABILITY
T1147,Hi,O
T1147,I,O
T1147,am,O
T1147,28,B-AGE
T1147,years,O
T1147,old,O
T1147,student,O
T1147,from,O
T1147,Maharashtra,B-STATE
T1147,My,O
T1147,family,O
T1147,income,O
T1147,is,O
T1147,80000,B-ANNUAL_INCOME
T1147,and,O
T1147,I,O
T1147,am,O
T1147,differently,B-DISABILITY
T1147,abled,I-DISABILITY
T1148,Mera,O
T1148,naam,O
T1148,Ramesh,O
T1148,hai,O
T1148,main,O
T1148,Uttar,B-STATE
T1148,Pradesh,I-STATE
T1148,ka,O
T1148,rehne,O
T1148,wala,O
T1148,hu,O
T1148,Main,O
T1148,ST,B-CASTE_CATEGORY
T1148,category,O
T1148,se,O
T1148,ek,O
T1148,purush,B-GENDER
T1148,hu,O
T1148,aur,O
T1148,student,B-OCCUPATION
T1148,hu,O
T1148,Aamdani,O
T1148,200000,B-ANNUAL_INCOME
T1148,per,O
T1148,year,O
T1148,hai,O
T1149,Main,O
T1149,Tamil,B-STATE
T1149,Nadu,I-STATE
T1149,se,O
T1149,ek,O
T1149,farmer,B-OCCUPATION
T1149,hu,O
T1149,meri,O
T1149,umar,O
T1149,20,B-AGE
T1149,saal,O
T1149,hai,O
T1149,aur,O
T1149,saalana,O
T1149,kamai,O
T1149,80000,B-ANNUAL_INCOME
T1149,rupe,O
T1149,hai,O
T1150,Hi,O
T1150,I,O
T1150,am,O
T1150,41,B-AGE
T1150,years,O
T1150,old,O
T1150,student,B-OCCUPATION
T1150,from,O
T1150,Karnataka,B-STATE
T1150,My,O
T1150,family,O
T1150,income,O
T1150,is,O
T1150,350000,B-ANNUAL_INCOME
T1150,and,O
T1150,I,O
T1150,am,O
T1150,differently,B-DISABILITY
T1150,abled,I-DISABILITY
T1151,I,O
T1151,belong,O
T1151,to,O
T1151,SC,B-CASTE_CATEGORY
T1151,category,O
T1151,from,O
T1151,Uttar,B-STATE
T1151,Pradesh,I-STATE
T1151,Age,O
T1151,is,O
T1151,37,B-AGE
T1151,profession,O
T1151,is,O
T1151,farmer,B-OCCUPATION
T1151,income,O
T1151,around,O
T1151,600000,B-ANNUAL_INCOME
T1152,Mera,O
T1152,naam,O
T1152,Ramesh,O
T1152,hai,O
T1152,main,O
T1152,West,B-STATE
T1152,Bengal,I-STATE
T1152,ka,O
T1152,rehne,O
T1152,wala,O
T1152,hu,O
T1152,Main,O
T1152,SC,B-CASTE_CATEGORY
T1152,category,O
T1152,se,O
T1152,ek,O
T1152,purush,B-GENDER
T1152,hu,O
T1152,aur,O
T1152,farmer,B-OCCUPATION
T1152,hu,O
T1152,Aamdani,O
T1152,45000,B-ANNUAL_INCOME
T1152,per,O
T1152,year,O
T1152,hai,O
T1153,I,O
T1153,belong,O
T1153,to,O
T1153,OBC,B-CASTE_CATEGORY
T1153,category,O
T1153,from,O
T1153,Tamil,B-STATE
T1153,Nadu,I-STATE
T1153,Age,O
T1153,is,O
T1153,48,B-AGE
T1153,profession,O
T1153,is,O
T1153,weaver,B-OCCUPATION
T1153,income,O
T1153,around,O
T1153,80000,B-ANNUAL_INCOME
T1154,Hi,O
T1154,I,O
T1154,am,O
T1154,54,B-AGE
T1154,years,O
T1154,old,O
T1154,student,O
T1154,from,O
T1154,Karnataka,B-STATE
T1154,My,O
T1154,family,O
T1154,income,O
T1154,is,O
T1154,200000,B-ANNUAL_INCOME
T1154,and,O
T1154,I,O
T1154,am,O
T1154,differently,B-DISABILITY
T1154,abled,I-DISABILITY
T1155,Hi,O
T1155,I,O
T1155,am,O
T1155,49,B-AGE
T1155,years,O
T1155,old,O
T1155,student,O
T1155,from,O
T1155,Uttar,B-STATE
T1155,Pradesh,I-STATE
T1155,My,O
T1155,family,O
T1155,income,O
T1155,is,O
T1155,120000,B-ANNUAL_INCOME
T1155,and,O
T1155,I,O
T1155,am,O
T1155,differently,B-DISABILITY
T1155,abled,I-DISABILITY
T1156,I,O
T1156,belong,O
T1156,to,O
T1156,ST,B-CASTE_CATEGORY
T1156,category,O
T1156,from,O
T1156,Madhya,B-STATE
T1156,Pradesh,I-STATE
T1156,Age,O
T1156,is,O
T1156,60,B-AGE
T1156,profession,O
T1156,is,O
T1156,labour,B-OCCUPATION
T1156,income,O
T1156,around,O
T1156,45000,B-ANNUAL_INCOME
T1157,Namaste,O
T1157,main,O
T1157,27,B-AGE
T1157,varsh,O
T1157,ka,O
T1157,unemployed,B-OCCUPATION
T1157,hu,O
T1157,Madhya,B-STATE
T1157,Pradesh,I-STATE
T1157,se,O
T1157,Meri,O
T1157,income,O
T1157,45000,B-ANNUAL_INCOME
T1157,rupaye,O
T1157,hai,O
T1157,aur,O
T1157,main,O
T1157,ST,B-CASTE_CATEGORY
T1157,varg,O
T1157,se,O
T1157,hoon,O
T1157,Main,O
T1157,divyang,B-DISABILITY
T1157,hu,O
T1158,Namaste,O
T1158,main,O
T1158,47,B-AGE
T1158,varsh,O
T1158,ka,O
T1158,unemployed,B-OCCUPATION
T1158,hu,O
T1158,Karnataka,B-STATE
T1158,se,O
T1158,Meri,O
T1158,income,O
T1158,120000,B-ANNUAL_INCOME
T1158,rupaye,O
T1158,hai,O
T1158,aur,O
T1158,main,O
T1158,General,B-CASTE_CATEGORY
T1158,varg,O
T1158,se,O
T1158,hoon,O
T1158,Main,O
T1158,divyang,B-DISABILITY
T1158,hu,O
T1159,Namaste,O
T1159,main,O
T1159,57,B-AGE
T1159,varsh,O
T1159,ka,O
T1159,unemployed,B-OCCUPATION
T1159,hu,O
T1159,Tamil,B-STATE
T1159,Nadu,I-STATE
T1159,se,O
T1159,Meri,O
T1159,income,O
T1159,45000,B-ANNUAL_INCOME
T1159,rupaye,O
T1159,hai,O
T1159,aur,O
T1159,main,O
T1159,ST,B-CASTE_CATEGORY
T1159,varg,O
T1159,se,O
T1159,hoon,O
T1159,Main,O
T1159,divyang,B-DISABILITY
T1159,hu,O
T1160,I,O
T1160,am,O
T1160,a,O
T1160,28,B-AGE
T1160,year,O
T1160,old,O
T1160,male,B-GENDER
T1160,unemployed,B-OCCUPATION
T1160,living,O
T1160,in,O
T1160,Tamil,B-STATE
T1160,Nadu,I-STATE
T1160,My,O
T1160,annual,O
T1160,household,O
T1160,income,O
T1160,is,O
T1160,80000,B-ANNUAL_INCOME
T1160,rupees,O
T1161,I,O
T1161,belong,O
T1161,to,O
T1161,ST,B-CASTE_CATEGORY
T1161,category,O
T1161,from,O
T1161,Tamil,B-STATE
T1161,Nadu,I-STATE
T1161,Age,O
T1161,is,O
T1161,22,B-AGE
T1161,profession,O
T1161,is,O
T1161,chhatra,B-OCCUPATION
T1161,income,O
T1161,around,O
T1161,0,B-ANNUAL_INCOME
T1162,I,O
T1162,am,O
T1162,a,O
T1162,36,B-AGE
T1162,year,O
T1162,old,O
T1162,female,B-GENDER
T1162,weaver,B-OCCUPATION
T1162,living,O
T1162,in,O
T1162,Madhya,B-STATE
T1162,Pradesh,I-STATE
T1162,My,O
T1162,annual,O
T1162,household,O
T1162,income,O
T1162,is,O
T1162,80000,B-ANNUAL_INCOME
T1162,rupees,O
T1163,Hi,O
T1163,I,O
T1163,am,O
T1163,20,B-AGE
T1163,years,O
T1163,old,O
T1163,student,O
T1163,from,O
T1163,Rajasthan,B-STATE
T1163,My,O
T1163,family,O
T1163,income,O
T1163,is,O
T1163,80000,B-ANNUAL_INCOME
T1163,and,O
T1163,I,O
T1163,am,O
T1163,differently,B-DISABILITY
T1163,abled,I-DISABILITY
T1164,I,O
T1164,am,O
T1164,a,O
T1164,37,B-AGE
T1164,year,O
T1164,old,O
T1164,female,B-GENDER
T1164,chhatra,B-OCCUPATION
T1164,living,O
T1164,in,O
T1164,Madhya,B-STATE
T1164,Pradesh,I-STATE
T1164,My,O
T1164,annual,O
T1164,household,O
T1164,income,O
T1164,is,O
T1164,350000,B-ANNUAL_INCOME
T1164,rupees,O
T1165,Hi,O
T1165,I,O
T1165,am,O
T1165,42,B-AGE
T1165,years,O
T1165,old,O
T1165,student,O
T1165,from,O
T1165,Madhya,B-STATE
T1165,Pradesh,I-STATE
T1165,My,O
T1165,family,O
T1165,income,O
T1165,is,O
T1165,0,B-ANNUAL_INCOME
T1165,and,O
T1165,I,O
T1165,am,O
T1165,differently,B-DISABILITY
T1165,abled,I-DISABILITY
T1166,Hi,O
T1166,I,O
T1166,am,O
T1166,19,B-AGE
T1166,years,O
T1166,old,O
T1166,student,O
T1166,from,O
T1166,Tamil,B-STATE
T1166,Nadu,I-STATE
T1166,My,O
T1166,family,O
T1166,income,O
T1166,is,O
T1166,0,B-ANNUAL_INCOME
T1166,and,O
T1166,I,O
T1166,am,O
T1166,differently,B-DISABILITY
T1166,abled,I-DISABILITY
T1167,Mera,O
T1167,naam,O
T1167,Ramesh,O
T1167,hai,O
T1167,main,O
T1167,West,B-STATE
T1167,Bengal,I-STATE
T1167,ka,O
T1167,rehne,O
T1167,wala,O
T1167,hu,O
T1167,Main,O
T1167,OBC,B-CASTE_CATEGORY
T1167,category,O
T1167,se,O
T1167,ek,O
T1167,purush,B-GENDER
T1167,hu,O
T1167,aur,O
T1167,chhatra,B-OCCUPATION
T1167,hu,O
T1167,Aamdani,O
T1167,45000,B-ANNUAL_INCOME
T1167,per,O
T1167,year,O
T1167,hai,O
T1168,Hi,O
T1168,I,O
T1168,am,O
T1168,38,B-AGE
T1168,years,O
T1168,old,O
T1168,student,O
T1168,from,O
T1168,Rajasthan,B-STATE
T1168,My,O
T1168,family,O
T1168,income,O
T1168,is,O
T1168,0,B-ANNUAL_INCOME
T1168,and,O
T1168,I,O
T1168,am,O
T1168,differently,B-DISABILITY
T1168,abled,I-DISABILITY
T1169,Mera,O
T1169,naam,O
T1169,Ramesh,O
T1169,hai,O
T1169,main,O
T1169,Karnataka,B-STATE
T1169,ka,O
T1169,rehne,O
T1169,wala,O
T1169,hu,O
T1169,Main,O
T1169,ST,B-CASTE_CATEGORY
T1169,category,O
T1169,se,O
T1169,ek,O
T1169,purush,B-GENDER
T1169,hu,O
T1169,aur,O
T1169,berojgar,B-OCCUPATION
T1169,hu,O
T1169,Aamdani,O
T1169,600000,B-ANNUAL_INCOME
T1169,per,O
T1169,year,O
T1169,hai,O
T1170,Hi,O
T1170,I,O
T1170,am,O
T1170,27,B-AGE
T1170,years,O
T1170,old,O
T1170,student,O
T1170,from,O
T1170,Tamil,B-STATE
T1170,Nadu,I-STATE
T1170,My,O
T1170,family,O
T1170,income,O
T1170,is,O
T1170,350000,B-ANNUAL_INCOME
T1170,and,O
T1170,I,O
T1170,am,O
T1170,differently,B-DISABILITY
T1170,abled,I-DISABILITY
T1171,I,O
T1171,am,O
T1171,a,O
T1171,61,B-AGE
T1171,year,O
T1171,old,O
T1171,female,B-GENDER
T1171,street,B-OCCUPATION
T1171,vendor,I-OCCUPATION
T1171,living,O
T1171,in,O
T1171,Karnataka,B-STATE
T1171,My,O
T1171,annual,O
T1171,household,O
T1171,income,O
T1171,is,O
T1171,200000,B-ANNUAL_INCOME
T1171,rupees,O
T1172,Main,O
T1172,Karnataka,B-STATE
T1172,se,O
T1172,ek,O
T1172,street,B-OCCUPATION
T1172,vendor,I-OCCUPATION
T1172,hu,O
T1172,meri,O
T1172,umar,O
T1172,22,B-AGE
T1172,saal,O
T1172,hai,O
T1172,aur,O
T1172,saalana,O
T1172,kamai,O
T1172,600000,B-ANNUAL_INCOME
T1172,rupe,O
T1172,hai,O
T1173,I,O
T1173,belong,O
T1173,to,O
T1173,General,B-CASTE_CATEGORY
T1173,category,O
T1173,from,O
T1173,West,B-STATE
T1173,Bengal,I-STATE
T1173,Age,O
T1173,is,O
T1173,56,B-AGE
T1173,profession,O
T1173,is,O
T1173,rehri,B-OCCUPATION
T1173,wala,I-OCCUPATION
T1173,income,O
T1173,around,O
T1173,200000,B-ANNUAL_INCOME
T1174,I,O
T1174,am,O
T1174,a,O
T1174,51,B-AGE
T1174,year,O
T1174,old,O
T1174,male,B-GENDER
T1174,mazdoor,B-OCCUPATION
T1174,living,O
T1174,in,O
T1174,Karnataka,B-STATE
T1174,My,O
T1174,annual,O
T1174,household,O
T1174,income,O
T1174,is,O
T1174,120000,B-ANNUAL_INCOME
T1174,rupees,O
T1175,Hi,O
T1175,I,O
T1175,am,O
T1175,48,B-AGE
T1175,years,O
T1175,old,O
T1175,student,O
T1175,from,O
T1175,Karnataka,B-STATE
T1175,My,O
T1175,family,O
T1175,income,O
T1175,is,O
T1175,45000,B-ANNUAL_INCOME
T1175,and,O
T1175,I,O
T1175,am,O
T1175,differently,B-DISABILITY
T1175,abled,I-DISABILITY
T1176,Mera,O
T1176,naam,O
T1176,Ramesh,O
T1176,hai,O
T1176,main,O
T1176,Karnataka,B-STATE
T1176,ka,O
T1176,rehne,O
T1176,wala,O
T1176,hu,O
T1176,Main,O
T1176,General,B-CASTE_CATEGORY
T1176,category,O
T1176,se,O
T1176,ek,O
T1176,purush,B-GENDER
T1176,hu,O
T1176,aur,O
T1176,farmer,B-OCCUPATION
T1176,hu,O
T1176,Aamdani,O
T1176,200000,B-ANNUAL_INCOME
T1176,per,O
T1176,year,O
T1176,hai,O
T1177,Mera,O
T1177,naam,O
T1177,Ramesh,O
T1177,hai,O
T1177,main,O
T1177,Uttar,B-STATE
T1177,Pradesh,I-STATE
T1177,ka,O
T1177,rehne,O
T1177,wala,O
T1177,hu,O
T1177,Main,O
T1177,SC,B-CASTE_CATEGORY
T1177,category,O
T1177,se,O
T1177,ek,O
T1177,mahila,B-GENDER
T1177,hu,O
T1177,aur,O
T1177,street,B-OCCUPATION
T1177,vendor,I-OCCUPATION
T1177,hu,O
T1177,Aamdani,O
T1177,45000,B-ANNUAL_INCOME
T1177,per,O
T1177,year,O
T1177,hai,O
T1178,Namaste,O
T1178,main,O
T1178,44,B-AGE
T1178,varsh,O
T1178,ka,O
T1178,student,B-OCCUPATION
T1178,hu,O
T1178,Uttar,B-STATE
T1178,Pradesh,I-STATE
T1178,se,O
T1178,Meri,O
T1178,income,O
T1178,80000,B-ANNUAL_INCOME
T1178,rupaye,O
T1178,hai,O
T1178,aur,O
T1178,main,O
T1178,SC,B-CASTE_CATEGORY
T1178,varg,O
T1178,se,O
T1178,hoon,O
T1178,Main,O
T1178,divyang,B-DISABILITY
T1178,hu,O
T1179,I,O
T1179,belong,O
T1179,to,O
T1179,OBC,B-CASTE_CATEGORY
T1179,category,O
T1179,from,O
T1179,Rajasthan,B-STATE
T1179,Age,O
T1179,is,O
T1179,50,B-AGE
T1179,profession,O
T1179,is,O
T1179,street,B-OCCUPATION
T1179,vendor,I-OCCUPATION
T1179,income,O
T1179,around,O
T1179,350000,B-ANNUAL_INCOME
T1180,Mera,O
T1180,naam,O
T1180,Ramesh,O
T1180,hai,O
T1180,main,O
T1180,Rajasthan,B-STATE
T1180,ka,O
T1180,rehne,O
T1180,wala,O
T1180,hu,O
T1180,Main,O
T1180,OBC,B-CASTE_CATEGORY
T1180,category,O
T1180,se,O
T1180,ek,O
T1180,purush,B-GENDER
T1180,hu,O
T1180,aur,O
T1180,daily,B-OCCUPATION
T1180,wage,I-OCCUPATION
T1180,worker,I-OCCUPATION
T1180,hu,O
T1180,Aamdani,O
T1180,350000,B-ANNUAL_INCOME
T1180,per,O
T1180,year,O
T1180,hai,O
T1181,Hi,O
T1181,I,O
T1181,am,O
T1181,56,B-AGE
T1181,years,O
T1181,old,O
T1181,student,O
T1181,from,O
T1181,Bihar,B-STATE
T1181,My,O
T1181,family,O
T1181,income,O
T1181,is,O
T1181,80000,B-ANNUAL_INCOME
T1181,and,O
T1181,I,O
T1181,am,O
T1181,differently,B-DISABILITY
T1181,abled,I-DISABILITY
T1182,I,O
T1182,belong,O
T1182,to,O
T1182,SC,B-CASTE_CATEGORY
T1182,category,O
T1182,from,O
T1182,Karnataka,B-STATE
T1182,Age,O
T1182,is,O
T1182,36,B-AGE
T1182,profession,O
T1182,is,O
T1182,mazdoor,B-OCCUPATION
T1182,income,O
T1182,around,O
T1182,350000,B-ANNUAL_INCOME
T1183,I,O
T1183,belong,O
T1183,to,O
T1183,SC,B-CASTE_CATEGORY
T1183,category,O
T1183,from,O
T1183,Rajasthan,B-STATE
T1183,Age,O
T1183,is,O
T1183,55,B-AGE
T1183,profession,O
T1183,is,O
T1183,street,B-OCCUPATION
T1183,vendor,I-OCCUPATION
T1183,income,O
T1183,around,O
T1183,200000,B-ANNUAL_INCOME
T1184,Namaste,O
T1184,main,O
T1184,63,B-AGE
T1184,varsh,O
T1184,ka,O
T1184,labour,B-OCCUPATION
T1184,hu,O
T1184,West,B-STATE
T1184,Bengal,I-STATE
T1184,se,O
T1184,Meri,O
T1184,income,O
T1184,200000,B-ANNUAL_INCOME
T1184,rupaye,O
T1184,hai,O
T1184,aur,O
T1184,main,O
T1184,General,B-CASTE_CATEGORY
T1184,varg,O
T1184,se,O
T1184,hoon,O
T1184,Main,O
T1184,divyang,B-DISABILITY
T1184,hu,O
T1185,Main,O
T1185,Rajasthan,B-STATE
T1185,se,O
T1185,ek,O
T1185,chhatra,B-OCCUPATION
T1185,hu,O
T1185,meri,O
T1185,umar,O
T1185,43,B-AGE
T1185,saal,O
T1185,hai,O
T1185,aur,O
T1185,saalana,O
T1185,kamai,O
T1185,600000,B-ANNUAL_INCOME
T1185,rupe,O
T1185,hai,O
T1186,I,O
T1186,belong,O
T1186,to,O
T1186,General,B-CASTE_CATEGORY
T1186,category,O
T1186,from,O
T1186,West,B-STATE
T1186,Bengal,I-STATE
T1186,Age,O
T1186,is,O
T1186,59,B-AGE
T1186,profession,O
T1186,is,O
T1186,labour,B-OCCUPATION
T1186,income,O
T1186,around,O
T1186,350000,B-ANNUAL_INCOME
T1187,Mera,O
T1187,naam,O
T1187,Ramesh,O
T1187,hai,O
T1187,main,O
T1187,Maharashtra,B-STATE
T1187,ka,O
T1187,rehne,O
T1187,wala,O
T1187,hu,O
T1187,Main,O
T1187,ST,B-CASTE_CATEGORY
T1187,category,O
T1187,se,O
T1187,ek,O
T1187,mahila,B-GENDER
T1187,hu,O
T1187,aur,O
T1187,berojgar,B-OCCUPATION
T1187,hu,O
T1187,Aamdani,O
T1187,0,B-ANNUAL_INCOME
T1187,per,O
T1187,year,O
T1187,hai,O
T1188,Mera,O
T1188,naam,O
T1188,Ramesh,O
T1188,hai,O
T1188,main,O
T1188,West,B-STATE
T1188,Bengal,I-STATE
T1188,ka,O
T1188,rehne,O
T1188,wala,O
T1188,hu,O
T1188,Main,O
T1188,General,B-CASTE_CATEGORY
T1188,category,O
T1188,se,O
T1188,ek,O
T1188,purush,B-GENDER
T1188,hu,O
T1188,aur,O
T1188,labour,B-OCCUPATION
T1188,hu,O
T1188,Aamdani,O
T1188,600000,B-ANNUAL_INCOME
T1188,per,O
T1188,year,O
T1188,hai,O
T1189,Mera,O
T1189,naam,O
T1189,Ramesh,O
T1189,hai,O
T1189,main,O
T1189,Rajasthan,B-STATE
T1189,ka,O
T1189,rehne,O
T1189,wala,O
T1189,hu,O
T1189,Main,O
T1189,OBC,B-CASTE_CATEGORY
T1189,category,O
T1189,se,O
T1189,ek,O
T1189,mahila,B-GENDER
T1189,hu,O
T1189,aur,O
T1189,weaver,B-OCCUPATION
T1189,hu,O
T1189,Aamdani,O
T1189,200000,B-ANNUAL_INCOME
T1189,per,O
T1189,year,O
T1189,hai,O
T1190,Namaste,O
T1190,main,O
T1190,25,B-AGE
T1190,varsh,O
T1190,ka,O
T1190,labour,B-OCCUPATION
T1190,hu,O
T1190,Rajasthan,B-STATE
T1190,se,O
T1190,Meri,O
T1190,income,O
T1190,0,B-ANNUAL_INCOME
T1190,rupaye,O
T1190,hai,O
T1190,aur,O
T1190,main,O
T1190,OBC,B-CASTE_CATEGORY
T1190,varg,O
T1190,se,O
T1190,hoon,O
T1190,Main,O
T1190,divyang,B-DISABILITY
T1190,hu,O
T1191,Namaste,O
T1191,main,O
T1191,50,B-AGE
T1191,varsh,O
T1191,ka,O
T1191,farmer,B-OCCUPATION
T1191,hu,O
T1191,Madhya,B-STATE
T1191,Pradesh,I-STATE
T1191,se,O
T1191,Meri,O
T1191,income,O
T1191,80000,B-ANNUAL_INCOME
T1191,rupaye,O
T1191,hai,O
T1191,aur,O
T1191,main,O
T1191,SC,B-CASTE_CATEGORY
T1191,varg,O
T1191,se,O
T1191,hoon,O
T1191,Main,O
T1191,divyang,B-DISABILITY
T1191,hu,O
T1192,Hi,O
T1192,I,O
T1192,am,O
T1192,30,B-AGE
T1192,years,O
T1192,old,O
T1192,student,O
T1192,from,O
T1192,Karnataka,B-STATE
T1192,My,O
T1192,family,O
T1192,income,O
T1192,is,O
T1192,120000,B-ANNUAL_INCOME
T1192,and,O
T1192,I,O
T1192,am,O
T1192,differently,B-DISABILITY
T1192,abled,I-DISABILITY
T1193,I,O
T1193,am,O
T1193,a,O
T1193,20,B-AGE
T1193,year,O
T1193,old,O
T1193,female,B-GENDER
T1193,weaver,B-OCCUPATION
T1193,living,O
T1193,in,O
T1193,Rajasthan,B-STATE
T1193,My,O
T1193,annual,O
T1193,household,O
T1193,income,O
T1193,is,O
T1193,45000,B-ANNUAL_INCOME
T1193,rupees,O
T1194,Namaste,O
T1194,main,O
T1194,43,B-AGE
T1194,varsh,O
T1194,ka,O
T1194,farmer,B-OCCUPATION
T1194,hu,O
T1194,West,B-STATE
T1194,Bengal,I-STATE
T1194,se,O
T1194,Meri,O
T1194,income,O
T1194,80000,B-ANNUAL_INCOME
T1194,rupaye,O
T1194,hai,O
T1194,aur,O
T1194,main,O
T1194,OBC,B-CASTE_CATEGORY
T1194,varg,O
T1194,se,O
T1194,hoon,O
T1194,Main,O
T1194,divyang,B-DISABILITY
T1194,hu,O
T1195,Hi,O
T1195,I,O
T1195,am,O
T1195,56,B-AGE
T1195,years,O
T1195,old,O
T1195,student,O
T1195,from,O
T1195,Madhya,B-STATE
T1195,Pradesh,I-STATE
T1195,My,O
T1195,family,O
T1195,income,O
T1195,is,O
T1195,350000,B-ANNUAL_INCOME
T1195,and,O
T1195,I,O
T1195,am,O
T1195,differently,B-DISABILITY
T1195,abled,I-DISABILITY
T1196,Hi,O
T1196,I,O
T1196,am,O
T1196,46,B-AGE
T1196,years,O
T1196,old,O
T1196,student,O
T1196,from,O
T1196,Tamil,B-STATE
T1196,Nadu,I-STATE
T1196,My,O
T1196,family,O
T1196,income,O
T1196,is,O
T1196,350000,B-ANNUAL_INCOME
T1196,and,O
T1196,I,O
T1196,am,O
T1196,differently,B-DISABILITY
T1196,abled,I-DISABILITY
T1197,Mera,O
T1197,naam,O
T1197,Ramesh,O
T1197,hai,O
T1197,main,O
T1197,West,B-STATE
T1197,Bengal,I-STATE
T1197,ka,O
T1197,rehne,O
T1197,wala,O
T1197,hu,O
T1197,Main,O
T1197,General,B-CASTE_CATEGORY
T1197,category,O
T1197,se,O
T1197,ek,O
T1197,purush,B-GENDER
T1197,hu,O
T1197,aur,O
T1197,chhatra,B-OCCUPATION
T1197,hu,O
T1197,Aamdani,O
T1197,0,B-ANNUAL_INCOME
T1197,per,O
T1197,year,O
T1197,hai,O
T1198,I,O
T1198,am,O
T1198,a,O
T1198,27,B-AGE
T1198,year,O
T1198,old,O
T1198,female,B-GENDER
T1198,farmer,B-OCCUPATION
T1198,living,O
T1198,in,O
T1198,Bihar,B-STATE
T1198,My,O
T1198,annual,O
T1198,household,O
T1198,income,O
T1198,is,O
T1198,200000,B-ANNUAL_INCOME
T1198,rupees,O
T1199,Mera,O
T1199,naam,O
T1199,Ramesh,O
T1199,hai,O
T1199,main,O
T1199,Uttar,B-STATE
T1199,Pradesh,I-STATE
T1199,ka,O
T1199,rehne,O
T1199,wala,O
T1199,hu,O
T1199,Main,O
T1199,SC,B-CASTE_CATEGORY
T1199,category,O
T1199,se,O
T1199,ek,O
T1199,purush,B-GENDER
T1199,hu,O
T1199,aur,O
T1199,rehri,B-OCCUPATION
T1199,wala,I-OCCUPATION
T1199,hu,O
T1199,Aamdani,O
T1199,200000,B-ANNUAL_INCOME
T1199,per,O
T1199,year,O
T1199,hai,O
T1200,Main,O
T1200,Karnataka,B-STATE
T1200,se,O
T1200,ek,O
T1200,street,B-OCCUPATION
T1200,vendor,I-OCCUPATION
T1200,hu,O
T1200,meri,O
T1200,umar,O
T1200,22,B-AGE
T1200,saal,O
T1200,hai,O
T1200,aur,O
T1200,saalana,O
T1200,kamai,O
T1200,200000,B-ANNUAL_INCOME
T1200,rupe,O
T1200,hai,O
T1201,Hi,O
T1201,I,O
T1201,am,O
T1201,23,B-AGE
T1201,years,O
T1201,old,O
T1201,student,O
T1201,from,O
T1201,Uttar,B-STATE
T1201,Pradesh,I-STATE
T1201,My,O
T1201,family,O
T1201,income,O
T1201,is,O
T1201,350000,B-ANNUAL_INCOME
T1201,and,O
T1201,I,O
T1201,am,O
T1201,differently,B-DISABILITY
T1201,abled,I-DISABILITY
T1202,I,O
T1202,belong,O
T1202,to,O
T1202,OBC,B-CASTE_CATEGORY
T1202,category,O
T1202,from,O
T1202,Madhya,B-STATE
T1202,Pradesh,I-STATE
T1202,Age,O
T1202,is,O
T1202,37,B-AGE
T1202,profession,O
T1202,is,O
T1202,berojgar,B-OCCUPATION
T1202,income,O
T1202,around,O
T1202,120000,B-ANNUAL_INCOME
T1203,I,O
T1203,am,O
T1203,a,O
T1203,53,B-AGE
T1203,year,O
T1203,old,O
T1203,male,B-GENDER
T1203,daily,B-OCCUPATION
T1203,wage,I-OCCUPATION
T1203,worker,I-OCCUPATION
T1203,living,O
T1203,in,O
T1203,Madhya,B-STATE
T1203,Pradesh,I-STATE
T1203,My,O
T1203,annual,O
T1203,household,O
T1203,income,O
T1203,is,O
T1203,120000,B-ANNUAL_INCOME
T1203,rupees,O
T1204,Hi,O
T1204,I,O
T1204,am,O
T1204,58,B-AGE
T1204,years,O
T1204,old,O
T1204,student,O
T1204,from,O
T1204,Tamil,B-STATE
T1204,Nadu,I-STATE
T1204,My,O
T1204,family,O
T1204,income,O
T1204,is,O
T1204,120000,B-ANNUAL_INCOME
T1204,and,O
T1204,I,O
T1204,am,O
T1204,differently,B-DISABILITY
T1204,abled,I-DISABILITY
T1205,Main,O
T1205,West,B-STATE
T1205,Bengal,I-STATE
T1205,se,O
T1205,ek,O
T1205,bunkar,B-OCCUPATION
T1205,hu,O
T1205,meri,O
T1205,umar,O
T1205,63,B-AGE
T1205,saal,O
T1205,hai,O
T1205,aur,O
T1205,saalana,O
T1205,kamai,O
T1205,45000,B-ANNUAL_INCOME
T1205,rupe,O
T1205,hai,O
T1206,I,O
T1206,am,O
T1206,a,O
T1206,39,B-AGE
T1206,year,O
T1206,old,O
T1206,female,B-GENDER
T1206,rehri,B-OCCUPATION
T1206,wala,I-OCCUPATION
T1206,living,O
T1206,in,O
T1206,Tamil,B-STATE
T1206,Nadu,I-STATE
T1206,My,O
T1206,annual,O
T1206,household,O
T1206,income,O
T1206,is,O
T1206,80000,B-ANNUAL_INCOME
T1206,rupees,O
T1207,I,O
T1207,am,O
T1207,a,O
T1207,23,B-AGE
T1207,year,O
T1207,old,O
T1207,male,B-GENDER
T1207,artisan,B-OCCUPATION
T1207,living,O
T1207,in,O
T1207,Maharashtra,B-STATE
T1207,My,O
T1207,annual,O
T1207,household,O
T1207,income,O
T1207,is,O
T1207,80000,B-ANNUAL_INCOME
T1207,rupees,O
T1208,I,O
T1208,belong,O
T1208,to,O
T1208,General,B-CASTE_CATEGORY
T1208,category,O
T1208,from,O
T1208,Maharashtra,B-STATE
T1208,Age,O
T1208,is,O
T1208,33,B-AGE
T1208,profession,O
T1208,is,O
T1208,kisan,B-OCCUPATION
T1208,income,O
T1208,around,O
T1208,600000,B-ANNUAL_INCOME
T1209,Hi,O
T1209,I,O
T1209,am,O
T1209,40,B-AGE
T1209,years,O
T1209,old,O
T1209,student,O
T1209,from,O
T1209,Maharashtra,B-STATE
T1209,My,O
T1209,family,O
T1209,income,O
T1209,is,O
T1209,120000,B-ANNUAL_INCOME
T1209,and,O
T1209,I,O
T1209,am,O
T1209,differently,B-DISABILITY
T1209,abled,I-DISABILITY
T1210,I,O
T1210,am,O
T1210,a,O
T1210,33,B-AGE
T1210,year,O
T1210,old,O
T1210,female,B-GENDER
T1210,berojgar,B-OCCUPATION
T1210,living,O
T1210,in,O
T1210,Rajasthan,B-STATE
T1210,My,O
T1210,annual,O
T1210,household,O
T1210,income,O
T1210,is,O
T1210,0,B-ANNUAL_INCOME
T1210,rupees,O
T1211,Mera,O
T1211,naam,O
T1211,Ramesh,O
T1211,hai,O
T1211,main,O
T1211,Uttar,B-STATE
T1211,Pradesh,I-STATE
T1211,ka,O
T1211,rehne,O
T1211,wala,O
T1211,hu,O
T1211,Main,O
T1211,General,B-CASTE_CATEGORY
T1211,category,O
T1211,se,O
T1211,ek,O
T1211,mahila,B-GENDER
T1211,hu,O
T1211,aur,O
T1211,labour,B-OCCUPATION
T1211,hu,O
T1211,Aamdani,O
T1211,80000,B-ANNUAL_INCOME
T1211,per,O
T1211,year,O
T1211,hai,O
T1212,Mera,O
T1212,naam,O
T1212,Ramesh,O
T1212,hai,O
T1212,main,O
T1212,Rajasthan,B-STATE
T1212,ka,O
T1212,rehne,O
T1212,wala,O
T1212,hu,O
T1212,Main,O
T1212,OBC,B-CASTE_CATEGORY
T1212,category,O
T1212,se,O
T1212,ek,O
T1212,purush,B-GENDER
T1212,hu,O
T1212,aur,O
T1212,berojgar,B-OCCUPATION
T1212,hu,O
T1212,Aamdani,O
T1212,80000,B-ANNUAL_INCOME
T1212,per,O
T1212,year,O
T1212,hai,O
T1213,Namaste,O
T1213,main,O
T1213,54,B-AGE
T1213,varsh,O
T1213,ka,O
T1213,labour,B-OCCUPATION
T1213,hu,O
T1213,Maharashtra,B-STATE
T1213,se,O
T1213,Meri,O
T1213,income,O
T1213,45000,B-ANNUAL_INCOME
T1213,rupaye,O
T1213,hai,O
T1213,aur,O
T1213,main,O
T1213,OBC,B-CASTE_CATEGORY
T1213,varg,O
T1213,se,O
T1213,hoon,O
T1213,Main,O
T1213,divyang,B-DISABILITY
T1213,hu,O
T1214,Mera,O
T1214,naam,O
T1214,Ramesh,O
T1214,hai,O
T1214,main,O
T1214,West,B-STATE
T1214,Bengal,I-STATE
T1214,ka,O
T1214,rehne,O
T1214,wala,O
T1214,hu,O
T1214,Main,O
T1214,General,B-CASTE_CATEGORY
T1214,category,O
T1214,se,O
T1214,ek,O
T1214,purush,B-GENDER
T1214,hu,O
T1214,aur,O
T1214,artisan,B-OCCUPATION
T1214,hu,O
T1214,Aamdani,O
T1214,200000,B-ANNUAL_INCOME
T1214,per,O
T1214,year,O
T1214,hai,O
T1215,Main,O
T1215,West,B-STATE
T1215,Bengal,I-STATE
T1215,se,O
T1215,ek,O
T1215,student,B-OCCUPATION
T1215,hu,O
T1215,meri,O
T1215,umar,O
T1215,58,B-AGE
T1215,saal,O
T1215,hai,O
T1215,aur,O
T1215,saalana,O
T1215,kamai,O
T1215,45000,B-ANNUAL_INCOME
T1215,rupe,O
T1215,hai,O
T1216,Mera,O
T1216,naam,O
T1216,Ramesh,O
T1216,hai,O
T1216,main,O
T1216,Rajasthan,B-STATE
T1216,ka,O
T1216,rehne,O
T1216,wala,O
T1216,hu,O
T1216,Main,O
T1216,ST,B-CASTE_CATEGORY
T1216,category,O
T1216,se,O
T1216,ek,O
T1216,mahila,B-GENDER
T1216,hu,O
T1216,aur,O
T1216,labour,B-OCCUPATION
T1216,hu,O
T1216,Aamdani,O
T1216,200000,B-ANNUAL_INCOME
T1216,per,O
T1216,year,O
T1216,hai,O
T1217,Main,O
T1217,Tamil,B-STATE
T1217,Nadu,I-STATE
T1217,se,O
T1217,ek,O
T1217,kisan,B-OCCUPATION
T1217,hu,O
T1217,meri,O
T1217,umar,O
T1217,40,B-AGE
T1217,saal,O
T1217,hai,O
T1217,aur,O
T1217,saalana,O
T1217,kamai,O
T1217,80000,B-ANNUAL_INCOME
T1217,rupe,O
T1217,hai,O
T1218,I,O
T1218,am,O
T1218,a,O
T1218,30,B-AGE
T1218,year,O
T1218,old,O
T1218,female,B-GENDER
T1218,artisan,B-OCCUPATION
T1218,living,O
T1218,in,O
T1218,Karnataka,B-STATE
T1218,My,O
T1218,annual,O
T1218,household,O
T1218,income,O
T1218,is,O
T1218,45000,B-ANNUAL_INCOME
T1218,rupees,O
T1219,I,O
T1219,am,O
T1219,a,O
T1219,63,B-AGE
T1219,year,O
T1219,old,O
T1219,female,B-GENDER
T1219,student,B-OCCUPATION
T1219,living,O
T1219,in,O
T1219,Bihar,B-STATE
T1219,My,O
T1219,annual,O
T1219,household,O
T1219,income,O
T1219,is,O
T1219,0,B-ANNUAL_INCOME
T1219,rupees,O
T1220,Hi,O
T1220,I,O
T1220,am,O
T1220,48,B-AGE
T1220,years,O
T1220,old,O
T1220,student,O
T1220,from,O
T1220,Bihar,B-STATE
T1220,My,O
T1220,family,O
T1220,income,O
T1220,is,O
T1220,80000,B-ANNUAL_INCOME
T1220,and,O
T1220,I,O
T1220,am,O
T1220,differently,B-DISABILITY
T1220,abled,I-DISABILITY
T1221,Mera,O
T1221,naam,O
T1221,Ramesh,O
T1221,hai,O
T1221,main,O
T1221,Maharashtra,B-STATE
T1221,ka,O
T1221,rehne,O
T1221,wala,O
T1221,hu,O
T1221,Main,O
T1221,SC,B-CASTE_CATEGORY
T1221,category,O
T1221,se,O
T1221,ek,O
T1221,mahila,B-GENDER
T1221,hu,O
T1221,aur,O
T1221,kisan,B-OCCUPATION
T1221,hu,O
T1221,Aamdani,O
T1221,80000,B-ANNUAL_INCOME
T1221,per,O
T1221,year,O
T1221,hai,O
T1222,I,O
T1222,belong,O
T1222,to,O
T1222,General,B-CASTE_CATEGORY
T1222,category,O
T1222,from,O
T1222,Rajasthan,B-STATE
T1222,Age,O
T1222,is,O
T1222,18,B-AGE
T1222,profession,O
T1222,is,O
T1222,street,B-OCCUPATION
T1222,vendor,I-OCCUPATION
T1222,income,O
T1222,around,O
T1222,200000,B-ANNUAL_INCOME
T1223,I,O
T1223,am,O
T1223,a,O
T1223,27,B-AGE
T1223,year,O
T1223,old,O
T1223,male,B-GENDER
T1223,berojgar,B-OCCUPATION
T1223,living,O
T1223,in,O
T1223,Uttar,B-STATE
T1223,Pradesh,I-STATE
T1223,My,O
T1223,annual,O
T1223,household,O
T1223,income,O
T1223,is,O
T1223,600000,B-ANNUAL_INCOME
T1223,rupees,O
T1224,I,O
T1224,am,O
T1224,a,O
T1224,52,B-AGE
T1224,year,O
T1224,old,O
T1224,female,B-GENDER
T1224,rehri,B-OCCUPATION
T1224,wala,I-OCCUPATION
T1224,living,O
T1224,in,O
T1224,Rajasthan,B-STATE
T1224,My,O
T1224,annual,O
T1224,household,O
T1224,income,O
T1224,is,O
T1224,0,B-ANNUAL_INCOME
T1224,rupees,O
T1225,Mera,O
T1225,naam,O
T1225,Ramesh,O
T1225,hai,O
T1225,main,O
T1225,Bihar,B-STATE
T1225,ka,O
T1225,rehne,O
T1225,wala,O
T1225,hu,O
T1225,Main,O
T1225,OBC,B-CASTE_CATEGORY
T1225,category,O
T1225,se,O
T1225,ek,O
T1225,mahila,B-GENDER
T1225,hu,O
T1225,aur,O
T1225,farmer,B-OCCUPATION
T1225,hu,O
T1225,Aamdani,O
T1225,120000,B-ANNUAL_INCOME
T1225,per,O
T1225,year,O
T1225,hai,O
T1226,Hi,O
T1226,I,O
T1226,am,O
T1226,39,B-AGE
T1226,years,O
T1226,old,O
T1226,student,O
T1226,from,O
T1226,Maharashtra,B-STATE
T1226,My,O
T1226,family,O
T1226,income,O
T1226,is,O
T1226,0,B-ANNUAL_INCOME
T1226,and,O
T1226,I,O
T1226,am,O
T1226,differently,B-DISABILITY
T1226,abled,I-DISABILITY
T1227,I,O
T1227,belong,O
T1227,to,O
T1227,OBC,B-CASTE_CATEGORY
T1227,category,O
T1227,from,O
T1227,Maharashtra,B-STATE
T1227,Age,O
T1227,is,O
T1227,59,B-AGE
T1227,profession,O
T1227,is,O
T1227,street,B-OCCUPATION
T1227,vendor,I-OCCUPATION
T1227,income,O
T1227,around,O
T1227,350000,B-ANNUAL_INCOME
T1228,Hi,O
T1228,I,O
T1228,am,O
T1228,21,B-AGE
T1228,years,O
T1228,old,O
T1228,student,O
T1228,from,O
T1228,Bihar,B-STATE
T1228,My,O
T1228,family,O
T1228,income,O
T1228,is,O
T1228,45000,B-ANNUAL_INCOME
T1228,and,O
T1228,I,O
T1228,am,O
T1228,differently,B-DISABILITY
T1228,abled,I-DISABILITY
T1229,Namaste,O
T1229,main,O
T1229,24,B-AGE
T1229,varsh,O
T1229,ka,O
T1229,street,B-OCCUPATION
T1229,vendor,I-OCCUPATION
T1229,hu,O
T1229,Karnataka,B-STATE
T1229,se,O
T1229,Meri,O
T1229,income,O
T1229,600000,B-ANNUAL_INCOME
T1229,rupaye,O
T1229,hai,O
T1229,aur,O
T1229,main,O
T1229,General,B-CASTE_CATEGORY
T1229,varg,O
T1229,se,O
T1229,hoon,O
T1229,Main,O
T1229,divyang,B-DISABILITY
T1229,hu,O
T1230,I,O
T1230,am,O
T1230,a,O
T1230,26,B-AGE
T1230,year,O
T1230,old,O
T1230,male,B-GENDER
T1230,kisan,B-OCCUPATION
T1230,living,O
T1230,in,O
T1230,Karnataka,B-STATE
T1230,My,O
T1230,annual,O
T1230,household,O
T1230,income,O
T1230,is,O
T1230,80000,B-ANNUAL_INCOME
T1230,rupees,O
T1231,I,O
T1231,am,O
T1231,a,O
T1231,50,B-AGE
T1231,year,O
T1231,old,O
T1231,male,B-GENDER
T1231,chhatra,B-OCCUPATION
T1231,living,O
T1231,in,O
T1231,West,B-STATE
T1231,Bengal,I-STATE
T1231,My,O
T1231,annual,O
T1231,household,O
T1231,income,O
T1231,is,O
T1231,600000,B-ANNUAL_INCOME
T1231,rupees,O
T1232,Hi,O
T1232,I,O
T1232,am,O
T1232,62,B-AGE
T1232,years,O
T1232,old,O
T1232,student,O
T1232,from,O
T1232,Karnataka,B-STATE
T1232,My,O
T1232,family,O
T1232,income,O
T1232,is,O
T1232,600000,B-ANNUAL_INCOME
T1232,and,O
T1232,I,O
T1232,am,O
T1232,differently,B-DISABILITY
T1232,abled,I-DISABILITY
T1233,Main,O
T1233,West,B-STATE
T1233,Bengal,I-STATE
T1233,se,O
T1233,ek,O
T1233,mazdoor,B-OCCUPATION
T1233,hu,O
T1233,meri,O
T1233,umar,O
T1233,25,B-AGE
T1233,saal,O
T1233,hai,O
T1233,aur,O
T1233,saalana,O
T1233,kamai,O
T1233,200000,B-ANNUAL_INCOME
T1233,rupe,O
T1233,hai,O
T1234,Main,O
T1234,Rajasthan,B-STATE
T1234,se,O
T1234,ek,O
T1234,chhatra,B-OCCUPATION
T1234,hu,O
T1234,meri,O
T1234,umar,O
T1234,19,B-AGE
T1234,saal,O
T1234,hai,O
T1234,aur,O
T1234,saalana,O
T1234,kamai,O
T1234,600000,B-ANNUAL_INCOME
T1234,rupe,O
T1234,hai,O
T1235,Namaste,O
T1235,main,O
T1235,47,B-AGE
T1235,varsh,O
T1235,ka,O
T1235,student,B-OCCUPATION
T1235,hu,O
T1235,Uttar,B-STATE
T1235,Pradesh,I-STATE
T1235,se,O
T1235,Meri,O
T1235,income,O
T1235,600000,B-ANNUAL_INCOME
T1235,rupaye,O
T1235,hai,O
T1235,aur,O
T1235,main,O
T1235,ST,B-CASTE_CATEGORY
T1235,varg,O
T1235,se,O
T1235,hoon,O
T1235,Main,O
T1235,divyang,B-DISABILITY
T1235,hu,O
T1236,I,O
T1236,belong,O
T1236,to,O
T1236,OBC,B-CASTE_CATEGORY
T1236,category,O
T1236,from,O
T1236,Rajasthan,B-STATE
T1236,Age,O
T1236,is,O
T1236,20,B-AGE
T1236,profession,O
T1236,is,O
T1236,weaver,B-OCCUPATION
T1236,income,O
T1236,around,O
T1236,0,B-ANNUAL_INCOME
T1237,Main,O
T1237,Karnataka,B-STATE
T1237,se,O
T1237,ek,O
T1237,farmer,B-OCCUPATION
T1237,hu,O
T1237,meri,O
T1237,umar,O
T1237,45,B-AGE
T1237,saal,O
T1237,hai,O
T1237,aur,O
T1237,saalana,O
T1237,kamai,O
T1237,45000,B-ANNUAL_INCOME
T1237,rupe,O
T1237,hai,O
T1238,Namaste,O
T1238,main,O
T1238,64,B-AGE
T1238,varsh,O
T1238,ka,O
T1238,daily,B-OCCUPATION
T1238,wage,I-OCCUPATION
T1238,worker,I-OCCUPATION
T1238,hu,O
T1238,West,B-STATE
T1238,Bengal,I-STATE
T1238,se,O
T1238,Meri,O
T1238,income,O
T1238,45000,B-ANNUAL_INCOME
T1238,rupaye,O
T1238,hai,O
T1238,aur,O
T1238,main,O
T1238,OBC,B-CASTE_CATEGORY
T1238,varg,O
T1238,se,O
T1238,hoon,O
T1238,Main,O
T1238,divyang,B-DISABILITY
T1238,hu,O
T1239,Namaste,O
T1239,main,O
T1239,39,B-AGE
T1239,varsh,O
T1239,ka,O
T1239,student,B-OCCUPATION
T1239,hu,O
T1239,West,B-STATE
T1239,Bengal,I-STATE
T1239,se,O
T1239,Meri,O
T1239,income,O
T1239,350000,B-ANNUAL_INCOME
T1239,rupaye,O
T1239,hai,O
T1239,aur,O
T1239,main,O
T1239,ST,B-CASTE_CATEGORY
T1239,varg,O
T1239,se,O
T1239,hoon,O
T1239,Main,O
T1239,divyang,B-DISABILITY
T1239,hu,O
T1240,Mera,O
T1240,naam,O
T1240,Ramesh,O
T1240,hai,O
T1240,main,O
T1240,Madhya,B-STATE
T1240,Pradesh,I-STATE
T1240,ka,O
T1240,rehne,O
T1240,wala,O
T1240,hu,O
T1240,Main,O
T1240,General,B-CASTE_CATEGORY
T1240,category,O
T1240,se,O
T1240,ek,O
T1240,mahila,B-GENDER
T1240,hu,O
T1240,aur,O
T1240,farmer,B-OCCUPATION
T1240,hu,O
T1240,Aamdani,O
T1240,0,B-ANNUAL_INCOME
T1240,per,O
T1240,year,O
T1240,hai,O
T1241,Mera,O
T1241,naam,O
T1241,Ramesh,O
T1241,hai,O
T1241,main,O
T1241,Tamil,B-STATE
T1241,Nadu,I-STATE
T1241,ka,O
T1241,rehne,O
T1241,wala,O
T1241,hu,O
T1241,Main,O
T1241,OBC,B-CASTE_CATEGORY
T1241,category,O
T1241,se,O
T1241,ek,O
T1241,mahila,B-GENDER
T1241,hu,O
T1241,aur,O
T1241,chhatra,B-OCCUPATION
T1241,hu,O
T1241,Aamdani,O
T1241,45000,B-ANNUAL_INCOME
T1241,per,O
T1241,year,O
T1241,hai,O
T1242,Hi,O
T1242,I,O
T1242,am,O
T1242,33,B-AGE
T1242,years,O
T1242,old,O
T1242,student,O
T1242,from,O
T1242,Karnataka,B-STATE
T1242,My,O
T1242,family,O
T1242,income,O
T1242,is,O
T1242,600000,B-ANNUAL_INCOME
T1242,and,O
T1242,I,O
T1242,am,O
T1242,differently,B-DISABILITY
T1242,abled,I-DISABILITY
T1243,Hi,O
T1243,I,O
T1243,am,O
T1243,23,B-AGE
T1243,years,O
T1243,old,O
T1243,student,O
T1243,from,O
T1243,Tamil,B-STATE
T1243,Nadu,I-STATE
T1243,My,O
T1243,family,O
T1243,income,O
T1243,is,O
T1243,600000,B-ANNUAL_INCOME
T1243,and,O
T1243,I,O
T1243,am,O
T1243,differently,B-DISABILITY
T1243,abled,I-DISABILITY
T1244,Namaste,O
T1244,main,O
T1244,27,B-AGE
T1244,varsh,O
T1244,ka,O
T1244,labour,B-OCCUPATION
T1244,hu,O
T1244,Tamil,B-STATE
T1244,Nadu,I-STATE
T1244,se,O
T1244,Meri,O
T1244,income,O
T1244,0,B-ANNUAL_INCOME
T1244,rupaye,O
T1244,hai,O
T1244,aur,O
T1244,main,O
T1244,SC,B-CASTE_CATEGORY
T1244,varg,O
T1244,se,O
T1244,hoon,O
T1244,Main,O
T1244,divyang,B-DISABILITY
T1244,hu,O
T1245,Namaste,O
T1245,main,O
T1245,64,B-AGE
T1245,varsh,O
T1245,ka,O
T1245,labour,B-OCCUPATION
T1245,hu,O
T1245,Rajasthan,B-STATE
T1245,se,O
T1245,Meri,O
T1245,income,O
T1245,200000,B-ANNUAL_INCOME
T1245,rupaye,O
T1245,hai,O
T1245,aur,O
T1245,main,O
T1245,General,B-CASTE_CATEGORY
T1245,varg,O
T1245,se,O
T1245,hoon,O
T1245,Main,O
T1245,divyang,B-DISABILITY
T1245,hu,O
T1246,I,O
T1246,am,O
T1246,a,O
T1246,40,B-AGE
T1246,year,O
T1246,old,O
T1246,male,B-GENDER
T1246,student,B-OCCUPATION
T1246,living,O
T1246,in,O
T1246,Rajasthan,B-STATE
T1246,My,O
T1246,annual,O
T1246,household,O
T1246,income,O
T1246,is,O
T1246,200000,B-ANNUAL_INCOME
T1246,rupees,O
T1247,Mera,O
T1247,naam,O
T1247,Ramesh,O
T1247,hai,O
T1247,main,O
T1247,Madhya,B-STATE
T1247,Pradesh,I-STATE
T1247,ka,O
T1247,rehne,O
T1247,wala,O
T1247,hu,O
T1247,Main,O
T1247,ST,B-CASTE_CATEGORY
T1247,category,O
T1247,se,O
T1247,ek,O
T1247,purush,B-GENDER
T1247,hu,O
T1247,aur,O
T1247,daily,B-OCCUPATION
T1247,wage,I-OCCUPATION
T1247,worker,I-OCCUPATION
T1247,hu,O
T1247,Aamdani,O
T1247,350000,B-ANNUAL_INCOME
T1247,per,O
T1247,year,O
T1247,hai,O
T1248,Mera,O
T1248,naam,O
T1248,Ramesh,O
T1248,hai,O
T1248,main,O
T1248,Karnataka,B-STATE
T1248,ka,O
T1248,rehne,O
T1248,wala,O
T1248,hu,O
T1248,Main,O
T1248,SC,B-CASTE_CATEGORY
T1248,category,O
T1248,se,O
T1248,ek,O
T1248,purush,B-GENDER
T1248,hu,O
T1248,aur,O
T1248,bunkar,B-OCCUPATION
T1248,hu,O
T1248,Aamdani,O
T1248,200000,B-ANNUAL_INCOME
T1248,per,O
T1248,year,O
T1248,hai,O
T1249,Mera,O
T1249,naam,O
T1249,Ramesh,O
T1249,hai,O
T1249,main,O
T1249,Karnataka,B-STATE
T1249,ka,O
T1249,rehne,O
T1249,wala,O
T1249,hu,O
T1249,Main,O
T1249,General,B-CASTE_CATEGORY
T1249,category,O
T1249,se,O
T1249,ek,O
T1249,mahila,B-GENDER
T1249,hu,O
T1249,aur,O
T1249,artisan,B-OCCUPATION
T1249,hu,O
T1249,Aamdani,O
T1249,45000,B-ANNUAL_INCOME
T1249,per,O
T1249,year,O
T1249,hai,O
T1250,I,O
T1250,am,O
T1250,a,O
T1250,47,B-AGE
T1250,year,O
T1250,old,O
T1250,female,B-GENDER
T1250,chhatra,B-OCCUPATION
T1250,living,O
T1250,in,O
T1250,West,B-STATE
T1250,Bengal,I-STATE
T1250,My,O
T1250,annual,O
T1250,household,O
T1250,income,O
T1250,is,O
T1250,600000,B-ANNUAL_INCOME
T1250,rupees,O
T1251,I,O
T1251,am,O
T1251,a,O
T1251,21,B-AGE
T1251,year,O
T1251,old,O
T1251,female,B-GENDER
T1251,rehri,B-OCCUPATION
T1251,wala,I-OCCUPATION
T1251,living,O
T1251,in,O
T1251,Maharashtra,B-STATE
T1251,My,O
T1251,annual,O
T1251,household,O
T1251,income,O
T1251,is,O
T1251,200000,B-ANNUAL_INCOME
T1251,rupees,O
T1252,Hi,O
T1252,I,O
T1252,am,O
T1252,56,B-AGE
T1252,years,O
T1252,old,O
T1252,student,O
T1252,from,O
T1252,Bihar,B-STATE
T1252,My,O
T1252,family,O
T1252,income,O
T1252,is,O
T1252,120000,B-ANNUAL_INCOME
T1252,and,O
T1252,I,O
T1252,am,O
T1252,differently,B-DISABILITY
T1252,abled,I-DISABILITY
T1253,I,O
T1253,am,O
T1253,a,O
T1253,62,B-AGE
T1253,year,O
T1253,old,O
T1253,male,B-GENDER
T1253,street,B-OCCUPATION
T1253,vendor,I-OCCUPATION
T1253,living,O
T1253,in,O
T1253,West,B-STATE
T1253,Bengal,I-STATE
T1253,My,O
T1253,annual,O
T1253,household,O
T1253,income,O
T1253,is,O
T1253,350000,B-ANNUAL_INCOME
T1253,rupees,O
T1254,Namaste,O
T1254,main,O
T1254,53,B-AGE
T1254,varsh,O
T1254,ka,O
T1254,kisan,B-OCCUPATION
T1254,hu,O
T1254,Bihar,B-STATE
T1254,se,O
T1254,Meri,O
T1254,income,O
T1254,80000,B-ANNUAL_INCOME
T1254,rupaye,O
T1254,hai,O
T1254,aur,O
T1254,main,O
T1254,ST,B-CASTE_CATEGORY
T1254,varg,O
T1254,se,O
T1254,hoon,O
T1254,Main,O
T1254,divyang,B-DISABILITY
T1254,hu,O
T1255,I,O
T1255,am,O
T1255,a,O
T1255,53,B-AGE
T1255,year,O
T1255,old,O
T1255,male,B-GENDER
T1255,daily,B-OCCUPATION
T1255,wage,I-OCCUPATION
T1255,worker,I-OCCUPATION
T1255,living,O
T1255,in,O
T1255,Bihar,B-STATE
T1255,My,O
T1255,annual,O
T1255,household,O
T1255,income,O
T1255,is,O
T1255,350000,B-ANNUAL_INCOME
T1255,rupees,O
T1256,Main,O
T1256,Maharashtra,B-STATE
T1256,se,O
T1256,ek,O
T1256,daily,B-OCCUPATION
T1256,wage,I-OCCUPATION
T1256,worker,I-OCCUPATION
T1256,hu,O
T1256,meri,O
T1256,umar,O
T1256,25,B-AGE
T1256,saal,O
T1256,hai,O
T1256,aur,O
T1256,saalana,O
T1256,kamai,O
T1256,80000,B-ANNUAL_INCOME
T1256,rupe,O
T1256,hai,O
T1257,Main,O
T1257,Tamil,B-STATE
T1257,Nadu,I-STATE
T1257,se,O
T1257,ek,O
T1257,bunkar,B-OCCUPATION
T1257,hu,O
T1257,meri,O
T1257,umar,O
T1257,40,B-AGE
T1257,saal,O
T1257,hai,O
T1257,aur,O
T1257,saalana,O
T1257,kamai,O
T1257,200000,B-ANNUAL_INCOME
T1257,rupe,O
T1257,hai,O
T1258,I,O
T1258,belong,O
T1258,to,O
T1258,SC,B-CASTE_CATEGORY
T1258,category,O
T1258,from,O
T1258,Uttar,B-STATE
T1258,Pradesh,I-STATE
T1258,Age,O
T1258,is,O
T1258,20,B-AGE
T1258,profession,O
T1258,is,O
T1258,student,B-OCCUPATION
T1258,income,O
T1258,around,O
T1258,45000,B-ANNUAL_INCOME
T1259,Namaste,O
T1259,main,O
T1259,26,B-AGE
T1259,varsh,O
T1259,ka,O
T1259,rehri,B-OCCUPATION
T1259,wala,I-OCCUPATION
T1259,hu,O
T1259,Tamil,B-STATE
T1259,Nadu,I-STATE
T1259,se,O
T1259,Meri,O
T1259,income,O
T1259,350000,B-ANNUAL_INCOME
T1259,rupaye,O
T1259,hai,O
T1259,aur,O
T1259,main,O
T1259,OBC,B-CASTE_CATEGORY
T1259,varg,O
T1259,se,O
T1259,hoon,O
T1259,Main,O
T1259,divyang,B-DISABILITY
T1259,hu,O
T1260,I,O
T1260,am,O
T1260,a,O
T1260,25,B-AGE
T1260,year,O
T1260,old,O
T1260,female,B-GENDER
T1260,labour,B-OCCUPATION
T1260,living,O
T1260,in,O
T1260,Madhya,B-STATE
T1260,Pradesh,I-STATE
T1260,My,O
T1260,annual,O
T1260,household,O
T1260,income,O
T1260,is,O
T1260,350000,B-ANNUAL_INCOME
T1260,rupees,O
T1261,Hi,O
T1261,I,O
T1261,am,O
T1261,55,B-AGE
T1261,years,O
T1261,old,O
T1261,student,O
T1261,from,O
T1261,Madhya,B-STATE
T1261,Pradesh,I-STATE
T1261,My,O
T1261,family,O
T1261,income,O
T1261,is,O
T1261,45000,B-ANNUAL_INCOME
T1261,and,O
T1261,I,O
T1261,am,O
T1261,differently,B-DISABILITY
T1261,abled,I-DISABILITY
T1262,Namaste,O
T1262,main,O
T1262,45,B-AGE
T1262,varsh,O
T1262,ka,O
T1262,street,B-OCCUPATION
T1262,vendor,I-OCCUPATION
T1262,hu,O
T1262,Maharashtra,B-STATE
T1262,se,O
T1262,Meri,O
T1262,income,O
T1262,0,B-ANNUAL_INCOME
T1262,rupaye,O
T1262,hai,O
T1262,aur,O
T1262,main,O
T1262,ST,B-CASTE_CATEGORY
T1262,varg,O
T1262,se,O
T1262,hoon,O
T1262,Main,O
T1262,divyang,B-DISABILITY
T1262,hu,O
T1263,Hi,O
T1263,I,O
T1263,am,O
T1263,36,B-AGE
T1263,years,O
T1263,old,O
T1263,student,O
T1263,from,O
T1263,Rajasthan,B-STATE
T1263,My,O
T1263,family,O
T1263,income,O
T1263,is,O
T1263,45000,B-ANNUAL_INCOME
T1263,and,O
T1263,I,O
T1263,am,O
T1263,differently,B-DISABILITY
T1263,abled,I-DISABILITY
T1264,Namaste,O
T1264,main,O
T1264,40,B-AGE
T1264,varsh,O
T1264,ka,O
T1264,berojgar,B-OCCUPATION
T1264,hu,O
T1264,Karnataka,B-STATE
T1264,se,O
T1264,Meri,O
T1264,income,O
T1264,45000,B-ANNUAL_INCOME
T1264,rupaye,O
T1264,hai,O
T1264,aur,O
T1264,main,O
T1264,ST,B-CASTE_CATEGORY
T1264,varg,O
T1264,se,O
T1264,hoon,O
T1264,Main,O
T1264,divyang,B-DISABILITY
T1264,hu,O
T1265,Mera,O
T1265,naam,O
T1265,Ramesh,O
T1265,hai,O
T1265,main,O
T1265,West,B-STATE
T1265,Bengal,I-STATE
T1265,ka,O
T1265,rehne,O
T1265,wala,O
T1265,hu,O
T1265,Main,O
T1265,General,B-CASTE_CATEGORY
T1265,category,O
T1265,se,O
T1265,ek,O
T1265,mahila,B-GENDER
T1265,hu,O
T1265,aur,O
T1265,labour,B-OCCUPATION
T1265,hu,O
T1265,Aamdani,O
T1265,0,B-ANNUAL_INCOME
T1265,per,O
T1265,year,O
T1265,hai,O
T1266,Namaste,O
T1266,main,O
T1266,51,B-AGE
T1266,varsh,O
T1266,ka,O
T1266,unemployed,B-OCCUPATION
T1266,hu,O
T1266,Karnataka,B-STATE
T1266,se,O
T1266,Meri,O
T1266,income,O
T1266,600000,B-ANNUAL_INCOME
T1266,rupaye,O
T1266,hai,O
T1266,aur,O
T1266,main,O
T1266,SC,B-CASTE_CATEGORY
T1266,varg,O
T1266,se,O
T1266,hoon,O
T1266,Main,O
T1266,divyang,B-DISABILITY
T1266,hu,O
T1267,I,O
T1267,belong,O
T1267,to,O
T1267,General,B-CASTE_CATEGORY
T1267,category,O
T1267,from,O
T1267,Rajasthan,B-STATE
T1267,Age,O
T1267,is,O
T1267,61,B-AGE
T1267,profession,O
T1267,is,O
T1267,kisan,B-OCCUPATION
T1267,income,O
T1267,around,O
T1267,120000,B-ANNUAL_INCOME
T1268,Mera,O
T1268,naam,O
T1268,Ramesh,O
T1268,hai,O
T1268,main,O
T1268,Bihar,B-STATE
T1268,ka,O
T1268,rehne,O
T1268,wala,O
T1268,hu,O
T1268,Main,O
T1268,SC,B-CASTE_CATEGORY
T1268,category,O
T1268,se,O
T1268,ek,O
T1268,purush,B-GENDER
T1268,hu,O
T1268,aur,O
T1268,daily,B-OCCUPATION
T1268,wage,I-OCCUPATION
T1268,worker,I-OCCUPATION
T1268,hu,O
T1268,Aamdani,O
T1268,350000,B-ANNUAL_INCOME
T1268,per,O
T1268,year,O
T1268,hai,O
T1269,Mera,O
T1269,naam,O
T1269,Ramesh,O
T1269,hai,O
T1269,main,O
T1269,Madhya,B-STATE
T1269,Pradesh,I-STATE
T1269,ka,O
T1269,rehne,O
T1269,wala,O
T1269,hu,O
T1269,Main,O
T1269,General,B-CASTE_CATEGORY
T1269,category,O
T1269,se,O
T1269,ek,O
T1269,mahila,B-GENDER
T1269,hu,O
T1269,aur,O
T1269,farmer,B-OCCUPATION
T1269,hu,O
T1269,Aamdani,O
T1269,0,B-ANNUAL_INCOME
T1269,per,O
T1269,year,O
T1269,hai,O
T1270,Hi,O
T1270,I,O
T1270,am,O
T1270,38,B-AGE
T1270,years,O
T1270,old,O
T1270,student,O
T1270,from,O
T1270,Maharashtra,B-STATE
T1270,My,O
T1270,family,O
T1270,income,O
T1270,is,O
T1270,0,B-ANNUAL_INCOME
T1270,and,O
T1270,I,O
T1270,am,O
T1270,differently,B-DISABILITY
T1270,abled,I-DISABILITY
T1271,Main,O
T1271,Tamil,B-STATE
T1271,Nadu,I-STATE
T1271,se,O
T1271,ek,O
T1271,chhatra,B-OCCUPATION
T1271,hu,O
T1271,meri,O
T1271,umar,O
T1271,24,B-AGE
T1271,saal,O
T1271,hai,O
T1271,aur,O
T1271,saalana,O
T1271,kamai,O
T1271,200000,B-ANNUAL_INCOME
T1271,rupe,O
T1271,hai,O
T1272,Hi,O
T1272,I,O
T1272,am,O
T1272,57,B-AGE
T1272,years,O
T1272,old,O
T1272,student,O
T1272,from,O
T1272,Rajasthan,B-STATE
T1272,My,O
T1272,family,O
T1272,income,O
T1272,is,O
T1272,45000,B-ANNUAL_INCOME
T1272,and,O
T1272,I,O
T1272,am,O
T1272,differently,B-DISABILITY
T1272,abled,I-DISABILITY
T1273,Namaste,O
T1273,main,O
T1273,28,B-AGE
T1273,varsh,O
T1273,ka,O
T1273,chhatra,B-OCCUPATION
T1273,hu,O
T1273,West,B-STATE
T1273,Bengal,I-STATE
T1273,se,O
T1273,Meri,O
T1273,income,O
T1273,350000,B-ANNUAL_INCOME
T1273,rupaye,O
T1273,hai,O
T1273,aur,O
T1273,main,O
T1273,General,B-CASTE_CATEGORY
T1273,varg,O
T1273,se,O
T1273,hoon,O
T1273,Main,O
T1273,divyang,B-DISABILITY
T1273,hu,O
T1274,Namaste,O
T1274,main,O
T1274,51,B-AGE
T1274,varsh,O
T1274,ka,O
T1274,bunkar,B-OCCUPATION
T1274,hu,O
T1274,Rajasthan,B-STATE
T1274,se,O
T1274,Meri,O
T1274,income,O
T1274,0,B-ANNUAL_INCOME
T1274,rupaye,O
T1274,hai,O
T1274,aur,O
T1274,main,O
T1274,General,B-CASTE_CATEGORY
T1274,varg,O
T1274,se,O
T1274,hoon,O
T1274,Main,O
T1274,divyang,B-DISABILITY
T1274,hu,O
T1275,Namaste,O
T1275,main,O
T1275,60,B-AGE
T1275,varsh,O
T1275,ka,O
T1275,labour,B-OCCUPATION
T1275,hu,O
T1275,Tamil,B-STATE
T1275,Nadu,I-STATE
T1275,se,O
T1275,Meri,O
T1275,income,O
T1275,350000,B-ANNUAL_INCOME
T1275,rupaye,O
T1275,hai,O
T1275,aur,O
T1275,main,O
T1275,General,B-CASTE_CATEGORY
T1275,varg,O
T1275,se,O
T1275,hoon,O
T1275,Main,O
T1275,divyang,B-DISABILITY
T1275,hu,O
T1276,I,O
T1276,am,O
T1276,a,O
T1276,31,B-AGE
T1276,year,O
T1276,old,O
T1276,male,B-GENDER
T1276,kisan,B-OCCUPATION
T1276,living,O
T1276,in,O
T1276,Madhya,B-STATE
T1276,Pradesh,I-STATE
T1276,My,O
T1276,annual,O
T1276,household,O
T1276,income,O
T1276,is,O
T1276,600000,B-ANNUAL_INCOME
T1276,rupees,O
T1277,Main,O
T1277,Tamil,B-STATE
T1277,Nadu,I-STATE
T1277,se,O
T1277,ek,O
T1277,berojgar,B-OCCUPATION
T1277,hu,O
T1277,meri,O
T1277,umar,O
T1277,21,B-AGE
T1277,saal,O
T1277,hai,O
T1277,aur,O
T1277,saalana,O
T1277,kamai,O
T1277,45000,B-ANNUAL_INCOME
T1277,rupe,O
T1277,hai,O
T1278,Main,O
T1278,West,B-STATE
T1278,Bengal,I-STATE
T1278,se,O
T1278,ek,O
T1278,rehri,B-OCCUPATION
T1278,wala,I-OCCUPATION
T1278,hu,O
T1278,meri,O
T1278,umar,O
T1278,30,B-AGE
T1278,saal,O
T1278,hai,O
T1278,aur,O
T1278,saalana,O
T1278,kamai,O
T1278,120000,B-ANNUAL_INCOME
T1278,rupe,O
T1278,hai,O
T1279,Mera,O
T1279,naam,O
T1279,Ramesh,O
T1279,hai,O
T1279,main,O
T1279,Uttar,B-STATE
T1279,Pradesh,I-STATE
T1279,ka,O
T1279,rehne,O
T1279,wala,O
T1279,hu,O
T1279,Main,O
T1279,ST,B-CASTE_CATEGORY
T1279,category,O
T1279,se,O
T1279,ek,O
T1279,purush,B-GENDER
T1279,hu,O
T1279,aur,O
T1279,kisan,B-OCCUPATION
T1279,hu,O
T1279,Aamdani,O
T1279,80000,B-ANNUAL_INCOME
T1279,per,O
T1279,year,O
T1279,hai,O
T1280,I,O
T1280,belong,O
T1280,to,O
T1280,SC,B-CASTE_CATEGORY
T1280,category,O
T1280,from,O
T1280,Maharashtra,B-STATE
T1280,Age,O
T1280,is,O
T1280,28,B-AGE
T1280,profession,O
T1280,is,O
T1280,bunkar,B-OCCUPATION
T1280,income,O
T1280,around,O
T1280,350000,B-ANNUAL_INCOME
T1281,Main,O
T1281,Madhya,B-STATE
T1281,Pradesh,I-STATE
T1281,se,O
T1281,ek,O
T1281,unemployed,B-OCCUPATION
T1281,hu,O
T1281,meri,O
T1281,umar,O
T1281,34,B-AGE
T1281,saal,O
T1281,hai,O
T1281,aur,O
T1281,saalana,O
T1281,kamai,O
T1281,200000,B-ANNUAL_INCOME
T1281,rupe,O
T1281,hai,O
T1282,I,O
T1282,belong,O
T1282,to,O
T1282,OBC,B-CASTE_CATEGORY
T1282,category,O
T1282,from,O
T1282,Uttar,B-STATE
T1282,Pradesh,I-STATE
T1282,Age,O
T1282,is,O
T1282,19,B-AGE
T1282,profession,O
T1282,is,O
T1282,bunkar,B-OCCUPATION
T1282,income,O
T1282,around,O
T1282,80000,B-ANNUAL_INCOME
T1283,I,O
T1283,am,O
T1283,a,O
T1283,28,B-AGE
T1283,year,O
T1283,old,O
T1283,female,B-GENDER
T1283,farmer,B-OCCUPATION
T1283,living,O
T1283,in,O
T1283,Tamil,B-STATE
T1283,Nadu,I-STATE
T1283,My,O
T1283,annual,O
T1283,household,O
T1283,income,O
T1283,is,O
T1283,600000,B-ANNUAL_INCOME
T1283,rupees,O
T1284,I,O
T1284,belong,O
T1284,to,O
T1284,SC,B-CASTE_CATEGORY
T1284,category,O
T1284,from,O
T1284,Madhya,B-STATE
T1284,Pradesh,I-STATE
T1284,Age,O
T1284,is,O
T1284,62,B-AGE
T1284,profession,O
T1284,is,O
T1284,chhatra,B-OCCUPATION
T1284,income,O
T1284,around,O
T1284,120000,B-ANNUAL_INCOME
T1285,Namaste,O
T1285,main,O
T1285,22,B-AGE
T1285,varsh,O
T1285,ka,O
T1285,chhatra,B-OCCUPATION
T1285,hu,O
T1285,Maharashtra,B-STATE
T1285,se,O
T1285,Meri,O
T1285,income,O
T1285,120000,B-ANNUAL_INCOME
T1285,rupaye,O
T1285,hai,O
T1285,aur,O
T1285,main,O
T1285,General,B-CASTE_CATEGORY
T1285,varg,O
T1285,se,O
T1285,hoon,O
T1285,Main,O
T1285,divyang,B-DISABILITY
T1285,hu,O
T1286,Hi,O
T1286,I,O
T1286,am,O
T1286,60,B-AGE
T1286,years,O
T1286,old,O
T1286,student,O
T1286,from,O
T1286,Madhya,B-STATE
T1286,Pradesh,I-STATE
T1286,My,O
T1286,family,O
T1286,income,O
T1286,is,O
T1286,0,B-ANNUAL_INCOME
T1286,and,O
T1286,I,O
T1286,am,O
T1286,differently,B-DISABILITY
T1286,abled,I-DISABILITY
T1287,I,O
T1287,belong,O
T1287,to,O
T1287,General,B-CASTE_CATEGORY
T1287,category,O
T1287,from,O
T1287,West,B-STATE
T1287,Bengal,I-STATE
T1287,Age,O
T1287,is,O
T1287,51,B-AGE
T1287,profession,O
T1287,is,O
T1287,unemployed,B-OCCUPATION
T1287,income,O
T1287,around,O
T1287,350000,B-ANNUAL_INCOME
T1288,Main,O
T1288,Bihar,B-STATE
T1288,se,O
T1288,ek,O
T1288,berojgar,B-OCCUPATION
T1288,hu,O
T1288,meri,O
T1288,umar,O
T1288,26,B-AGE
T1288,saal,O
T1288,hai,O
T1288,aur,O
T1288,saalana,O
T1288,kamai,O
T1288,45000,B-ANNUAL_INCOME
T1288,rupe,O
T1288,hai,O
T1289,I,O
T1289,am,O
T1289,a,O
T1289,19,B-AGE
T1289,year,O
T1289,old,O
T1289,male,B-GENDER
T1289,berojgar,B-OCCUPATION
T1289,living,O
T1289,in,O
T1289,Karnataka,B-STATE
T1289,My,O
T1289,annual,O
T1289,household,O
T1289,income,O
T1289,is,O
T1289,45000,B-ANNUAL_INCOME
T1289,rupees,O
T1290,I,O
T1290,belong,O
T1290,to,O
T1290,ST,B-CASTE_CATEGORY
T1290,category,O
T1290,from,O
T1290,West,B-STATE
T1290,Bengal,I-STATE
T1290,Age,O
T1290,is,O
T1290,62,B-AGE
T1290,profession,O
T1290,is,O
T1290,bunkar,B-OCCUPATION
T1290,income,O
T1290,around,O
T1290,45000,B-ANNUAL_INCOME
T1291,Main,O
T1291,Madhya,B-STATE
T1291,Pradesh,I-STATE
T1291,se,O
T1291,ek,O
T1291,farmer,B-OCCUPATION
T1291,hu,O
T1291,meri,O
T1291,umar,O
T1291,58,B-AGE
T1291,saal,O
T1291,hai,O
T1291,aur,O
T1291,saalana,O
T1291,kamai,O
T1291,600000,B-ANNUAL_INCOME
T1291,rupe,O
T1291,hai,O
T1292,I,O
T1292,belong,O
T1292,to,O
T1292,OBC,B-CASTE_CATEGORY
T1292,category,O
T1292,from,O
T1292,Madhya,B-STATE
T1292,Pradesh,I-STATE
T1292,Age,O
T1292,is,O
T1292,32,B-AGE
T1292,profession,O
T1292,is,O
T1292,student,B-OCCUPATION
T1292,income,O
T1292,around,O
T1292,45000,B-ANNUAL_INCOME
T1293,Hi,O
T1293,I,O
T1293,am,O
T1293,36,B-AGE
T1293,years,O
T1293,old,O
T1293,student,O
T1293,from,O
T1293,Maharashtra,B-STATE
T1293,My,O
T1293,family,O
T1293,income,O
T1293,is,O
T1293,350000,B-ANNUAL_INCOME
T1293,and,O
T1293,I,O
T1293,am,O
T1293,differently,B-DISABILITY
T1293,abled,I-DISABILITY
T1294,Hi,O
T1294,I,O
T1294,am,O
T1294,64,B-AGE
T1294,years,O
T1294,old,O
T1294,student,O
T1294,from,O
T1294,Karnataka,B-STATE
T1294,My,O
T1294,family,O
T1294,income,O
T1294,is,O
T1294,80000,B-ANNUAL_INCOME
T1294,and,O
T1294,I,O
T1294,am,O
T1294,differently,B-DISABILITY
T1294,abled,I-DISABILITY
T1295,Namaste,O
T1295,main,O
T1295,48,B-AGE
T1295,varsh,O
T1295,ka,O
T1295,rehri,B-OCCUPATION
T1295,wala,I-OCCUPATION
T1295,hu,O
T1295,Uttar,B-STATE
T1295,Pradesh,I-STATE
T1295,se,O
T1295,Meri,O
T1295,income,O
T1295,200000,B-ANNUAL_INCOME
T1295,rupaye,O
T1295,hai,O
T1295,aur,O
T1295,main,O
T1295,ST,B-CASTE_CATEGORY
T1295,varg,O
T1295,se,O
T1295,hoon,O
T1295,Main,O
T1295,divyang,B-DISABILITY
T1295,hu,O
T1296,Hi,O
T1296,I,O
T1296,am,O
T1296,47,B-AGE
T1296,years,O
T1296,old,O
T1296,student,O
T1296,from,O
T1296,Maharashtra,B-STATE
T1296,My,O
T1296,family,O
T1296,income,O
T1296,is,O
T1296,120000,B-ANNUAL_INCOME
T1296,and,O
T1296,I,O
T1296,am,O
T1296,differently,B-DISABILITY
T1296,abled,I-DISABILITY
T1297,Mera,O
T1297,naam,O
T1297,Ramesh,O
T1297,hai,O
T1297,main,O
T1297,Uttar,B-STATE
T1297,Pradesh,I-STATE
T1297,ka,O
T1297,rehne,O
T1297,wala,O
T1297,hu,O
T1297,Main,O
T1297,OBC,B-CASTE_CATEGORY
T1297,category,O
T1297,se,O
T1297,ek,O
T1297,mahila,B-GENDER
T1297,hu,O
T1297,aur,O
T1297,artisan,B-OCCUPATION
T1297,hu,O
T1297,Aamdani,O
T1297,0,B-ANNUAL_INCOME
T1297,per,O
T1297,year,O
T1297,hai,O
T1298,Mera,O
T1298,naam,O
T1298,Ramesh,O
T1298,hai,O
T1298,main,O
T1298,West,B-STATE
T1298,Bengal,I-STATE
T1298,ka,O
T1298,rehne,O
T1298,wala,O
T1298,hu,O
T1298,Main,O
T1298,OBC,B-CASTE_CATEGORY
T1298,category,O
T1298,se,O
T1298,ek,O
T1298,purush,B-GENDER
T1298,hu,O
T1298,aur,O
T1298,daily,B-OCCUPATION
T1298,wage,I-OCCUPATION
T1298,worker,I-OCCUPATION
T1298,hu,O
T1298,Aamdani,O
T1298,120000,B-ANNUAL_INCOME
T1298,per,O
T1298,year,O
T1298,hai,O
T1299,Main,O
T1299,Karnataka,B-STATE
T1299,se,O
T1299,ek,O
T1299,daily,B-OCCUPATION
T1299,wage,I-OCCUPATION
T1299,worker,I-OCCUPATION
T1299,hu,O
T1299,meri,O
T1299,umar,O
T1299,38,B-AGE
T1299,saal,O
T1299,hai,O
T1299,aur,O
T1299,saalana,O
T1299,kamai,O
T1299,120000,B-ANNUAL_INCOME
T1299,rupe,O
T1299,hai,O
T1300,Mera,O
T1300,naam,O
T1300,Ramesh,O
T1300,hai,O
T1300,main,O
T1300,Maharashtra,B-STATE
T1300,ka,O
T1300,rehne,O
T1300,wala,O
T1300,hu,O
T1300,Main,O
T1300,OBC,B-CASTE_CATEGORY
T1300,category,O
T1300,se,O
T1300,ek,O
T1300,purush,B-GENDER
T1300,hu,O
T1300,aur,O
T1300,chhatra,B-OCCUPATION
T1300,hu,O
T1300,Aamdani,O
T1300,120000,B-ANNUAL_INCOME
T1300,per,O
T1300,year,O
T1300,hai,O
T1301,I,O
T1301,belong,O
T1301,to,O
T1301,ST,B-CASTE_CATEGORY
T1301,category,O
T1301,from,O
T1301,Karnataka,B-STATE
T1301,Age,O
T1301,is,O
T1301,38,B-AGE
T1301,profession,O
T1301,is,O
T1301,artisan,B-OCCUPATION
T1301,income,O
T1301,around,O
T1301,350000,B-ANNUAL_INCOME
T1302,Hi,O
T1302,I,O
T1302,am,O
T1302,63,B-AGE
T1302,years,O
T1302,old,O
T1302,student,B-OCCUPATION
T1302,from,O
T1302,Tamil,B-STATE
T1302,Nadu,I-STATE
T1302,My,O
T1302,family,O
T1302,income,O
T1302,is,O
T1302,600000,B-ANNUAL_INCOME
T1302,and,O
T1302,I,O
T1302,am,O
T1302,differently,B-DISABILITY
T1302,abled,I-DISABILITY
T1303,Mera,O
T1303,naam,O
T1303,Ramesh,O
T1303,hai,O
T1303,main,O
T1303,Tamil,B-STATE
T1303,Nadu,I-STATE
T1303,ka,O
T1303,rehne,O
T1303,wala,O
T1303,hu,O
T1303,Main,O
T1303,General,B-CASTE_CATEGORY
T1303,category,O
T1303,se,O
T1303,ek,O
T1303,mahila,B-GENDER
T1303,hu,O
T1303,aur,O
T1303,artisan,B-OCCUPATION
T1303,hu,O
T1303,Aamdani,O
T1303,0,B-ANNUAL_INCOME
T1303,per,O
T1303,year,O
T1303,hai,O
T1304,I,O
T1304,am,O
T1304,a,O
T1304,62,B-AGE
T1304,year,O
T1304,old,O
T1304,male,B-GENDER
T1304,chhatra,B-OCCUPATION
T1304,living,O
T1304,in,O
T1304,Maharashtra,B-STATE
T1304,My,O
T1304,annual,O
T1304,household,O
T1304,income,O
T1304,is,O
T1304,600000,B-ANNUAL_INCOME
T1304,rupees,O
T1305,I,O
T1305,belong,O
T1305,to,O
T1305,ST,B-CASTE_CATEGORY
T1305,category,O
T1305,from,O
T1305,Bihar,B-STATE
T1305,Age,O
T1305,is,O
T1305,53,B-AGE
T1305,profession,O
T1305,is,O
T1305,weaver,B-OCCUPATION
T1305,income,O
T1305,around,O
T1305,600000,B-ANNUAL_INCOME
T1306,Main,O
T1306,Madhya,B-STATE
T1306,Pradesh,I-STATE
T1306,se,O
T1306,ek,O
T1306,mazdoor,B-OCCUPATION
T1306,hu,O
T1306,meri,O
T1306,umar,O
T1306,32,B-AGE
T1306,saal,O
T1306,hai,O
T1306,aur,O
T1306,saalana,O
T1306,kamai,O
T1306,120000,B-ANNUAL_INCOME
T1306,rupe,O
T1306,hai,O
T1307,Main,O
T1307,Rajasthan,B-STATE
T1307,se,O
T1307,ek,O
T1307,street,B-OCCUPATION
T1307,vendor,I-OCCUPATION
T1307,hu,O
T1307,meri,O
T1307,umar,O
T1307,47,B-AGE
T1307,saal,O
T1307,hai,O
T1307,aur,O
T1307,saalana,O
T1307,kamai,O
T1307,0,B-ANNUAL_INCOME
T1307,rupe,O
T1307,hai,O
T1308,Hi,O
T1308,I,O
T1308,am,O
T1308,33,B-AGE
T1308,years,O
T1308,old,O
T1308,student,O
T1308,from,O
T1308,Madhya,B-STATE
T1308,Pradesh,I-STATE
T1308,My,O
T1308,family,O
T1308,income,O
T1308,is,O
T1308,350000,B-ANNUAL_INCOME
T1308,and,O
T1308,I,O
T1308,am,O
T1308,differently,B-DISABILITY
T1308,abled,I-DISABILITY
T1309,Mera,O
T1309,naam,O
T1309,Ramesh,O
T1309,hai,O
T1309,main,O
T1309,Rajasthan,B-STATE
T1309,ka,O
T1309,rehne,O
T1309,wala,O
T1309,hu,O
T1309,Main,O
T1309,General,B-CASTE_CATEGORY
T1309,category,O
T1309,se,O
T1309,ek,O
T1309,mahila,B-GENDER
T1309,hu,O
T1309,aur,O
T1309,berojgar,B-OCCUPATION
T1309,hu,O
T1309,Aamdani,O
T1309,120000,B-ANNUAL_INCOME
T1309,per,O
T1309,year,O
T1309,hai,O
T1310,Hi,O
T1310,I,O
T1310,am,O
T1310,38,B-AGE
T1310,years,O
T1310,old,O
T1310,student,O
T1310,from,O
T1310,Bihar,B-STATE
T1310,My,O
T1310,family,O
T1310,income,O
T1310,is,O
T1310,45000,B-ANNUAL_INCOME
T1310,and,O
T1310,I,O
T1310,am,O
T1310,differently,B-DISABILITY
T1310,abled,I-DISABILITY
T1311,Namaste,O
T1311,main,O
T1311,61,B-AGE
T1311,varsh,O
T1311,ka,O
T1311,bunkar,B-OCCUPATION
T1311,hu,O
T1311,Uttar,B-STATE
T1311,Pradesh,I-STATE
T1311,se,O
T1311,Meri,O
T1311,income,O
T1311,0,B-ANNUAL_INCOME
T1311,rupaye,O
T1311,hai,O
T1311,aur,O
T1311,main,O
T1311,ST,B-CASTE_CATEGORY
T1311,varg,O
T1311,se,O
T1311,hoon,O
T1311,Main,O
T1311,divyang,B-DISABILITY
T1311,hu,O
T1312,Hi,O
T1312,I,O
T1312,am,O
T1312,57,B-AGE
T1312,years,O
T1312,old,O
T1312,student,B-OCCUPATION
T1312,from,O
T1312,Rajasthan,B-STATE
T1312,My,O
T1312,family,O
T1312,income,O
T1312,is,O
T1312,45000,B-ANNUAL_INCOME
T1312,and,O
T1312,I,O
T1312,am,O
T1312,differently,B-DISABILITY
T1312,abled,I-DISABILITY
T1313,I,O
T1313,belong,O
T1313,to,O
T1313,OBC,B-CASTE_CATEGORY
T1313,category,O
T1313,from,O
T1313,Madhya,B-STATE
T1313,Pradesh,I-STATE
T1313,Age,O
T1313,is,O
T1313,36,B-AGE
T1313,profession,O
T1313,is,O
T1313,student,B-OCCUPATION
T1313,income,O
T1313,around,O
T1313,600000,B-ANNUAL_INCOME
T1314,Hi,O
T1314,I,O
T1314,am,O
T1314,28,B-AGE
T1314,years,O
T1314,old,O
T1314,student,O
T1314,from,O
T1314,Bihar,B-STATE
T1314,My,O
T1314,family,O
T1314,income,O
T1314,is,O
T1314,0,B-ANNUAL_INCOME
T1314,and,O
T1314,I,O
T1314,am,O
T1314,differently,B-DISABILITY
T1314,abled,I-DISABILITY
T1315,Hi,O
T1315,I,O
T1315,am,O
T1315,29,B-AGE
T1315,years,O
T1315,old,O
T1315,student,O
T1315,from,O
T1315,Madhya,B-STATE
T1315,Pradesh,I-STATE
T1315,My,O
T1315,family,O
T1315,income,O
T1315,is,O
T1315,350000,B-ANNUAL_INCOME
T1315,and,O
T1315,I,O
T1315,am,O
T1315,differently,B-DISABILITY
T1315,abled,I-DISABILITY
T1316,Mera,O
T1316,naam,O
T1316,Ramesh,O
T1316,hai,O
T1316,main,O
T1316,Madhya,B-STATE
T1316,Pradesh,I-STATE
T1316,ka,O
T1316,rehne,O
T1316,wala,O
T1316,hu,O
T1316,Main,O
T1316,SC,B-CASTE_CATEGORY
T1316,category,O
T1316,se,O
T1316,ek,O
T1316,purush,B-GENDER
T1316,hu,O
T1316,aur,O
T1316,unemployed,B-OCCUPATION
T1316,hu,O
T1316,Aamdani,O
T1316,600000,B-ANNUAL_INCOME
T1316,per,O
T1316,year,O
T1316,hai,O
T1317,I,O
T1317,belong,O
T1317,to,O
T1317,SC,B-CASTE_CATEGORY
T1317,category,O
T1317,from,O
T1317,Rajasthan,B-STATE
T1317,Age,O
T1317,is,O
T1317,31,B-AGE
T1317,profession,O
T1317,is,O
T1317,unemployed,B-OCCUPATION
T1317,income,O
T1317,around,O
T1317,600000,B-ANNUAL_INCOME
T1318,Hi,O
T1318,I,O
T1318,am,O
T1318,63,B-AGE
T1318,years,O
T1318,old,O
T1318,student,B-OCCUPATION
T1318,from,O
T1318,Karnataka,B-STATE
T1318,My,O
T1318,family,O
T1318,income,O
T1318,is,O
T1318,600000,B-ANNUAL_INCOME
T1318,and,O
T1318,I,O
T1318,am,O
T1318,differently,B-DISABILITY
T1318,abled,I-DISABILITY
T1319,Mera,O
T1319,naam,O
T1319,Ramesh,O
T1319,hai,O
T1319,main,O
T1319,Tamil,B-STATE
T1319,Nadu,I-STATE
T1319,ka,O
T1319,rehne,O
T1319,wala,O
T1319,hu,O
T1319,Main,O
T1319,ST,B-CASTE_CATEGORY
T1319,category,O
T1319,se,O
T1319,ek,O
T1319,purush,B-GENDER
T1319,hu,O
T1319,aur,O
T1319,daily,B-OCCUPATION
T1319,wage,I-OCCUPATION
T1319,worker,I-OCCUPATION
T1319,hu,O
T1319,Aamdani,O
T1319,120000,B-ANNUAL_INCOME
T1319,per,O
T1319,year,O
T1319,hai,O
T1320,I,O
T1320,belong,O
T1320,to,O
T1320,General,B-CASTE_CATEGORY
T1320,category,O
T1320,from,O
T1320,Madhya,B-STATE
T1320,Pradesh,I-STATE
T1320,Age,O
T1320,is,O
T1320,50,B-AGE
T1320,profession,O
T1320,is,O
T1320,weaver,B-OCCUPATION
T1320,income,O
T1320,around,O
T1320,120000,B-ANNUAL_INCOME
T1321,Mera,O
T1321,naam,O
T1321,Ramesh,O
T1321,hai,O
T1321,main,O
T1321,West,B-STATE
T1321,Bengal,I-STATE
T1321,ka,O
T1321,rehne,O
T1321,wala,O
T1321,hu,O
T1321,Main,O
T1321,SC,B-CASTE_CATEGORY
T1321,category,O
T1321,se,O
T1321,ek,O
T1321,mahila,B-GENDER
T1321,hu,O
T1321,aur,O
T1321,unemployed,B-OCCUPATION
T1321,hu,O
T1321,Aamdani,O
T1321,120000,B-ANNUAL_INCOME
T1321,per,O
T1321,year,O
T1321,hai,O
T1322,Namaste,O
T1322,main,O
T1322,22,B-AGE
T1322,varsh,O
T1322,ka,O
T1322,kisan,B-OCCUPATION
T1322,hu,O
T1322,Karnataka,B-STATE
T1322,se,O
T1322,Meri,O
T1322,income,O
T1322,600000,B-ANNUAL_INCOME
T1322,rupaye,O
T1322,hai,O
T1322,aur,O
T1322,main,O
T1322,SC,B-CASTE_CATEGORY
T1322,varg,O
T1322,se,O
T1322,hoon,O
T1322,Main,O
T1322,divyang,B-DISABILITY
T1322,hu,O
T1323,Main,O
T1323,West,B-STATE
T1323,Bengal,I-STATE
T1323,se,O
T1323,ek,O
T1323,artisan,B-OCCUPATION
T1323,hu,O
T1323,meri,O
T1323,umar,O
T1323,51,B-AGE
T1323,saal,O
T1323,hai,O
T1323,aur,O
T1323,saalana,O
T1323,kamai,O
T1323,80000,B-ANNUAL_INCOME
T1323,rupe,O
T1323,hai,O
T1324,Main,O
T1324,Maharashtra,B-STATE
T1324,se,O
T1324,ek,O
T1324,farmer,B-OCCUPATION
T1324,hu,O
T1324,meri,O
T1324,umar,O
T1324,65,B-AGE
T1324,saal,O
T1324,hai,O
T1324,aur,O
T1324,saalana,O
T1324,kamai,O
T1324,0,B-ANNUAL_INCOME
T1324,rupe,O
T1324,hai,O
T1325,Mera,O
T1325,naam,O
T1325,Ramesh,O
T1325,hai,O
T1325,main,O
T1325,Uttar,B-STATE
T1325,Pradesh,I-STATE
T1325,ka,O
T1325,rehne,O
T1325,wala,O
T1325,hu,O
T1325,Main,O
T1325,SC,B-CASTE_CATEGORY
T1325,category,O
T1325,se,O
T1325,ek,O
T1325,purush,B-GENDER
T1325,hu,O
T1325,aur,O
T1325,student,B-OCCUPATION
T1325,hu,O
T1325,Aamdani,O
T1325,350000,B-ANNUAL_INCOME
T1325,per,O
T1325,year,O
T1325,hai,O
T1326,Namaste,O
T1326,main,O
T1326,31,B-AGE
T1326,varsh,O
T1326,ka,O
T1326,mazdoor,B-OCCUPATION
T1326,hu,O
T1326,Maharashtra,B-STATE
T1326,se,O
T1326,Meri,O
T1326,income,O
T1326,80000,B-ANNUAL_INCOME
T1326,rupaye,O
T1326,hai,O
T1326,aur,O
T1326,main,O
T1326,General,B-CASTE_CATEGORY
T1326,varg,O
T1326,se,O
T1326,hoon,O
T1326,Main,O
T1326,divyang,B-DISABILITY
T1326,hu,O
T1327,I,O
T1327,belong,O
T1327,to,O
T1327,ST,B-CASTE_CATEGORY
T1327,category,O
T1327,from,O
T1327,Maharashtra,B-STATE
T1327,Age,O
T1327,is,O
T1327,53,B-AGE
T1327,profession,O
T1327,is,O
T1327,kisan,B-OCCUPATION
T1327,income,O
T1327,around,O
T1327,0,B-ANNUAL_INCOME
T1328,Namaste,O
T1328,main,O
T1328,57,B-AGE
T1328,varsh,O
T1328,ka,O
T1328,berojgar,B-OCCUPATION
T1328,hu,O
T1328,Uttar,B-STATE
T1328,Pradesh,I-STATE
T1328,se,O
T1328,Meri,O
T1328,income,O
T1328,0,B-ANNUAL_INCOME
T1328,rupaye,O
T1328,hai,O
T1328,aur,O
T1328,main,O
T1328,ST,B-CASTE_CATEGORY
T1328,varg,O
T1328,se,O
T1328,hoon,O
T1328,Main,O
T1328,divyang,B-DISABILITY
T1328,hu,O
T1329,Mera,O
T1329,naam,O
T1329,Ramesh,O
T1329,hai,O
T1329,main,O
T1329,Maharashtra,B-STATE
T1329,ka,O
T1329,rehne,O
T1329,wala,O
T1329,hu,O
T1329,Main,O
T1329,SC,B-CASTE_CATEGORY
T1329,category,O
T1329,se,O
T1329,ek,O
T1329,purush,B-GENDER
T1329,hu,O
T1329,aur,O
T1329,mazdoor,B-OCCUPATION
T1329,hu,O
T1329,Aamdani,O
T1329,600000,B-ANNUAL_INCOME
T1329,per,O
T1329,year,O
T1329,hai,O
T1330,I,O
T1330,belong,O
T1330,to,O
T1330,ST,B-CASTE_CATEGORY
T1330,category,O
T1330,from,O
T1330,Bihar,B-STATE
T1330,Age,O
T1330,is,O
T1330,59,B-AGE
T1330,profession,O
T1330,is,O
T1330,farmer,B-OCCUPATION
T1330,income,O
T1330,around,O
T1330,600000,B-ANNUAL_INCOME
T1331,Namaste,O
T1331,main,O
T1331,31,B-AGE
T1331,varsh,O
T1331,ka,O
T1331,street,B-OCCUPATION
T1331,vendor,I-OCCUPATION
T1331,hu,O
T1331,Uttar,B-STATE
T1331,Pradesh,I-STATE
T1331,se,O
T1331,Meri,O
T1331,income,O
T1331,200000,B-ANNUAL_INCOME
T1331,rupaye,O
T1331,hai,O
T1331,aur,O
T1331,main,O
T1331,OBC,B-CASTE_CATEGORY
T1331,varg,O
T1331,se,O
T1331,hoon,O
T1331,Main,O
T1331,divyang,B-DISABILITY
T1331,hu,O
T1332,Mera,O
T1332,naam,O
T1332,Ramesh,O
T1332,hai,O
T1332,main,O
T1332,West,B-STATE
T1332,Bengal,I-STATE
T1332,ka,O
T1332,rehne,O
T1332,wala,O
T1332,hu,O
T1332,Main,O
T1332,General,B-CASTE_CATEGORY
T1332,category,O
T1332,se,O
T1332,ek,O
T1332,mahila,B-GENDER
T1332,hu,O
T1332,aur,O
T1332,daily,B-OCCUPATION
T1332,wage,I-OCCUPATION
T1332,worker,I-OCCUPATION
T1332,hu,O
T1332,Aamdani,O
T1332,120000,B-ANNUAL_INCOME
T1332,per,O
T1332,year,O
T1332,hai,O
T1333,Namaste,O
T1333,main,O
T1333,49,B-AGE
T1333,varsh,O
T1333,ka,O
T1333,student,B-OCCUPATION
T1333,hu,O
T1333,Tamil,B-STATE
T1333,Nadu,I-STATE
T1333,se,O
T1333,Meri,O
T1333,income,O
T1333,0,B-ANNUAL_INCOME
T1333,rupaye,O
T1333,hai,O
T1333,aur,O
T1333,main,O
T1333,General,B-CASTE_CATEGORY
T1333,varg,O
T1333,se,O
T1333,hoon,O
T1333,Main,O
T1333,divyang,B-DISABILITY
T1333,hu,O
T1334,I,O
T1334,am,O
T1334,a,O
T1334,60,B-AGE
T1334,year,O
T1334,old,O
T1334,male,B-GENDER
T1334,street,B-OCCUPATION
T1334,vendor,I-OCCUPATION
T1334,living,O
T1334,in,O
T1334,Karnataka,B-STATE
T1334,My,O
T1334,annual,O
T1334,household,O
T1334,income,O
T1334,is,O
T1334,0,B-ANNUAL_INCOME
T1334,rupees,O
T1335,Main,O
T1335,Uttar,B-STATE
T1335,Pradesh,I-STATE
T1335,se,O
T1335,ek,O
T1335,student,B-OCCUPATION
T1335,hu,O
T1335,meri,O
T1335,umar,O
T1335,60,B-AGE
T1335,saal,O
T1335,hai,O
T1335,aur,O
T1335,saalana,O
T1335,kamai,O
T1335,45000,B-ANNUAL_INCOME
T1335,rupe,O
T1335,hai,O
T1336,Hi,O
T1336,I,O
T1336,am,O
T1336,20,B-AGE
T1336,years,O
T1336,old,O
T1336,student,O
T1336,from,O
T1336,Madhya,B-STATE
T1336,Pradesh,I-STATE
T1336,My,O
T1336,family,O
T1336,income,O
T1336,is,O
T1336,200000,B-ANNUAL_INCOME
T1336,and,O
T1336,I,O
T1336,am,O
T1336,differently,B-DISABILITY
T1336,abled,I-DISABILITY
T1337,Namaste,O
T1337,main,O
T1337,53,B-AGE
T1337,varsh,O
T1337,ka,O
T1337,bunkar,B-OCCUPATION
T1337,hu,O
T1337,Maharashtra,B-STATE
T1337,se,O
T1337,Meri,O
T1337,income,O
T1337,0,B-ANNUAL_INCOME
T1337,rupaye,O
T1337,hai,O
T1337,aur,O
T1337,main,O
T1337,SC,B-CASTE_CATEGORY
T1337,varg,O
T1337,se,O
T1337,hoon,O
T1337,Main,O
T1337,divyang,B-DISABILITY
T1337,hu,O
T1338,Hi,O
T1338,I,O
T1338,am,O
T1338,60,B-AGE
T1338,years,O
T1338,old,O
T1338,student,O
T1338,from,O
T1338,Tamil,B-STATE
T1338,Nadu,I-STATE
T1338,My,O
T1338,family,O
T1338,income,O
T1338,is,O
T1338,45000,B-ANNUAL_INCOME
T1338,and,O
T1338,I,O
T1338,am,O
T1338,differently,B-DISABILITY
T1338,abled,I-DISABILITY
T1339,Main,O
T1339,Madhya,B-STATE
T1339,Pradesh,I-STATE
T1339,se,O
T1339,ek,O
T1339,berojgar,B-OCCUPATION
T1339,hu,O
T1339,meri,O
T1339,umar,O
T1339,21,B-AGE
T1339,saal,O
T1339,hai,O
T1339,aur,O
T1339,saalana,O
T1339,kamai,O
T1339,0,B-ANNUAL_INCOME
T1339,rupe,O
T1339,hai,O
T1340,Namaste,O
T1340,main,O
T1340,28,B-AGE
T1340,varsh,O
T1340,ka,O
T1340,artisan,B-OCCUPATION
T1340,hu,O
T1340,Maharashtra,B-STATE
T1340,se,O
T1340,Meri,O
T1340,income,O
T1340,200000,B-ANNUAL_INCOME
T1340,rupaye,O
T1340,hai,O
T1340,aur,O
T1340,main,O
T1340,OBC,B-CASTE_CATEGORY
T1340,varg,O
T1340,se,O
T1340,hoon,O
T1340,Main,O
T1340,divyang,B-DISABILITY
T1340,hu,O
T1341,Namaste,O
T1341,main,O
T1341,33,B-AGE
T1341,varsh,O
T1341,ka,O
T1341,chhatra,B-OCCUPATION
T1341,hu,O
T1341,Maharashtra,B-STATE
T1341,se,O
T1341,Meri,O
T1341,income,O
T1341,80000,B-ANNUAL_INCOME
T1341,rupaye,O
T1341,hai,O
T1341,aur,O
T1341,main,O
T1341,OBC,B-CASTE_CATEGORY
T1341,varg,O
T1341,se,O
T1341,hoon,O
T1341,Main,O
T1341,divyang,B-DISABILITY
T1341,hu,O
T1342,Main,O
T1342,Rajasthan,B-STATE
T1342,se,O
T1342,ek,O
T1342,rehri,B-OCCUPATION
T1342,wala,I-OCCUPATION
T1342,hu,O
T1342,meri,O
T1342,umar,O
T1342,42,B-AGE
T1342,saal,O
T1342,hai,O
T1342,aur,O
T1342,saalana,O
T1342,kamai,O
T1342,350000,B-ANNUAL_INCOME
T1342,rupe,O
T1342,hai,O
T1343,Hi,O
T1343,I,O
T1343,am,O
T1343,31,B-AGE
T1343,years,O
T1343,old,O
T1343,student,O
T1343,from,O
T1343,Maharashtra,B-STATE
T1343,My,O
T1343,family,O
T1343,income,O
T1343,is,O
T1343,350000,B-ANNUAL_INCOME
T1343,and,O
T1343,I,O
T1343,am,O
T1343,differently,B-DISABILITY
T1343,abled,I-DISABILITY
T1344,Main,O
T1344,Madhya,B-STATE
T1344,Pradesh,I-STATE
T1344,se,O
T1344,ek,O
T1344,daily,B-OCCUPATION
T1344,wage,I-OCCUPATION
T1344,worker,I-OCCUPATION
T1344,hu,O
T1344,meri,O
T1344,umar,O
T1344,61,B-AGE
T1344,saal,O
T1344,hai,O
T1344,aur,O
T1344,saalana,O
T1344,kamai,O
T1344,0,B-ANNUAL_INCOME
T1344,rupe,O
T1344,hai,O
T1345,Mera,O
T1345,naam,O
T1345,Ramesh,O
T1345,hai,O
T1345,main,O
T1345,Karnataka,B-STATE
T1345,ka,O
T1345,rehne,O
T1345,wala,O
T1345,hu,O
T1345,Main,O
T1345,General,B-CASTE_CATEGORY
T1345,category,O
T1345,se,O
T1345,ek,O
T1345,mahila,B-GENDER
T1345,hu,O
T1345,aur,O
T1345,farmer,B-OCCUPATION
T1345,hu,O
T1345,Aamdani,O
T1345,45000,B-ANNUAL_INCOME
T1345,per,O
T1345,year,O
T1345,hai,O
T1346,Mera,O
T1346,naam,O
T1346,Ramesh,O
T1346,hai,O
T1346,main,O
T1346,West,B-STATE
T1346,Bengal,I-STATE
T1346,ka,O
T1346,rehne,O
T1346,wala,O
T1346,hu,O
T1346,Main,O
T1346,ST,B-CASTE_CATEGORY
T1346,category,O
T1346,se,O
T1346,ek,O
T1346,mahila,B-GENDER
T1346,hu,O
T1346,aur,O
T1346,student,B-OCCUPATION
T1346,hu,O
T1346,Aamdani,O
T1346,600000,B-ANNUAL_INCOME
T1346,per,O
T1346,year,O
T1346,hai,O
T1347,I,O
T1347,belong,O
T1347,to,O
T1347,SC,B-CASTE_CATEGORY
T1347,category,O
T1347,from,O
T1347,Uttar,B-STATE
T1347,Pradesh,I-STATE
T1347,Age,O
T1347,is,O
T1347,49,B-AGE
T1347,profession,O
T1347,is,O
T1347,unemployed,B-OCCUPATION
T1347,income,O
T1347,around,O
T1347,120000,B-ANNUAL_INCOME
T1348,Namaste,O
T1348,main,O
T1348,20,B-AGE
T1348,varsh,O
T1348,ka,O
T1348,rehri,B-OCCUPATION
T1348,wala,I-OCCUPATION
T1348,hu,O
T1348,Maharashtra,B-STATE
T1348,se,O
T1348,Meri,O
T1348,income,O
T1348,350000,B-ANNUAL_INCOME
T1348,rupaye,O
T1348,hai,O
T1348,aur,O
T1348,main,O
T1348,ST,B-CASTE_CATEGORY
T1348,varg,O
T1348,se,O
T1348,hoon,O
T1348,Main,O
T1348,divyang,B-DISABILITY
T1348,hu,O
T1349,Namaste,O
T1349,main,O
T1349,26,B-AGE
T1349,varsh,O
T1349,ka,O
T1349,daily,B-OCCUPATION
T1349,wage,I-OCCUPATION
T1349,worker,I-OCCUPATION
T1349,hu,O
T1349,Maharashtra,B-STATE
T1349,se,O
T1349,Meri,O
T1349,income,O
T1349,350000,B-ANNUAL_INCOME
T1349,rupaye,O
T1349,hai,O
T1349,aur,O
T1349,main,O
T1349,OBC,B-CASTE_CATEGORY
T1349,varg,O
T1349,se,O
T1349,hoon,O
T1349,Main,O
T1349,divyang,B-DISABILITY
T1349,hu,O
T1350,Main,O
T1350,Uttar,B-STATE
T1350,Pradesh,I-STATE
T1350,se,O
T1350,ek,O
T1350,mazdoor,B-OCCUPATION
T1350,hu,O
T1350,meri,O
T1350,umar,O
T1350,25,B-AGE
T1350,saal,O
T1350,hai,O
T1350,aur,O
T1350,saalana,O
T1350,kamai,O
T1350,80000,B-ANNUAL_INCOME
T1350,rupe,O
T1350,hai,O
T1351,Namaste,O
T1351,main,O
T1351,60,B-AGE
T1351,varsh,O
T1351,ka,O
T1351,farmer,B-OCCUPATION
T1351,hu,O
T1351,Maharashtra,B-STATE
T1351,se,O
T1351,Meri,O
T1351,income,O
T1351,45000,B-ANNUAL_INCOME
T1351,rupaye,O
T1351,hai,O
T1351,aur,O
T1351,main,O
T1351,ST,B-CASTE_CATEGORY
T1351,varg,O
T1351,se,O
T1351,hoon,O
T1351,Main,O
T1351,divyang,B-DISABILITY
T1351,hu,O
T1352,Namaste,O
T1352,main,O
T1352,63,B-AGE
T1352,varsh,O
T1352,ka,O
T1352,berojgar,B-OCCUPATION
T1352,hu,O
T1352,Tamil,B-STATE
T1352,Nadu,I-STATE
T1352,se,O
T1352,Meri,O
T1352,income,O
T1352,120000,B-ANNUAL_INCOME
T1352,rupaye,O
T1352,hai,O
T1352,aur,O
T1352,main,O
T1352,OBC,B-CASTE_CATEGORY
T1352,varg,O
T1352,se,O
T1352,hoon,O
T1352,Main,O
T1352,divyang,B-DISABILITY
T1352,hu,O
T1353,I,O
T1353,am,O
T1353,a,O
T1353,44,B-AGE
T1353,year,O
T1353,old,O
T1353,female,B-GENDER
T1353,weaver,B-OCCUPATION
T1353,living,O
T1353,in,O
T1353,Madhya,B-STATE
T1353,Pradesh,I-STATE
T1353,My,O
T1353,annual,O
T1353,household,O
T1353,income,O
T1353,is,O
T1353,200000,B-ANNUAL_INCOME
T1353,rupees,O
T1354,Mera,O
T1354,naam,O
T1354,Ramesh,O
T1354,hai,O
T1354,main,O
T1354,Madhya,B-STATE
T1354,Pradesh,I-STATE
T1354,ka,O
T1354,rehne,O
T1354,wala,O
T1354,hu,O
T1354,Main,O
T1354,SC,B-CASTE_CATEGORY
T1354,category,O
T1354,se,O
T1354,ek,O
T1354,purush,B-GENDER
T1354,hu,O
T1354,aur,O
T1354,unemployed,B-OCCUPATION
T1354,hu,O
T1354,Aamdani,O
T1354,350000,B-ANNUAL_INCOME
T1354,per,O
T1354,year,O
T1354,hai,O
T1355,Main,O
T1355,Tamil,B-STATE
T1355,Nadu,I-STATE
T1355,se,O
T1355,ek,O
T1355,weaver,B-OCCUPATION
T1355,hu,O
T1355,meri,O
T1355,umar,O
T1355,54,B-AGE
T1355,saal,O
T1355,hai,O
T1355,aur,O
T1355,saalana,O
T1355,kamai,O
T1355,45000,B-ANNUAL_INCOME
T1355,rupe,O
T1355,hai,O
T1356,I,O
T1356,belong,O
T1356,to,O
T1356,OBC,B-CASTE_CATEGORY
T1356,category,O
T1356,from,O
T1356,Karnataka,B-STATE
T1356,Age,O
T1356,is,O
T1356,56,B-AGE
T1356,profession,O
T1356,is,O
T1356,rehri,B-OCCUPATION
T1356,wala,I-OCCUPATION
T1356,income,O
T1356,around,O
T1356,45000,B-ANNUAL_INCOME
T1357,Main,O
T1357,Madhya,B-STATE
T1357,Pradesh,I-STATE
T1357,se,O
T1357,ek,O
T1357,artisan,B-OCCUPATION
T1357,hu,O
T1357,meri,O
T1357,umar,O
T1357,28,B-AGE
T1357,saal,O
T1357,hai,O
T1357,aur,O
T1357,saalana,O
T1357,kamai,O
T1357,200000,B-ANNUAL_INCOME
T1357,rupe,O
T1357,hai,O
T1358,I,O
T1358,belong,O
T1358,to,O
T1358,General,B-CASTE_CATEGORY
T1358,category,O
T1358,from,O
T1358,West,B-STATE
T1358,Bengal,I-STATE
T1358,Age,O
T1358,is,O
T1358,22,B-AGE
T1358,profession,O
T1358,is,O
T1358,unemployed,B-OCCUPATION
T1358,income,O
T1358,around,O
T1358,120000,B-ANNUAL_INCOME
T1359,Hi,O
T1359,I,O
T1359,am,O
T1359,50,B-AGE
T1359,years,O
T1359,old,O
T1359,student,O
T1359,from,O
T1359,West,B-STATE
T1359,Bengal,I-STATE
T1359,My,O
T1359,family,O
T1359,income,O
T1359,is,O
T1359,45000,B-ANNUAL_INCOME
T1359,and,O
T1359,I,O
T1359,am,O
T1359,differently,B-DISABILITY
T1359,abled,I-DISABILITY
T1360,Mera,O
T1360,naam,O
T1360,Ramesh,O
T1360,hai,O
T1360,main,O
T1360,Rajasthan,B-STATE
T1360,ka,O
T1360,rehne,O
T1360,wala,O
T1360,hu,O
T1360,Main,O
T1360,ST,B-CASTE_CATEGORY
T1360,category,O
T1360,se,O
T1360,ek,O
T1360,purush,B-GENDER
T1360,hu,O
T1360,aur,O
T1360,unemployed,B-OCCUPATION
T1360,hu,O
T1360,Aamdani,O
T1360,200000,B-ANNUAL_INCOME
T1360,per,O
T1360,year,O
T1360,hai,O
T1361,Namaste,O
T1361,main,O
T1361,52,B-AGE
T1361,varsh,O
T1361,ka,O
T1361,farmer,B-OCCUPATION
T1361,hu,O
T1361,Maharashtra,B-STATE
T1361,se,O
T1361,Meri,O
T1361,income,O
T1361,0,B-ANNUAL_INCOME
T1361,rupaye,O
T1361,hai,O
T1361,aur,O
T1361,main,O
T1361,OBC,B-CASTE_CATEGORY
T1361,varg,O
T1361,se,O
T1361,hoon,O
T1361,Main,O
T1361,divyang,B-DISABILITY
T1361,hu,O
T1362,I,O
T1362,am,O
T1362,a,O
T1362,45,B-AGE
T1362,year,O
T1362,old,O
T1362,male,B-GENDER
T1362,unemployed,B-OCCUPATION
T1362,living,O
T1362,in,O
T1362,Bihar,B-STATE
T1362,My,O
T1362,annual,O
T1362,household,O
T1362,income,O
T1362,is,O
T1362,120000,B-ANNUAL_INCOME
T1362,rupees,O
T1363,Hi,O
T1363,I,O
T1363,am,O
T1363,42,B-AGE
T1363,years,O
T1363,old,O
T1363,student,O
T1363,from,O
T1363,Maharashtra,B-STATE
T1363,My,O
T1363,family,O
T1363,income,O
T1363,is,O
T1363,120000,B-ANNUAL_INCOME
T1363,and,O
T1363,I,O
T1363,am,O
T1363,differently,B-DISABILITY
T1363,abled,I-DISABILITY
T1364,I,O
T1364,am,O
T1364,a,O
T1364,35,B-AGE
T1364,year,O
T1364,old,O
T1364,female,B-GENDER
T1364,weaver,B-OCCUPATION
T1364,living,O
T1364,in,O
T1364,Maharashtra,B-STATE
T1364,My,O
T1364,annual,O
T1364,household,O
T1364,income,O
T1364,is,O
T1364,80000,B-ANNUAL_INCOME
T1364,rupees,O
T1365,Namaste,O
T1365,main,O
T1365,34,B-AGE
T1365,varsh,O
T1365,ka,O
T1365,unemployed,B-OCCUPATION
T1365,hu,O
T1365,Maharashtra,B-STATE
T1365,se,O
T1365,Meri,O
T1365,income,O
T1365,80000,B-ANNUAL_INCOME
T1365,rupaye,O
T1365,hai,O
T1365,aur,O
T1365,main,O
T1365,General,B-CASTE_CATEGORY
T1365,varg,O
T1365,se,O
T1365,hoon,O
T1365,Main,O
T1365,divyang,B-DISABILITY
T1365,hu,O
T1366,I,O
T1366,am,O
T1366,a,O
T1366,40,B-AGE
T1366,year,O
T1366,old,O
T1366,female,B-GENDER
T1366,street,B-OCCUPATION
T1366,vendor,I-OCCUPATION
T1366,living,O
T1366,in,O
T1366,West,B-STATE
T1366,Bengal,I-STATE
T1366,My,O
T1366,annual,O
T1366,household,O
T1366,income,O
T1366,is,O
T1366,80000,B-ANNUAL_INCOME
T1366,rupees,O
T1367,I,O
T1367,am,O
T1367,a,O
T1367,34,B-AGE
T1367,year,O
T1367,old,O
T1367,female,B-GENDER
T1367,farmer,B-OCCUPATION
T1367,living,O
T1367,in,O
T1367,West,B-STATE
T1367,Bengal,I-STATE
T1367,My,O
T1367,annual,O
T1367,household,O
T1367,income,O
T1367,is,O
T1367,350000,B-ANNUAL_INCOME
T1367,rupees,O
T1368,I,O
T1368,belong,O
T1368,to,O
T1368,General,B-CASTE_CATEGORY
T1368,category,O
T1368,from,O
T1368,Maharashtra,B-STATE
T1368,Age,O
T1368,is,O
T1368,23,B-AGE
T1368,profession,O
T1368,is,O
T1368,weaver,B-OCCUPATION
T1368,income,O
T1368,around,O
T1368,350000,B-ANNUAL_INCOME
T1369,Main,O
T1369,Madhya,B-STATE
T1369,Pradesh,I-STATE
T1369,se,O
T1369,ek,O
T1369,berojgar,B-OCCUPATION
T1369,hu,O
T1369,meri,O
T1369,umar,O
T1369,20,B-AGE
T1369,saal,O
T1369,hai,O
T1369,aur,O
T1369,saalana,O
T1369,kamai,O
T1369,120000,B-ANNUAL_INCOME
T1369,rupe,O
T1369,hai,O
T1370,Mera,O
T1370,naam,O
T1370,Ramesh,O
T1370,hai,O
T1370,main,O
T1370,Uttar,B-STATE
T1370,Pradesh,I-STATE
T1370,ka,O
T1370,rehne,O
T1370,wala,O
T1370,hu,O
T1370,Main,O
T1370,General,B-CASTE_CATEGORY
T1370,category,O
T1370,se,O
T1370,ek,O
T1370,mahila,B-GENDER
T1370,hu,O
T1370,aur,O
T1370,student,B-OCCUPATION
T1370,hu,O
T1370,Aamdani,O
T1370,120000,B-ANNUAL_INCOME
T1370,per,O
T1370,year,O
T1370,hai,O
T1371,I,O
T1371,am,O
T1371,a,O
T1371,38,B-AGE
T1371,year,O
T1371,old,O
T1371,female,B-GENDER
T1371,labour,B-OCCUPATION
T1371,living,O
T1371,in,O
T1371,Bihar,B-STATE
T1371,My,O
T1371,annual,O
T1371,household,O
T1371,income,O
T1371,is,O
T1371,120000,B-ANNUAL_INCOME
T1371,rupees,O
T1372,I,O
T1372,am,O
T1372,a,O
T1372,21,B-AGE
T1372,year,O
T1372,old,O
T1372,male,B-GENDER
T1372,kisan,B-OCCUPATION
T1372,living,O
T1372,in,O
T1372,Rajasthan,B-STATE
T1372,My,O
T1372,annual,O
T1372,household,O
T1372,income,O
T1372,is,O
T1372,80000,B-ANNUAL_INCOME
T1372,rupees,O
T1373,I,O
T1373,belong,O
T1373,to,O
T1373,General,B-CASTE_CATEGORY
T1373,category,O
T1373,from,O
T1373,Karnataka,B-STATE
T1373,Age,O
T1373,is,O
T1373,47,B-AGE
T1373,profession,O
T1373,is,O
T1373,farmer,B-OCCUPATION
T1373,income,O
T1373,around,O
T1373,350000,B-ANNUAL_INCOME
T1374,I,O
T1374,belong,O
T1374,to,O
T1374,SC,B-CASTE_CATEGORY
T1374,category,O
T1374,from,O
T1374,Rajasthan,B-STATE
T1374,Age,O
T1374,is,O
T1374,19,B-AGE
T1374,profession,O
T1374,is,O
T1374,unemployed,B-OCCUPATION
T1374,income,O
T1374,around,O
T1374,0,B-ANNUAL_INCOME
T1375,I,O
T1375,belong,O
T1375,to,O
T1375,OBC,B-CASTE_CATEGORY
T1375,category,O
T1375,from,O
T1375,Rajasthan,B-STATE
T1375,Age,O
T1375,is,O
T1375,61,B-AGE
T1375,profession,O
T1375,is,O
T1375,artisan,B-OCCUPATION
T1375,income,O
T1375,around,O
T1375,200000,B-ANNUAL_INCOME
T1376,Main,O
T1376,Bihar,B-STATE
T1376,se,O
T1376,ek,O
T1376,rehri,B-OCCUPATION
T1376,wala,I-OCCUPATION
T1376,hu,O
T1376,meri,O
T1376,umar,O
T1376,23,B-AGE
T1376,saal,O
T1376,hai,O
T1376,aur,O
T1376,saalana,O
T1376,kamai,O
T1376,120000,B-ANNUAL_INCOME
T1376,rupe,O
T1376,hai,O
T1377,I,O
T1377,belong,O
T1377,to,O
T1377,OBC,B-CASTE_CATEGORY
T1377,category,O
T1377,from,O
T1377,Karnataka,B-STATE
T1377,Age,O
T1377,is,O
T1377,59,B-AGE
T1377,profession,O
T1377,is,O
T1377,weaver,B-OCCUPATION
T1377,income,O
T1377,around,O
T1377,350000,B-ANNUAL_INCOME
T1378,Namaste,O
T1378,main,O
T1378,50,B-AGE
T1378,varsh,O
T1378,ka,O
T1378,kisan,B-OCCUPATION
T1378,hu,O
T1378,Bihar,B-STATE
T1378,se,O
T1378,Meri,O
T1378,income,O
T1378,200000,B-ANNUAL_INCOME
T1378,rupaye,O
T1378,hai,O
T1378,aur,O
T1378,main,O
T1378,SC,B-CASTE_CATEGORY
T1378,varg,O
T1378,se,O
T1378,hoon,O
T1378,Main,O
T1378,divyang,B-DISABILITY
T1378,hu,O
T1379,Main,O
T1379,Maharashtra,B-STATE
T1379,se,O
T1379,ek,O
T1379,labour,B-OCCUPATION
T1379,hu,O
T1379,meri,O
T1379,umar,O
T1379,50,B-AGE
T1379,saal,O
T1379,hai,O
T1379,aur,O
T1379,saalana,O
T1379,kamai,O
T1379,350000,B-ANNUAL_INCOME
T1379,rupe,O
T1379,hai,O
T1380,I,O
T1380,belong,O
T1380,to,O
T1380,General,B-CASTE_CATEGORY
T1380,category,O
T1380,from,O
T1380,Tamil,B-STATE
T1380,Nadu,I-STATE
T1380,Age,O
T1380,is,O
T1380,52,B-AGE
T1380,profession,O
T1380,is,O
T1380,farmer,B-OCCUPATION
T1380,income,O
T1380,around,O
T1380,80000,B-ANNUAL_INCOME
T1381,Hi,O
T1381,I,O
T1381,am,O
T1381,27,B-AGE
T1381,years,O
T1381,old,O
T1381,student,O
T1381,from,O
T1381,Bihar,B-STATE
T1381,My,O
T1381,family,O
T1381,income,O
T1381,is,O
T1381,0,B-ANNUAL_INCOME
T1381,and,O
T1381,I,O
T1381,am,O
T1381,differently,B-DISABILITY
T1381,abled,I-DISABILITY
T1382,Mera,O
T1382,naam,O
T1382,Ramesh,O
T1382,hai,O
T1382,main,O
T1382,West,B-STATE
T1382,Bengal,I-STATE
T1382,ka,O
T1382,rehne,O
T1382,wala,O
T1382,hu,O
T1382,Main,O
T1382,SC,B-CASTE_CATEGORY
T1382,category,O
T1382,se,O
T1382,ek,O
T1382,purush,B-GENDER
T1382,hu,O
T1382,aur,O
T1382,labour,B-OCCUPATION
T1382,hu,O
T1382,Aamdani,O
T1382,80000,B-ANNUAL_INCOME
T1382,per,O
T1382,year,O
T1382,hai,O
T1383,Namaste,O
T1383,main,O
T1383,36,B-AGE
T1383,varsh,O
T1383,ka,O
T1383,kisan,B-OCCUPATION
T1383,hu,O
T1383,Bihar,B-STATE
T1383,se,O
T1383,Meri,O
T1383,income,O
T1383,80000,B-ANNUAL_INCOME
T1383,rupaye,O
T1383,hai,O
T1383,aur,O
T1383,main,O
T1383,OBC,B-CASTE_CATEGORY
T1383,varg,O
T1383,se,O
T1383,hoon,O
T1383,Main,O
T1383,divyang,B-DISABILITY
T1383,hu,O
T1384,Namaste,O
T1384,main,O
T1384,23,B-AGE
T1384,varsh,O
T1384,ka,O
T1384,berojgar,B-OCCUPATION
T1384,hu,O
T1384,Madhya,B-STATE
T1384,Pradesh,I-STATE
T1384,se,O
T1384,Meri,O
T1384,income,O
T1384,120000,B-ANNUAL_INCOME
T1384,rupaye,O
T1384,hai,O
T1384,aur,O
T1384,main,O
T1384,OBC,B-CASTE_CATEGORY
T1384,varg,O
T1384,se,O
T1384,hoon,O
T1384,Main,O
T1384,divyang,B-DISABILITY
T1384,hu,O
T1385,Mera,O
T1385,naam,O
T1385,Ramesh,O
T1385,hai,O
T1385,main,O
T1385,Karnataka,B-STATE
T1385,ka,O
T1385,rehne,O
T1385,wala,O
T1385,hu,O
T1385,Main,O
T1385,SC,B-CASTE_CATEGORY
T1385,category,O
T1385,se,O
T1385,ek,O
T1385,mahila,B-GENDER
T1385,hu,O
T1385,aur,O
T1385,mazdoor,B-OCCUPATION
T1385,hu,O
T1385,Aamdani,O
T1385,350000,B-ANNUAL_INCOME
T1385,per,O
T1385,year,O
T1385,hai,O
T1386,Namaste,O
T1386,main,O
T1386,61,B-AGE
T1386,varsh,O
T1386,ka,O
T1386,labour,B-OCCUPATION
T1386,hu,O
T1386,Madhya,B-STATE
T1386,Pradesh,I-STATE
T1386,se,O
T1386,Meri,O
T1386,income,O
T1386,200000,B-ANNUAL_INCOME
T1386,rupaye,O
T1386,hai,O
T1386,aur,O
T1386,main,O
T1386,OBC,B-CASTE_CATEGORY
T1386,varg,O
T1386,se,O
T1386,hoon,O
T1386,Main,O
T1386,divyang,B-DISABILITY
T1386,hu,O
T1387,Hi,O
T1387,I,O
T1387,am,O
T1387,29,B-AGE
T1387,years,O
T1387,old,O
T1387,student,O
T1387,from,O
T1387,Tamil,B-STATE
T1387,Nadu,I-STATE
T1387,My,O
T1387,family,O
T1387,income,O
T1387,is,O
T1387,600000,B-ANNUAL_INCOME
T1387,and,O
T1387,I,O
T1387,am,O
T1387,differently,B-DISABILITY
T1387,abled,I-DISABILITY
T1388,Hi,O
T1388,I,O
T1388,am,O
T1388,59,B-AGE
T1388,years,O
T1388,old,O
T1388,student,O
T1388,from,O
T1388,West,B-STATE
T1388,Bengal,I-STATE
T1388,My,O
T1388,family,O
T1388,income,O
T1388,is,O
T1388,45000,B-ANNUAL_INCOME
T1388,and,O
T1388,I,O
T1388,am,O
T1388,differently,B-DISABILITY
T1388,abled,I-DISABILITY
T1389,I,O
T1389,belong,O
T1389,to,O
T1389,SC,B-CASTE_CATEGORY
T1389,category,O
T1389,from,O
T1389,Bihar,B-STATE
T1389,Age,O
T1389,is,O
T1389,38,B-AGE
T1389,profession,O
T1389,is,O
T1389,chhatra,B-OCCUPATION
T1389,income,O
T1389,around,O
T1389,45000,B-ANNUAL_INCOME
T1390,Hi,O
T1390,I,O
T1390,am,O
T1390,25,B-AGE
T1390,years,O
T1390,old,O
T1390,student,O
T1390,from,O
T1390,Tamil,B-STATE
T1390,Nadu,I-STATE
T1390,My,O
T1390,family,O
T1390,income,O
T1390,is,O
T1390,600000,B-ANNUAL_INCOME
T1390,and,O
T1390,I,O
T1390,am,O
T1390,differently,B-DISABILITY
T1390,abled,I-DISABILITY
T1391,Mera,O
T1391,naam,O
T1391,Ramesh,O
T1391,hai,O
T1391,main,O
T1391,Tamil,B-STATE
T1391,Nadu,I-STATE
T1391,ka,O
T1391,rehne,O
T1391,wala,O
T1391,hu,O
T1391,Main,O
T1391,SC,B-CASTE_CATEGORY
T1391,category,O
T1391,se,O
T1391,ek,O
T1391,purush,B-GENDER
T1391,hu,O
T1391,aur,O
T1391,berojgar,B-OCCUPATION
T1391,hu,O
T1391,Aamdani,O
T1391,80000,B-ANNUAL_INCOME
T1391,per,O
T1391,year,O
T1391,hai,O
T1392,Hi,O
T1392,I,O
T1392,am,O
T1392,56,B-AGE
T1392,years,O
T1392,old,O
T1392,student,O
T1392,from,O
T1392,Tamil,B-STATE
T1392,Nadu,I-STATE
T1392,My,O
T1392,family,O
T1392,income,O
T1392,is,O
T1392,350000,B-ANNUAL_INCOME
T1392,and,O
T1392,I,O
T1392,am,O
T1392,differently,B-DISABILITY
T1392,abled,I-DISABILITY
T1393,I,O
T1393,belong,O
T1393,to,O
T1393,SC,B-CASTE_CATEGORY
T1393,category,O
T1393,from,O
T1393,Madhya,B-STATE
T1393,Pradesh,I-STATE
T1393,Age,O
T1393,is,O
T1393,55,B-AGE
T1393,profession,O
T1393,is,O
T1393,unemployed,B-OCCUPATION
T1393,income,O
T1393,around,O
T1393,45000,B-ANNUAL_INCOME
T1394,I,O
T1394,am,O
T1394,a,O
T1394,40,B-AGE
T1394,year,O
T1394,old,O
T1394,female,B-GENDER
T1394,student,B-OCCUPATION
T1394,living,O
T1394,in,O
T1394,Rajasthan,B-STATE
T1394,My,O
T1394,annual,O
T1394,household,O
T1394,income,O
T1394,is,O
T1394,0,B-ANNUAL_INCOME
T1394,rupees,O
T1395,I,O
T1395,belong,O
T1395,to,O
T1395,General,B-CASTE_CATEGORY
T1395,category,O
T1395,from,O
T1395,Madhya,B-STATE
T1395,Pradesh,I-STATE
T1395,Age,O
T1395,is,O
T1395,65,B-AGE
T1395,profession,O
T1395,is,O
T1395,kisan,B-OCCUPATION
T1395,income,O
T1395,around,O
T1395,80000,B-ANNUAL_INCOME
T1396,Mera,O
T1396,naam,O
T1396,Ramesh,O
T1396,hai,O
T1396,main,O
T1396,Rajasthan,B-STATE
T1396,ka,O
T1396,rehne,O
T1396,wala,O
T1396,hu,O
T1396,Main,O
T1396,ST,B-CASTE_CATEGORY
T1396,category,O
T1396,se,O
T1396,ek,O
T1396,purush,B-GENDER
T1396,hu,O
T1396,aur,O
T1396,berojgar,B-OCCUPATION
T1396,hu,O
T1396,Aamdani,O
T1396,600000,B-ANNUAL_INCOME
T1396,per,O
T1396,year,O
T1396,hai,O
T1397,Hi,O
T1397,I,O
T1397,am,O
T1397,26,B-AGE
T1397,years,O
T1397,old,O
T1397,student,O
T1397,from,O
T1397,West,B-STATE
T1397,Bengal,I-STATE
T1397,My,O
T1397,family,O
T1397,income,O
T1397,is,O
T1397,350000,B-ANNUAL_INCOME
T1397,and,O
T1397,I,O
T1397,am,O
T1397,differently,B-DISABILITY
T1397,abled,I-DISABILITY
T1398,Namaste,O
T1398,main,O
T1398,52,B-AGE
T1398,varsh,O
T1398,ka,O
T1398,weaver,B-OCCUPATION
T1398,hu,O
T1398,Karnataka,B-STATE
T1398,se,O
T1398,Meri,O
T1398,income,O
T1398,0,B-ANNUAL_INCOME
T1398,rupaye,O
T1398,hai,O
T1398,aur,O
T1398,main,O
T1398,ST,B-CASTE_CATEGORY
T1398,varg,O
T1398,se,O
T1398,hoon,O
T1398,Main,O
T1398,divyang,B-DISABILITY
T1398,hu,O
T1399,Namaste,O
T1399,main,O
T1399,57,B-AGE
T1399,varsh,O
T1399,ka,O
T1399,labour,B-OCCUPATION
T1399,hu,O
T1399,West,B-STATE
T1399,Bengal,I-STATE
T1399,se,O
T1399,Meri,O
T1399,income,O
T1399,45000,B-ANNUAL_INCOME
T1399,rupaye,O
T1399,hai,O
T1399,aur,O
T1399,main,O
T1399,SC,B-CASTE_CATEGORY
T1399,varg,O
T1399,se,O
T1399,hoon,O
T1399,Main,O
T1399,divyang,B-DISABILITY
T1399,hu,O
T1400,I,O
T1400,belong,O
T1400,to,O
T1400,General,B-CASTE_CATEGORY
T1400,category,O
T1400,from,O
T1400,Bihar,B-STATE
T1400,Age,O
T1400,is,O
T1400,46,B-AGE
T1400,profession,O
T1400,is,O
T1400,rehri,B-OCCUPATION
T1400,wala,I-OCCUPATION
T1400,income,O
T1400,around,O
T1400,200000,B-ANNUAL_INCOME
T1401,Hi,O
T1401,I,O
T1401,am,O
T1401,32,B-AGE
T1401,years,O
T1401,old,O
T1401,student,O
T1401,from,O
T1401,Tamil,B-STATE
T1401,Nadu,I-STATE
T1401,My,O
T1401,family,O
T1401,income,O
T1401,is,O
T1401,120000,B-ANNUAL_INCOME
T1401,and,O
T1401,I,O
T1401,am,O
T1401,differently,B-DISABILITY
T1401,abled,I-DISABILITY
T1402,I,O
T1402,am,O
T1402,a,O
T1402,34,B-AGE
T1402,year,O
T1402,old,O
T1402,male,B-GENDER
T1402,rehri,B-OCCUPATION
T1402,wala,I-OCCUPATION
T1402,living,O
T1402,in,O
T1402,West,B-STATE
T1402,Bengal,I-STATE
T1402,My,O
T1402,annual,O
T1402,household,O
T1402,income,O
T1402,is,O
T1402,120000,B-ANNUAL_INCOME
T1402,rupees,O
T1403,Main,O
T1403,Tamil,B-STATE
T1403,Nadu,I-STATE
T1403,se,O
T1403,ek,O
T1403,weaver,B-OCCUPATION
T1403,hu,O
T1403,meri,O
T1403,umar,O
T1403,50,B-AGE
T1403,saal,O
T1403,hai,O
T1403,aur,O
T1403,saalana,O
T1403,kamai,O
T1403,120000,B-ANNUAL_INCOME
T1403,rupe,O
T1403,hai,O
T1404,Hi,O
T1404,I,O
T1404,am,O
T1404,54,B-AGE
T1404,years,O
T1404,old,O
T1404,student,O
T1404,from,O
T1404,Rajasthan,B-STATE
T1404,My,O
T1404,family,O
T1404,income,O
T1404,is,O
T1404,350000,B-ANNUAL_INCOME
T1404,and,O
T1404,I,O
T1404,am,O
T1404,differently,B-DISABILITY
T1404,abled,I-DISABILITY
T1405,Namaste,O
T1405,main,O
T1405,22,B-AGE
T1405,varsh,O
T1405,ka,O
T1405,rehri,B-OCCUPATION
T1405,wala,I-OCCUPATION
T1405,hu,O
T1405,Karnataka,B-STATE
T1405,se,O
T1405,Meri,O
T1405,income,O
T1405,0,B-ANNUAL_INCOME
T1405,rupaye,O
T1405,hai,O
T1405,aur,O
T1405,main,O
T1405,SC,B-CASTE_CATEGORY
T1405,varg,O
T1405,se,O
T1405,hoon,O
T1405,Main,O
T1405,divyang,B-DISABILITY
T1405,hu,O
T1406,I,O
T1406,belong,O
T1406,to,O
T1406,ST,B-CASTE_CATEGORY
T1406,category,O
T1406,from,O
T1406,Tamil,B-STATE
T1406,Nadu,I-STATE
T1406,Age,O
T1406,is,O
T1406,37,B-AGE
T1406,profession,O
T1406,is,O
T1406,farmer,B-OCCUPATION
T1406,income,O
T1406,around,O
T1406,0,B-ANNUAL_INCOME
T1407,Namaste,O
T1407,main,O
T1407,43,B-AGE
T1407,varsh,O
T1407,ka,O
T1407,chhatra,B-OCCUPATION
T1407,hu,O
T1407,Uttar,B-STATE
T1407,Pradesh,I-STATE
T1407,se,O
T1407,Meri,O
T1407,income,O
T1407,120000,B-ANNUAL_INCOME
T1407,rupaye,O
T1407,hai,O
T1407,aur,O
T1407,main,O
T1407,SC,B-CASTE_CATEGORY
T1407,varg,O
T1407,se,O
T1407,hoon,O
T1407,Main,O
T1407,divyang,B-DISABILITY
T1407,hu,O
T1408,I,O
T1408,belong,O
T1408,to,O
T1408,SC,B-CASTE_CATEGORY
T1408,category,O
T1408,from,O
T1408,Bihar,B-STATE
T1408,Age,O
T1408,is,O
T1408,47,B-AGE
T1408,profession,O
T1408,is,O
T1408,rehri,B-OCCUPATION
T1408,wala,I-OCCUPATION
T1408,income,O
T1408,around,O
T1408,350000,B-ANNUAL_INCOME
T1409,Namaste,O
T1409,main,O
T1409,65,B-AGE
T1409,varsh,O
T1409,ka,O
T1409,street,B-OCCUPATION
T1409,vendor,I-OCCUPATION
T1409,hu,O
T1409,Madhya,B-STATE
T1409,Pradesh,I-STATE
T1409,se,O
T1409,Meri,O
T1409,income,O
T1409,350000,B-ANNUAL_INCOME
T1409,rupaye,O
T1409,hai,O
T1409,aur,O
T1409,main,O
T1409,ST,B-CASTE_CATEGORY
T1409,varg,O
T1409,se,O
T1409,hoon,O
T1409,Main,O
T1409,divyang,B-DISABILITY
T1409,hu,O
T1410,I,O
T1410,belong,O
T1410,to,O
T1410,ST,B-CASTE_CATEGORY
T1410,category,O
T1410,from,O
T1410,Bihar,B-STATE
T1410,Age,O
T1410,is,O
T1410,60,B-AGE
T1410,profession,O
T1410,is,O
T1410,mazdoor,B-OCCUPATION
T1410,income,O
T1410,around,O
T1410,120000,B-ANNUAL_INCOME
T1411,I,O
T1411,am,O
T1411,a,O
T1411,44,B-AGE
T1411,year,O
T1411,old,O
T1411,female,B-GENDER
T1411,mazdoor,B-OCCUPATION
T1411,living,O
T1411,in,O
T1411,Bihar,B-STATE
T1411,My,O
T1411,annual,O
T1411,household,O
T1411,income,O
T1411,is,O
T1411,45000,B-ANNUAL_INCOME
T1411,rupees,O
T1412,Mera,O
T1412,naam,O
T1412,Ramesh,O
T1412,hai,O
T1412,main,O
T1412,Uttar,B-STATE
T1412,Pradesh,I-STATE
T1412,ka,O
T1412,rehne,O
T1412,wala,O
T1412,hu,O
T1412,Main,O
T1412,ST,B-CASTE_CATEGORY
T1412,category,O
T1412,se,O
T1412,ek,O
T1412,mahila,B-GENDER
T1412,hu,O
T1412,aur,O
T1412,street,B-OCCUPATION
T1412,vendor,I-OCCUPATION
T1412,hu,O
T1412,Aamdani,O
T1412,0,B-ANNUAL_INCOME
T1412,per,O
T1412,year,O
T1412,hai,O
T1413,Mera,O
T1413,naam,O
T1413,Ramesh,O
T1413,hai,O
T1413,main,O
T1413,Madhya,B-STATE
T1413,Pradesh,I-STATE
T1413,ka,O
T1413,rehne,O
T1413,wala,O
T1413,hu,O
T1413,Main,O
T1413,OBC,B-CASTE_CATEGORY
T1413,category,O
T1413,se,O
T1413,ek,O
T1413,purush,B-GENDER
T1413,hu,O
T1413,aur,O
T1413,berojgar,B-OCCUPATION
T1413,hu,O
T1413,Aamdani,O
T1413,600000,B-ANNUAL_INCOME
T1413,per,O
T1413,year,O
T1413,hai,O
T1414,I,O
T1414,belong,O
T1414,to,O
T1414,OBC,B-CASTE_CATEGORY
T1414,category,O
T1414,from,O
T1414,Maharashtra,B-STATE
T1414,Age,O
T1414,is,O
T1414,22,B-AGE
T1414,profession,O
T1414,is,O
T1414,mazdoor,B-OCCUPATION
T1414,income,O
T1414,around,O
T1414,350000,B-ANNUAL_INCOME
T1415,Mera,O
T1415,naam,O
T1415,Ramesh,O
T1415,hai,O
T1415,main,O
T1415,Rajasthan,B-STATE
T1415,ka,O
T1415,rehne,O
T1415,wala,O
T1415,hu,O
T1415,Main,O
T1415,General,B-CASTE_CATEGORY
T1415,category,O
T1415,se,O
T1415,ek,O
T1415,purush,B-GENDER
T1415,hu,O
T1415,aur,O
T1415,mazdoor,B-OCCUPATION
T1415,hu,O
T1415,Aamdani,O
T1415,120000,B-ANNUAL_INCOME
T1415,per,O
T1415,year,O
T1415,hai,O
T1416,Namaste,O
T1416,main,O
T1416,56,B-AGE
T1416,varsh,O
T1416,ka,O
T1416,kisan,B-OCCUPATION
T1416,hu,O
T1416,West,B-STATE
T1416,Bengal,I-STATE
T1416,se,O
T1416,Meri,O
T1416,income,O
T1416,350000,B-ANNUAL_INCOME
T1416,rupaye,O
T1416,hai,O
T1416,aur,O
T1416,main,O
T1416,General,B-CASTE_CATEGORY
T1416,varg,O
T1416,se,O
T1416,hoon,O
T1416,Main,O
T1416,divyang,B-DISABILITY
T1416,hu,O
T1417,Mera,O
T1417,naam,O
T1417,Ramesh,O
T1417,hai,O
T1417,main,O
T1417,Tamil,B-STATE
T1417,Nadu,I-STATE
T1417,ka,O
T1417,rehne,O
T1417,wala,O
T1417,hu,O
T1417,Main,O
T1417,ST,B-CASTE_CATEGORY
T1417,category,O
T1417,se,O
T1417,ek,O
T1417,mahila,B-GENDER
T1417,hu,O
T1417,aur,O
T1417,bunkar,B-OCCUPATION
T1417,hu,O
T1417,Aamdani,O
T1417,600000,B-ANNUAL_INCOME
T1417,per,O
T1417,year,O
T1417,hai,O
T1418,Hi,O
T1418,I,O
T1418,am,O
T1418,55,B-AGE
T1418,years,O
T1418,old,O
T1418,student,O
T1418,from,O
T1418,Uttar,B-STATE
T1418,Pradesh,I-STATE
T1418,My,O
T1418,family,O
T1418,income,O
T1418,is,O
T1418,350000,B-ANNUAL_INCOME
T1418,and,O
T1418,I,O
T1418,am,O
T1418,differently,B-DISABILITY
T1418,abled,I-DISABILITY
T1419,Hi,O
T1419,I,O
T1419,am,O
T1419,27,B-AGE
T1419,years,O
T1419,old,O
T1419,student,O
T1419,from,O
T1419,Madhya,B-STATE
T1419,Pradesh,I-STATE
T1419,My,O
T1419,family,O
T1419,income,O
T1419,is,O
T1419,350000,B-ANNUAL_INCOME
T1419,and,O
T1419,I,O
T1419,am,O
T1419,differently,B-DISABILITY
T1419,abled,I-DISABILITY
T1420,Hi,O
T1420,I,O
T1420,am,O
T1420,35,B-AGE
T1420,years,O
T1420,old,O
T1420,student,O
T1420,from,O
T1420,Tamil,B-STATE
T1420,Nadu,I-STATE
T1420,My,O
T1420,family,O
T1420,income,O
T1420,is,O
T1420,45000,B-ANNUAL_INCOME
T1420,and,O
T1420,I,O
T1420,am,O
T1420,differently,B-DISABILITY
T1420,abled,I-DISABILITY
T1421,Namaste,O
T1421,main,O
T1421,48,B-AGE
T1421,varsh,O
T1421,ka,O
T1421,daily,B-OCCUPATION
T1421,wage,I-OCCUPATION
T1421,worker,I-OCCUPATION
T1421,hu,O
T1421,Uttar,B-STATE
T1421,Pradesh,I-STATE
T1421,se,O
T1421,Meri,O
T1421,income,O
T1421,80000,B-ANNUAL_INCOME
T1421,rupaye,O
T1421,hai,O
T1421,aur,O
T1421,main,O
T1421,SC,B-CASTE_CATEGORY
T1421,varg,O
T1421,se,O
T1421,hoon,O
T1421,Main,O
T1421,divyang,B-DISABILITY
T1421,hu,O
T1422,Hi,O
T1422,I,O
T1422,am,O
T1422,26,B-AGE
T1422,years,O
T1422,old,O
T1422,student,O
T1422,from,O
T1422,Rajasthan,B-STATE
T1422,My,O
T1422,family,O
T1422,income,O
T1422,is,O
T1422,600000,B-ANNUAL_INCOME
T1422,and,O
T1422,I,O
T1422,am,O
T1422,differently,B-DISABILITY
T1422,abled,I-DISABILITY
T1423,Main,O
T1423,Tamil,B-STATE
T1423,Nadu,I-STATE
T1423,se,O
T1423,ek,O
T1423,street,B-OCCUPATION
T1423,vendor,I-OCCUPATION
T1423,hu,O
T1423,meri,O
T1423,umar,O
T1423,30,B-AGE
T1423,saal,O
T1423,hai,O
T1423,aur,O
T1423,saalana,O
T1423,kamai,O
T1423,600000,B-ANNUAL_INCOME
T1423,rupe,O
T1423,hai,O
T1424,Mera,O
T1424,naam,O
T1424,Ramesh,O
T1424,hai,O
T1424,main,O
T1424,Uttar,B-STATE
T1424,Pradesh,I-STATE
T1424,ka,O
T1424,rehne,O
T1424,wala,O
T1424,hu,O
T1424,Main,O
T1424,ST,B-CASTE_CATEGORY
T1424,category,O
T1424,se,O
T1424,ek,O
T1424,mahila,B-GENDER
T1424,hu,O
T1424,aur,O
T1424,berojgar,B-OCCUPATION
T1424,hu,O
T1424,Aamdani,O
T1424,80000,B-ANNUAL_INCOME
T1424,per,O
T1424,year,O
T1424,hai,O
T1425,Main,O
T1425,Madhya,B-STATE
T1425,Pradesh,I-STATE
T1425,se,O
T1425,ek,O
T1425,labour,B-OCCUPATION
T1425,hu,O
T1425,meri,O
T1425,umar,O
T1425,55,B-AGE
T1425,saal,O
T1425,hai,O
T1425,aur,O
T1425,saalana,O
T1425,kamai,O
T1425,600000,B-ANNUAL_INCOME
T1425,rupe,O
T1425,hai,O
T1426,I,O
T1426,belong,O
T1426,to,O
T1426,SC,B-CASTE_CATEGORY
T1426,category,O
T1426,from,O
T1426,Tamil,B-STATE
T1426,Nadu,I-STATE
T1426,Age,O
T1426,is,O
T1426,30,B-AGE
T1426,profession,O
T1426,is,O
T1426,artisan,B-OCCUPATION
T1426,income,O
T1426,around,O
T1426,80000,B-ANNUAL_INCOME
T1427,Main,O
T1427,Karnataka,B-STATE
T1427,se,O
T1427,ek,O
T1427,bunkar,B-OCCUPATION
T1427,hu,O
T1427,meri,O
T1427,umar,O
T1427,39,B-AGE
T1427,saal,O
T1427,hai,O
T1427,aur,O
T1427,saalana,O
T1427,kamai,O
T1427,80000,B-ANNUAL_INCOME
T1427,rupe,O
T1427,hai,O
T1428,Namaste,O
T1428,main,O
T1428,63,B-AGE
T1428,varsh,O
T1428,ka,O
T1428,daily,B-OCCUPATION
T1428,wage,I-OCCUPATION
T1428,worker,I-OCCUPATION
T1428,hu,O
T1428,West,B-STATE
T1428,Bengal,I-STATE
T1428,se,O
T1428,Meri,O
T1428,income,O
T1428,120000,B-ANNUAL_INCOME
T1428,rupaye,O
T1428,hai,O
T1428,aur,O
T1428,main,O
T1428,SC,B-CASTE_CATEGORY
T1428,varg,O
T1428,se,O
T1428,hoon,O
T1428,Main,O
T1428,divyang,B-DISABILITY
T1428,hu,O
T1429,Mera,O
T1429,naam,O
T1429,Ramesh,O
T1429,hai,O
T1429,main,O
T1429,Tamil,B-STATE
T1429,Nadu,I-STATE
T1429,ka,O
T1429,rehne,O
T1429,wala,O
T1429,hu,O
T1429,Main,O
T1429,OBC,B-CASTE_CATEGORY
T1429,category,O
T1429,se,O
T1429,ek,O
T1429,mahila,B-GENDER
T1429,hu,O
T1429,aur,O
T1429,farmer,B-OCCUPATION
T1429,hu,O
T1429,Aamdani,O
T1429,600000,B-ANNUAL_INCOME
T1429,per,O
T1429,year,O
T1429,hai,O
T1430,Main,O
T1430,West,B-STATE
T1430,Bengal,I-STATE
T1430,se,O
T1430,ek,O
T1430,weaver,B-OCCUPATION
T1430,hu,O
T1430,meri,O
T1430,umar,O
T1430,38,B-AGE
T1430,saal,O
T1430,hai,O
T1430,aur,O
T1430,saalana,O
T1430,kamai,O
T1430,80000,B-ANNUAL_INCOME
T1430,rupe,O
T1430,hai,O
T1431,Mera,O
T1431,naam,O
T1431,Ramesh,O
T1431,hai,O
T1431,main,O
T1431,Karnataka,B-STATE
T1431,ka,O
T1431,rehne,O
T1431,wala,O
T1431,hu,O
T1431,Main,O
T1431,General,B-CASTE_CATEGORY
T1431,category,O
T1431,se,O
T1431,ek,O
T1431,purush,B-GENDER
T1431,hu,O
T1431,aur,O
T1431,berojgar,B-OCCUPATION
T1431,hu,O
T1431,Aamdani,O
T1431,80000,B-ANNUAL_INCOME
T1431,per,O
T1431,year,O
T1431,hai,O
T1432,Main,O
T1432,Rajasthan,B-STATE
T1432,se,O
T1432,ek,O
T1432,chhatra,B-OCCUPATION
T1432,hu,O
T1432,meri,O
T1432,umar,O
T1432,53,B-AGE
T1432,saal,O
T1432,hai,O
T1432,aur,O
T1432,saalana,O
T1432,kamai,O
T1432,45000,B-ANNUAL_INCOME
T1432,rupe,O
T1432,hai,O
T1433,Main,O
T1433,West,B-STATE
T1433,Bengal,I-STATE
T1433,se,O
T1433,ek,O
T1433,kisan,B-OCCUPATION
T1433,hu,O
T1433,meri,O
T1433,umar,O
T1433,21,B-AGE
T1433,saal,O
T1433,hai,O
T1433,aur,O
T1433,saalana,O
T1433,kamai,O
T1433,600000,B-ANNUAL_INCOME
T1433,rupe,O
T1433,hai,O
T1434,I,O
T1434,belong,O
T1434,to,O
T1434,General,B-CASTE_CATEGORY
T1434,category,O
T1434,from,O
T1434,Tamil,B-STATE
T1434,Nadu,I-STATE
T1434,Age,O
T1434,is,O
T1434,29,B-AGE
T1434,profession,O
T1434,is,O
T1434,street,B-OCCUPATION
T1434,vendor,I-OCCUPATION
T1434,income,O
T1434,around,O
T1434,0,B-ANNUAL_INCOME
T1435,Hi,O
T1435,I,O
T1435,am,O
T1435,65,B-AGE
T1435,years,O
T1435,old,O
T1435,student,B-OCCUPATION
T1435,from,O
T1435,Uttar,B-STATE
T1435,Pradesh,I-STATE
T1435,My,O
T1435,family,O
T1435,income,O
T1435,is,O
T1435,80000,B-ANNUAL_INCOME
T1435,and,O
T1435,I,O
T1435,am,O
T1435,differently,B-DISABILITY
T1435,abled,I-DISABILITY
T1436,Hi,O
T1436,I,O
T1436,am,O
T1436,64,B-AGE
T1436,years,O
T1436,old,O
T1436,student,O
T1436,from,O
T1436,Maharashtra,B-STATE
T1436,My,O
T1436,family,O
T1436,income,O
T1436,is,O
T1436,0,B-ANNUAL_INCOME
T1436,and,O
T1436,I,O
T1436,am,O
T1436,differently,B-DISABILITY
T1436,abled,I-DISABILITY
T1437,I,O
T1437,belong,O
T1437,to,O
T1437,OBC,B-CASTE_CATEGORY
T1437,category,O
T1437,from,O
T1437,Uttar,B-STATE
T1437,Pradesh,I-STATE
T1437,Age,O
T1437,is,O
T1437,56,B-AGE
T1437,profession,O
T1437,is,O
T1437,artisan,B-OCCUPATION
T1437,income,O
T1437,around,O
T1437,80000,B-ANNUAL_INCOME
T1438,I,O
T1438,belong,O
T1438,to,O
T1438,ST,B-CASTE_CATEGORY
T1438,category,O
T1438,from,O
T1438,Maharashtra,B-STATE
T1438,Age,O
T1438,is,O
T1438,51,B-AGE
T1438,profession,O
T1438,is,O
T1438,farmer,B-OCCUPATION
T1438,income,O
T1438,around,O
T1438,80000,B-ANNUAL_INCOME
T1439,Hi,O
T1439,I,O
T1439,am,O
T1439,19,B-AGE
T1439,years,O
T1439,old,O
T1439,student,O
T1439,from,O
T1439,Karnataka,B-STATE
T1439,My,O
T1439,family,O
T1439,income,O
T1439,is,O
T1439,350000,B-ANNUAL_INCOME
T1439,and,O
T1439,I,O
T1439,am,O
T1439,differently,B-DISABILITY
T1439,abled,I-DISABILITY
T1440,I,O
T1440,belong,O
T1440,to,O
T1440,General,B-CASTE_CATEGORY
T1440,category,O
T1440,from,O
T1440,Rajasthan,B-STATE
T1440,Age,O
T1440,is,O
T1440,30,B-AGE
T1440,profession,O
T1440,is,O
T1440,mazdoor,B-OCCUPATION
T1440,income,O
T1440,around,O
T1440,120000,B-ANNUAL_INCOME
T1441,Hi,O
T1441,I,O
T1441,am,O
T1441,27,B-AGE
T1441,years,O
T1441,old,O
T1441,student,O
T1441,from,O
T1441,Karnataka,B-STATE
T1441,My,O
T1441,family,O
T1441,income,O
T1441,is,O
T1441,0,B-ANNUAL_INCOME
T1441,and,O
T1441,I,O
T1441,am,O
T1441,differently,B-DISABILITY
T1441,abled,I-DISABILITY
T1442,Hi,O
T1442,I,O
T1442,am,O
T1442,43,B-AGE
T1442,years,O
T1442,old,O
T1442,student,O
T1442,from,O
T1442,Rajasthan,B-STATE
T1442,My,O
T1442,family,O
T1442,income,O
T1442,is,O
T1442,0,B-ANNUAL_INCOME
T1442,and,O
T1442,I,O
T1442,am,O
T1442,differently,B-DISABILITY
T1442,abled,I-DISABILITY
T1443,Hi,O
T1443,I,O
T1443,am,O
T1443,37,B-AGE
T1443,years,O
T1443,old,O
T1443,student,O
T1443,from,O
T1443,Madhya,B-STATE
T1443,Pradesh,I-STATE
T1443,My,O
T1443,family,O
T1443,income,O
T1443,is,O
T1443,200000,B-ANNUAL_INCOME
T1443,and,O
T1443,I,O
T1443,am,O
T1443,differently,B-DISABILITY
T1443,abled,I-DISABILITY
T1444,Main,O
T1444,Maharashtra,B-STATE
T1444,se,O
T1444,ek,O
T1444,labour,B-OCCUPATION
T1444,hu,O
T1444,meri,O
T1444,umar,O
T1444,20,B-AGE
T1444,saal,O
T1444,hai,O
T1444,aur,O
T1444,saalana,O
T1444,kamai,O
T1444,120000,B-ANNUAL_INCOME
T1444,rupe,O
T1444,hai,O
T1445,I,O
T1445,belong,O
T1445,to,O
T1445,ST,B-CASTE_CATEGORY
T1445,category,O
T1445,from,O
T1445,Madhya,B-STATE
T1445,Pradesh,I-STATE
T1445,Age,O
T1445,is,O
T1445,22,B-AGE
T1445,profession,O
T1445,is,O
T1445,daily,B-OCCUPATION
T1445,wage,I-OCCUPATION
T1445,worker,I-OCCUPATION
T1445,income,O
T1445,around,O
T1445,200000,B-ANNUAL_INCOME
T1446,I,O
T1446,am,O
T1446,a,O
T1446,32,B-AGE
T1446,year,O
T1446,old,O
T1446,male,B-GENDER
T1446,mazdoor,B-OCCUPATION
T1446,living,O
T1446,in,O
T1446,Madhya,B-STATE
T1446,Pradesh,I-STATE
T1446,My,O
T1446,annual,O
T1446,household,O
T1446,income,O
T1446,is,O
T1446,200000,B-ANNUAL_INCOME
T1446,rupees,O
T1447,I,O
T1447,am,O
T1447,a,O
T1447,64,B-AGE
T1447,year,O
T1447,old,O
T1447,female,B-GENDER
T1447,rehri,B-OCCUPATION
T1447,wala,I-OCCUPATION
T1447,living,O
T1447,in,O
T1447,Karnataka,B-STATE
T1447,My,O
T1447,annual,O
T1447,household,O
T1447,income,O
T1447,is,O
T1447,600000,B-ANNUAL_INCOME
T1447,rupees,O
T1448,I,O
T1448,am,O
T1448,a,O
T1448,42,B-AGE
T1448,year,O
T1448,old,O
T1448,male,B-GENDER
T1448,bunkar,B-OCCUPATION
T1448,living,O
T1448,in,O
T1448,Karnataka,B-STATE
T1448,My,O
T1448,annual,O
T1448,household,O
T1448,income,O
T1448,is,O
T1448,600000,B-ANNUAL_INCOME
T1448,rupees,O
T1449,I,O
T1449,belong,O
T1449,to,O
T1449,SC,B-CASTE_CATEGORY
T1449,category,O
T1449,from,O
T1449,Rajasthan,B-STATE
T1449,Age,O
T1449,is,O
T1449,63,B-AGE
T1449,profession,O
T1449,is,O
T1449,chhatra,B-OCCUPATION
T1449,income,O
T1449,around,O
T1449,200000,B-ANNUAL_INCOME
T1450,Mera,O
T1450,naam,O
T1450,Ramesh,O
T1450,hai,O
T1450,main,O
T1450,Rajasthan,B-STATE
T1450,ka,O
T1450,rehne,O
T1450,wala,O
T1450,hu,O
T1450,Main,O
T1450,ST,B-CASTE_CATEGORY
T1450,category,O
T1450,se,O
T1450,ek,O
T1450,purush,B-GENDER
T1450,hu,O
T1450,aur,O
T1450,mazdoor,B-OCCUPATION
T1450,hu,O
T1450,Aamdani,O
T1450,120000,B-ANNUAL_INCOME
T1450,per,O
T1450,year,O
T1450,hai,O
T1451,I,O
T1451,am,O
T1451,a,O
T1451,51,B-AGE
T1451,year,O
T1451,old,O
T1451,male,B-GENDER
T1451,student,B-OCCUPATION
T1451,living,O
T1451,in,O
T1451,Rajasthan,B-STATE
T1451,My,O
T1451,annual,O
T1451,household,O
T1451,income,O
T1451,is,O
T1451,120000,B-ANNUAL_INCOME
T1451,rupees,O
T1452,Mera,O
T1452,naam,O
T1452,Ramesh,O
T1452,hai,O
T1452,main,O
T1452,Madhya,B-STATE
T1452,Pradesh,I-STATE
T1452,ka,O
T1452,rehne,O
T1452,wala,O
T1452,hu,O
T1452,Main,O
T1452,ST,B-CASTE_CATEGORY
T1452,category,O
T1452,se,O
T1452,ek,O
T1452,purush,B-GENDER
T1452,hu,O
T1452,aur,O
T1452,weaver,B-OCCUPATION
T1452,hu,O
T1452,Aamdani,O
T1452,80000,B-ANNUAL_INCOME
T1452,per,O
T1452,year,O
T1452,hai,O
T1453,Mera,O
T1453,naam,O
T1453,Ramesh,O
T1453,hai,O
T1453,main,O
T1453,Tamil,B-STATE
T1453,Nadu,I-STATE
T1453,ka,O
T1453,rehne,O
T1453,wala,O
T1453,hu,O
T1453,Main,O
T1453,SC,B-CASTE_CATEGORY
T1453,category,O
T1453,se,O
T1453,ek,O
T1453,mahila,B-GENDER
T1453,hu,O
T1453,aur,O
T1453,farmer,B-OCCUPATION
T1453,hu,O
T1453,Aamdani,O
T1453,45000,B-ANNUAL_INCOME
T1453,per,O
T1453,year,O
T1453,hai,O
T1454,Namaste,O
T1454,main,O
T1454,55,B-AGE
T1454,varsh,O
T1454,ka,O
T1454,labour,B-OCCUPATION
T1454,hu,O
T1454,Rajasthan,B-STATE
T1454,se,O
T1454,Meri,O
T1454,income,O
T1454,45000,B-ANNUAL_INCOME
T1454,rupaye,O
T1454,hai,O
T1454,aur,O
T1454,main,O
T1454,ST,B-CASTE_CATEGORY
T1454,varg,O
T1454,se,O
T1454,hoon,O
T1454,Main,O
T1454,divyang,B-DISABILITY
T1454,hu,O
T1455,Hi,O
T1455,I,O
T1455,am,O
T1455,48,B-AGE
T1455,years,O
T1455,old,O
T1455,student,O
T1455,from,O
T1455,Rajasthan,B-STATE
T1455,My,O
T1455,family,O
T1455,income,O
T1455,is,O
T1455,80000,B-ANNUAL_INCOME
T1455,and,O
T1455,I,O
T1455,am,O
T1455,differently,B-DISABILITY
T1455,abled,I-DISABILITY
T1456,Main,O
T1456,Uttar,B-STATE
T1456,Pradesh,I-STATE
T1456,se,O
T1456,ek,O
T1456,rehri,B-OCCUPATION
T1456,wala,I-OCCUPATION
T1456,hu,O
T1456,meri,O
T1456,umar,O
T1456,27,B-AGE
T1456,saal,O
T1456,hai,O
T1456,aur,O
T1456,saalana,O
T1456,kamai,O
T1456,350000,B-ANNUAL_INCOME
T1456,rupe,O
T1456,hai,O
T1457,I,O
T1457,belong,O
T1457,to,O
T1457,ST,B-CASTE_CATEGORY
T1457,category,O
T1457,from,O
T1457,Bihar,B-STATE
T1457,Age,O
T1457,is,O
T1457,24,B-AGE
T1457,profession,O
T1457,is,O
T1457,student,B-OCCUPATION
T1457,income,O
T1457,around,O
T1457,600000,B-ANNUAL_INCOME
T1458,Main,O
T1458,Maharashtra,B-STATE
T1458,se,O
T1458,ek,O
T1458,labour,B-OCCUPATION
T1458,hu,O
T1458,meri,O
T1458,umar,O
T1458,49,B-AGE
T1458,saal,O
T1458,hai,O
T1458,aur,O
T1458,saalana,O
T1458,kamai,O
T1458,350000,B-ANNUAL_INCOME
T1458,rupe,O
T1458,hai,O
T1459,I,O
T1459,am,O
T1459,a,O
T1459,62,B-AGE
T1459,year,O
T1459,old,O
T1459,female,B-GENDER
T1459,street,B-OCCUPATION
T1459,vendor,I-OCCUPATION
T1459,living,O
T1459,in,O
T1459,Bihar,B-STATE
T1459,My,O
T1459,annual,O
T1459,household,O
T1459,income,O
T1459,is,O
T1459,120000,B-ANNUAL_INCOME
T1459,rupees,O
T1460,I,O
T1460,belong,O
T1460,to,O
T1460,OBC,B-CASTE_CATEGORY
T1460,category,O
T1460,from,O
T1460,Rajasthan,B-STATE
T1460,Age,O
T1460,is,O
T1460,43,B-AGE
T1460,profession,O
T1460,is,O
T1460,artisan,B-OCCUPATION
T1460,income,O
T1460,around,O
T1460,45000,B-ANNUAL_INCOME
T1461,I,O
T1461,am,O
T1461,a,O
T1461,62,B-AGE
T1461,year,O
T1461,old,O
T1461,male,B-GENDER
T1461,artisan,B-OCCUPATION
T1461,living,O
T1461,in,O
T1461,Maharashtra,B-STATE
T1461,My,O
T1461,annual,O
T1461,household,O
T1461,income,O
T1461,is,O
T1461,80000,B-ANNUAL_INCOME
T1461,rupees,O
T1462,Mera,O
T1462,naam,O
T1462,Ramesh,O
T1462,hai,O
T1462,main,O
T1462,West,B-STATE
T1462,Bengal,I-STATE
T1462,ka,O
T1462,rehne,O
T1462,wala,O
T1462,hu,O
T1462,Main,O
T1462,ST,B-CASTE_CATEGORY
T1462,category,O
T1462,se,O
T1462,ek,O
T1462,purush,B-GENDER
T1462,hu,O
T1462,aur,O
T1462,berojgar,B-OCCUPATION
T1462,hu,O
T1462,Aamdani,O
T1462,0,B-ANNUAL_INCOME
T1462,per,O
T1462,year,O
T1462,hai,O
T1463,Mera,O
T1463,naam,O
T1463,Ramesh,O
T1463,hai,O
T1463,main,O
T1463,Maharashtra,B-STATE
T1463,ka,O
T1463,rehne,O
T1463,wala,O
T1463,hu,O
T1463,Main,O
T1463,General,B-CASTE_CATEGORY
T1463,category,O
T1463,se,O
T1463,ek,O
T1463,mahila,B-GENDER
T1463,hu,O
T1463,aur,O
T1463,artisan,B-OCCUPATION
T1463,hu,O
T1463,Aamdani,O
T1463,350000,B-ANNUAL_INCOME
T1463,per,O
T1463,year,O
T1463,hai,O
T1464,Main,O
T1464,Madhya,B-STATE
T1464,Pradesh,I-STATE
T1464,se,O
T1464,ek,O
T1464,bunkar,B-OCCUPATION
T1464,hu,O
T1464,meri,O
T1464,umar,O
T1464,49,B-AGE
T1464,saal,O
T1464,hai,O
T1464,aur,O
T1464,saalana,O
T1464,kamai,O
T1464,600000,B-ANNUAL_INCOME
T1464,rupe,O
T1464,hai,O
T1465,I,O
T1465,belong,O
T1465,to,O
T1465,General,B-CASTE_CATEGORY
T1465,category,O
T1465,from,O
T1465,Madhya,B-STATE
T1465,Pradesh,I-STATE
T1465,Age,O
T1465,is,O
T1465,31,B-AGE
T1465,profession,O
T1465,is,O
T1465,street,B-OCCUPATION
T1465,vendor,I-OCCUPATION
T1465,income,O
T1465,around,O
T1465,200000,B-ANNUAL_INCOME
T1466,Mera,O
T1466,naam,O
T1466,Ramesh,O
T1466,hai,O
T1466,main,O
T1466,Rajasthan,B-STATE
T1466,ka,O
T1466,rehne,O
T1466,wala,O
T1466,hu,O
T1466,Main,O
T1466,SC,B-CASTE_CATEGORY
T1466,category,O
T1466,se,O
T1466,ek,O
T1466,mahila,B-GENDER
T1466,hu,O
T1466,aur,O
T1466,farmer,B-OCCUPATION
T1466,hu,O
T1466,Aamdani,O
T1466,350000,B-ANNUAL_INCOME
T1466,per,O
T1466,year,O
T1466,hai,O
T1467,Mera,O
T1467,naam,O
T1467,Ramesh,O
T1467,hai,O
T1467,main,O
T1467,Rajasthan,B-STATE
T1467,ka,O
T1467,rehne,O
T1467,wala,O
T1467,hu,O
T1467,Main,O
T1467,SC,B-CASTE_CATEGORY
T1467,category,O
T1467,se,O
T1467,ek,O
T1467,mahila,B-GENDER
T1467,hu,O
T1467,aur,O
T1467,rehri,B-OCCUPATION
T1467,wala,I-OCCUPATION
T1467,hu,O
T1467,Aamdani,O
T1467,0,B-ANNUAL_INCOME
T1467,per,O
T1467,year,O
T1467,hai,O
T1468,Mera,O
T1468,naam,O
T1468,Ramesh,O
T1468,hai,O
T1468,main,O
T1468,Madhya,B-STATE
T1468,Pradesh,I-STATE
T1468,ka,O
T1468,rehne,O
T1468,wala,O
T1468,hu,O
T1468,Main,O
T1468,ST,B-CASTE_CATEGORY
T1468,category,O
T1468,se,O
T1468,ek,O
T1468,purush,B-GENDER
T1468,hu,O
T1468,aur,O
T1468,daily,B-OCCUPATION
T1468,wage,I-OCCUPATION
T1468,worker,I-OCCUPATION
T1468,hu,O
T1468,Aamdani,O
T1468,80000,B-ANNUAL_INCOME
T1468,per,O
T1468,year,O
T1468,hai,O
T1469,I,O
T1469,am,O
T1469,a,O
T1469,19,B-AGE
T1469,year,O
T1469,old,O
T1469,female,B-GENDER
T1469,street,B-OCCUPATION
T1469,vendor,I-OCCUPATION
T1469,living,O
T1469,in,O
T1469,Uttar,B-STATE
T1469,Pradesh,I-STATE
T1469,My,O
T1469,annual,O
T1469,household,O
T1469,income,O
T1469,is,O
T1469,350000,B-ANNUAL_INCOME
T1469,rupees,O
T1470,I,O
T1470,am,O
T1470,a,O
T1470,38,B-AGE
T1470,year,O
T1470,old,O
T1470,male,B-GENDER
T1470,daily,B-OCCUPATION
T1470,wage,I-OCCUPATION
T1470,worker,I-OCCUPATION
T1470,living,O
T1470,in,O
T1470,West,B-STATE
T1470,Bengal,I-STATE
T1470,My,O
T1470,annual,O
T1470,household,O
T1470,income,O
T1470,is,O
T1470,200000,B-ANNUAL_INCOME
T1470,rupees,O
T1471,Mera,O
T1471,naam,O
T1471,Ramesh,O
T1471,hai,O
T1471,main,O
T1471,Tamil,B-STATE
T1471,Nadu,I-STATE
T1471,ka,O
T1471,rehne,O
T1471,wala,O
T1471,hu,O
T1471,Main,O
T1471,General,B-CASTE_CATEGORY
T1471,category,O
T1471,se,O
T1471,ek,O
T1471,purush,B-GENDER
T1471,hu,O
T1471,aur,O
T1471,farmer,B-OCCUPATION
T1471,hu,O
T1471,Aamdani,O
T1471,200000,B-ANNUAL_INCOME
T1471,per,O
T1471,year,O
T1471,hai,O
T1472,I,O
T1472,belong,O
T1472,to,O
T1472,ST,B-CASTE_CATEGORY
T1472,category,O
T1472,from,O
T1472,Tamil,B-STATE
T1472,Nadu,I-STATE
T1472,Age,O
T1472,is,O
T1472,45,B-AGE
T1472,profession,O
T1472,is,O
T1472,rehri,B-OCCUPATION
T1472,wala,I-OCCUPATION
T1472,income,O
T1472,around,O
T1472,0,B-ANNUAL_INCOME
T1473,Hi,O
T1473,I,O
T1473,am,O
T1473,24,B-AGE
T1473,years,O
T1473,old,O
T1473,student,O
T1473,from,O
T1473,Tamil,B-STATE
T1473,Nadu,I-STATE
T1473,My,O
T1473,family,O
T1473,income,O
T1473,is,O
T1473,120000,B-ANNUAL_INCOME
T1473,and,O
T1473,I,O
T1473,am,O
T1473,differently,B-DISABILITY
T1473,abled,I-DISABILITY
T1474,Hi,O
T1474,I,O
T1474,am,O
T1474,26,B-AGE
T1474,years,O
T1474,old,O
T1474,student,O
T1474,from,O
T1474,Madhya,B-STATE
T1474,Pradesh,I-STATE
T1474,My,O
T1474,family,O
T1474,income,O
T1474,is,O
T1474,600000,B-ANNUAL_INCOME
T1474,and,O
T1474,I,O
T1474,am,O
T1474,differently,B-DISABILITY
T1474,abled,I-DISABILITY
T1475,Namaste,O
T1475,main,O
T1475,45,B-AGE
T1475,varsh,O
T1475,ka,O
T1475,unemployed,B-OCCUPATION
T1475,hu,O
T1475,Rajasthan,B-STATE
T1475,se,O
T1475,Meri,O
T1475,income,O
T1475,200000,B-ANNUAL_INCOME
T1475,rupaye,O
T1475,hai,O
T1475,aur,O
T1475,main,O
T1475,SC,B-CASTE_CATEGORY
T1475,varg,O
T1475,se,O
T1475,hoon,O
T1475,Main,O
T1475,divyang,B-DISABILITY
T1475,hu,O
T1476,I,O
T1476,belong,O
T1476,to,O
T1476,ST,B-CASTE_CATEGORY
T1476,category,O
T1476,from,O
T1476,Uttar,B-STATE
T1476,Pradesh,I-STATE
T1476,Age,O
T1476,is,O
T1476,60,B-AGE
T1476,profession,O
T1476,is,O
T1476,unemployed,B-OCCUPATION
T1476,income,O
T1476,around,O
T1476,80000,B-ANNUAL_INCOME
T1477,Hi,O
T1477,I,O
T1477,am,O
T1477,23,B-AGE
T1477,years,O
T1477,old,O
T1477,student,O
T1477,from,O
T1477,Tamil,B-STATE
T1477,Nadu,I-STATE
T1477,My,O
T1477,family,O
T1477,income,O
T1477,is,O
T1477,80000,B-ANNUAL_INCOME
T1477,and,O
T1477,I,O
T1477,am,O
T1477,differently,B-DISABILITY
T1477,abled,I-DISABILITY
T1478,Hi,O
T1478,I,O
T1478,am,O
T1478,54,B-AGE
T1478,years,O
T1478,old,O
T1478,student,O
T1478,from,O
T1478,Bihar,B-STATE
T1478,My,O
T1478,family,O
T1478,income,O
T1478,is,O
T1478,200000,B-ANNUAL_INCOME
T1478,and,O
T1478,I,O
T1478,am,O
T1478,differently,B-DISABILITY
T1478,abled,I-DISABILITY
T1479,I,O
T1479,belong,O
T1479,to,O
T1479,SC,B-CASTE_CATEGORY
T1479,category,O
T1479,from,O
T1479,West,B-STATE
T1479,Bengal,I-STATE
T1479,Age,O
T1479,is,O
T1479,26,B-AGE
T1479,profession,O
T1479,is,O
T1479,student,B-OCCUPATION
T1479,income,O
T1479,around,O
T1479,80000,B-ANNUAL_INCOME
T1480,I,O
T1480,belong,O
T1480,to,O
T1480,ST,B-CASTE_CATEGORY
T1480,category,O
T1480,from,O
T1480,Tamil,B-STATE
T1480,Nadu,I-STATE
T1480,Age,O
T1480,is,O
T1480,43,B-AGE
T1480,profession,O
T1480,is,O
T1480,berojgar,B-OCCUPATION
T1480,income,O
T1480,around,O
T1480,80000,B-ANNUAL_INCOME
T1481,Main,O
T1481,West,B-STATE
T1481,Bengal,I-STATE
T1481,se,O
T1481,ek,O
T1481,bunkar,B-OCCUPATION
T1481,hu,O
T1481,meri,O
T1481,umar,O
T1481,49,B-AGE
T1481,saal,O
T1481,hai,O
T1481,aur,O
T1481,saalana,O
T1481,kamai,O
T1481,350000,B-ANNUAL_INCOME
T1481,rupe,O
T1481,hai,O
T1482,I,O
T1482,am,O
T1482,a,O
T1482,33,B-AGE
T1482,year,O
T1482,old,O
T1482,male,B-GENDER
T1482,kisan,B-OCCUPATION
T1482,living,O
T1482,in,O
T1482,Maharashtra,B-STATE
T1482,My,O
T1482,annual,O
T1482,household,O
T1482,income,O
T1482,is,O
T1482,350000,B-ANNUAL_INCOME
T1482,rupees,O
T1483,Namaste,O
T1483,main,O
T1483,39,B-AGE
T1483,varsh,O
T1483,ka,O
T1483,street,B-OCCUPATION
T1483,vendor,I-OCCUPATION
T1483,hu,O
T1483,Tamil,B-STATE
T1483,Nadu,I-STATE
T1483,se,O
T1483,Meri,O
T1483,income,O
T1483,80000,B-ANNUAL_INCOME
T1483,rupaye,O
T1483,hai,O
T1483,aur,O
T1483,main,O
T1483,OBC,B-CASTE_CATEGORY
T1483,varg,O
T1483,se,O
T1483,hoon,O
T1483,Main,O
T1483,divyang,B-DISABILITY
T1483,hu,O
T1484,I,O
T1484,am,O
T1484,a,O
T1484,26,B-AGE
T1484,year,O
T1484,old,O
T1484,male,B-GENDER
T1484,berojgar,B-OCCUPATION
T1484,living,O
T1484,in,O
T1484,Rajasthan,B-STATE
T1484,My,O
T1484,annual,O
T1484,household,O
T1484,income,O
T1484,is,O
T1484,350000,B-ANNUAL_INCOME
T1484,rupees,O
T1485,Hi,O
T1485,I,O
T1485,am,O
T1485,53,B-AGE
T1485,years,O
T1485,old,O
T1485,student,O
T1485,from,O
T1485,Madhya,B-STATE
T1485,Pradesh,I-STATE
T1485,My,O
T1485,family,O
T1485,income,O
T1485,is,O
T1485,0,B-ANNUAL_INCOME
T1485,and,O
T1485,I,O
T1485,am,O
T1485,differently,B-DISABILITY
T1485,abled,I-DISABILITY
T1486,Main,O
T1486,Rajasthan,B-STATE
T1486,se,O
T1486,ek,O
T1486,daily,B-OCCUPATION
T1486,wage,I-OCCUPATION
T1486,worker,I-OCCUPATION
T1486,hu,O
T1486,meri,O
T1486,umar,O
T1486,21,B-AGE
T1486,saal,O
T1486,hai,O
T1486,aur,O
T1486,saalana,O
T1486,kamai,O
T1486,80000,B-ANNUAL_INCOME
T1486,rupe,O
T1486,hai,O
T1487,Mera,O
T1487,naam,O
T1487,Ramesh,O
T1487,hai,O
T1487,main,O
T1487,Rajasthan,B-STATE
T1487,ka,O
T1487,rehne,O
T1487,wala,O
T1487,hu,O
T1487,Main,O
T1487,ST,B-CASTE_CATEGORY
T1487,category,O
T1487,se,O
T1487,ek,O
T1487,purush,B-GENDER
T1487,hu,O
T1487,aur,O
T1487,chhatra,B-OCCUPATION
T1487,hu,O
T1487,Aamdani,O
T1487,0,B-ANNUAL_INCOME
T1487,per,O
T1487,year,O
T1487,hai,O
T1488,Namaste,O
T1488,main,O
T1488,40,B-AGE
T1488,varsh,O
T1488,ka,O
T1488,street,B-OCCUPATION
T1488,vendor,I-OCCUPATION
T1488,hu,O
T1488,Madhya,B-STATE
T1488,Pradesh,I-STATE
T1488,se,O
T1488,Meri,O
T1488,income,O
T1488,0,B-ANNUAL_INCOME
T1488,rupaye,O
T1488,hai,O
T1488,aur,O
T1488,main,O
T1488,SC,B-CASTE_CATEGORY
T1488,varg,O
T1488,se,O
T1488,hoon,O
T1488,Main,O
T1488,divyang,B-DISABILITY
T1488,hu,O
T1489,I,O
T1489,am,O
T1489,a,O
T1489,59,B-AGE
T1489,year,O
T1489,old,O
T1489,female,B-GENDER
T1489,labour,B-OCCUPATION
T1489,living,O
T1489,in,O
T1489,Maharashtra,B-STATE
T1489,My,O
T1489,annual,O
T1489,household,O
T1489,income,O
T1489,is,O
T1489,350000,B-ANNUAL_INCOME
T1489,rupees,O
T1490,Mera,O
T1490,naam,O
T1490,Ramesh,O
T1490,hai,O
T1490,main,O
T1490,Maharashtra,B-STATE
T1490,ka,O
T1490,rehne,O
T1490,wala,O
T1490,hu,O
T1490,Main,O
T1490,ST,B-CASTE_CATEGORY
T1490,category,O
T1490,se,O
T1490,ek,O
T1490,purush,B-GENDER
T1490,hu,O
T1490,aur,O
T1490,rehri,B-OCCUPATION
T1490,wala,I-OCCUPATION
T1490,hu,O
T1490,Aamdani,O
T1490,200000,B-ANNUAL_INCOME
T1490,per,O
T1490,year,O
T1490,hai,O
T1491,Hi,O
T1491,I,O
T1491,am,O
T1491,26,B-AGE
T1491,years,O
T1491,old,O
T1491,student,O
T1491,from,O
T1491,Karnataka,B-STATE
T1491,My,O
T1491,family,O
T1491,income,O
T1491,is,O
T1491,120000,B-ANNUAL_INCOME
T1491,and,O
T1491,I,O
T1491,am,O
T1491,differently,B-DISABILITY
T1491,abled,I-DISABILITY
T1492,Mera,O
T1492,naam,O
T1492,Ramesh,O
T1492,hai,O
T1492,main,O
T1492,West,B-STATE
T1492,Bengal,I-STATE
T1492,ka,O
T1492,rehne,O
T1492,wala,O
T1492,hu,O
T1492,Main,O
T1492,OBC,B-CASTE_CATEGORY
T1492,category,O
T1492,se,O
T1492,ek,O
T1492,mahila,B-GENDER
T1492,hu,O
T1492,aur,O
T1492,rehri,B-OCCUPATION
T1492,wala,I-OCCUPATION
T1492,hu,O
T1492,Aamdani,O
T1492,200000,B-ANNUAL_INCOME
T1492,per,O
T1492,year,O
T1492,hai,O
T1493,I,O
T1493,belong,O
T1493,to,O
T1493,ST,B-CASTE_CATEGORY
T1493,category,O
T1493,from,O
T1493,Karnataka,B-STATE
T1493,Age,O
T1493,is,O
T1493,32,B-AGE
T1493,profession,O
T1493,is,O
T1493,street,B-OCCUPATION
T1493,vendor,I-OCCUPATION
T1493,income,O
T1493,around,O
T1493,200000,B-ANNUAL_INCOME
T1494,Main,O
T1494,Rajasthan,B-STATE
T1494,se,O
T1494,ek,O
T1494,bunkar,B-OCCUPATION
T1494,hu,O
T1494,meri,O
T1494,umar,O
T1494,28,B-AGE
T1494,saal,O
T1494,hai,O
T1494,aur,O
T1494,saalana,O
T1494,kamai,O
T1494,350000,B-ANNUAL_INCOME
T1494,rupe,O
T1494,hai,O
T1495,Hi,O
T1495,I,O
T1495,am,O
T1495,22,B-AGE
T1495,years,O
T1495,old,O
T1495,student,B-OCCUPATION
T1495,from,O
T1495,Tamil,B-STATE
T1495,Nadu,I-STATE
T1495,My,O
T1495,family,O
T1495,income,O
T1495,is,O
T1495,45000,B-ANNUAL_INCOME
T1495,and,O
T1495,I,O
T1495,am,O
T1495,differently,B-DISABILITY
T1495,abled,I-DISABILITY
T1496,I,O
T1496,am,O
T1496,a,O
T1496,64,B-AGE
T1496,year,O
T1496,old,O
T1496,male,B-GENDER
T1496,rehri,B-OCCUPATION
T1496,wala,I-OCCUPATION
T1496,living,O
T1496,in,O
T1496,Madhya,B-STATE
T1496,Pradesh,I-STATE
T1496,My,O
T1496,annual,O
T1496,household,O
T1496,income,O
T1496,is,O
T1496,200000,B-ANNUAL_INCOME
T1496,rupees,O
T1497,Hi,O
T1497,I,O
T1497,am,O
T1497,55,B-AGE
T1497,years,O
T1497,old,O
T1497,student,O
T1497,from,O
T1497,Bihar,B-STATE
T1497,My,O
T1497,family,O
T1497,income,O
T1497,is,O
T1497,0,B-ANNUAL_INCOME
T1497,and,O
T1497,I,O
T1497,am,O
T1497,differently,B-DISABILITY
T1497,abled,I-DISABILITY
T1498,Main,O
T1498,Madhya,B-STATE
T1498,Pradesh,I-STATE
T1498,se,O
T1498,ek,O
T1498,kisan,B-OCCUPATION
T1498,hu,O
T1498,meri,O
T1498,umar,O
T1498,19,B-AGE
T1498,saal,O
T1498,hai,O
T1498,aur,O
T1498,saalana,O
T1498,kamai,O
T1498,600000,B-ANNUAL_INCOME
T1498,rupe,O
T1498,hai,O
T1499,I,O
T1499,am,O
T1499,a,O
T1499,24,B-AGE
T1499,year,O
T1499,old,O
T1499,female,B-GENDER
T1499,chhatra,B-OCCUPATION
T1499,living,O
T1499,in,O
T1499,Madhya,B-STATE
T1499,Pradesh,I-STATE
T1499,My,O
T1499,annual,O
T1499,household,O
T1499,income,O
T1499,is,O
T1499,600000,B-ANNUAL_INCOME
T1499,rupees,O
T1500,Namaste,O
T1500,main,O
T1500,55,B-AGE
T1500,varsh,O
T1500,ka,O
T1500,kisan,B-OCCUPATION
T1500,hu,O
T1500,Karnataka,B-STATE
T1500,se,O
T1500,Meri,O
T1500,income,O
T1500,45000,B-ANNUAL_INCOME
T1500,rupaye,O
T1500,hai,O
T1500,aur,O
T1500,main,O
T1500,OBC,B-CASTE_CATEGORY
T1500,varg,O
T1500,se,O
T1500,hoon,O
T1500,Main,O
T1500,divyang,B-DISABILITY
T1500,hu,O
T1501,I,O
T1501,am,O
T1501,a,O
T1501,18,B-AGE
T1501,year,O
T1501,old,O
T1501,male,B-GENDER
T1501,berojgar,B-OCCUPATION
T1501,living,O
T1501,in,O
T1501,Uttar,B-STATE
T1501,Pradesh,I-STATE
T1501,My,O
T1501,annual,O
T1501,household,O
T1501,income,O
T1501,is,O
T1501,600000,B-ANNUAL_INCOME
T1501,rupees,O
T1502,I,O
T1502,belong,O
T1502,to,O
T1502,ST,B-CASTE_CATEGORY
T1502,category,O
T1502,from,O
T1502,Bihar,B-STATE
T1502,Age,O
T1502,is,O
T1502,54,B-AGE
T1502,profession,O
T1502,is,O
T1502,street,B-OCCUPATION
T1502,vendor,I-OCCUPATION
T1502,income,O
T1502,around,O
T1502,200000,B-ANNUAL_INCOME
T1503,Namaste,O
T1503,main,O
T1503,44,B-AGE
T1503,varsh,O
T1503,ka,O
T1503,unemployed,B-OCCUPATION
T1503,hu,O
T1503,Madhya,B-STATE
T1503,Pradesh,I-STATE
T1503,se,O
T1503,Meri,O
T1503,income,O
T1503,120000,B-ANNUAL_INCOME
T1503,rupaye,O
T1503,hai,O
T1503,aur,O
T1503,main,O
T1503,SC,B-CASTE_CATEGORY
T1503,varg,O
T1503,se,O
T1503,hoon,O
T1503,Main,O
T1503,divyang,B-DISABILITY
T1503,hu,O
T1504,I,O
T1504,am,O
T1504,a,O
T1504,48,B-AGE
T1504,year,O
T1504,old,O
T1504,male,B-GENDER
T1504,street,B-OCCUPATION
T1504,vendor,I-OCCUPATION
T1504,living,O
T1504,in,O
T1504,Tamil,B-STATE
T1504,Nadu,I-STATE
T1504,My,O
T1504,annual,O
T1504,household,O
T1504,income,O
T1504,is,O
T1504,120000,B-ANNUAL_INCOME
T1504,rupees,O
T1505,Hi,O
T1505,I,O
T1505,am,O
T1505,52,B-AGE
T1505,years,O
T1505,old,O
T1505,student,B-OCCUPATION
T1505,from,O
T1505,Maharashtra,B-STATE
T1505,My,O
T1505,family,O
T1505,income,O
T1505,is,O
T1505,80000,B-ANNUAL_INCOME
T1505,and,O
T1505,I,O
T1505,am,O
T1505,differently,B-DISABILITY
T1505,abled,I-DISABILITY
T1506,Mera,O
T1506,naam,O
T1506,Ramesh,O
T1506,hai,O
T1506,main,O
T1506,Madhya,B-STATE
T1506,Pradesh,I-STATE
T1506,ka,O
T1506,rehne,O
T1506,wala,O
T1506,hu,O
T1506,Main,O
T1506,General,B-CASTE_CATEGORY
T1506,category,O
T1506,se,O
T1506,ek,O
T1506,purush,B-GENDER
T1506,hu,O
T1506,aur,O
T1506,farmer,B-OCCUPATION
T1506,hu,O
T1506,Aamdani,O
T1506,0,B-ANNUAL_INCOME
T1506,per,O
T1506,year,O
T1506,hai,O
T1507,Main,O
T1507,West,B-STATE
T1507,Bengal,I-STATE
T1507,se,O
T1507,ek,O
T1507,farmer,B-OCCUPATION
T1507,hu,O
T1507,meri,O
T1507,umar,O
T1507,30,B-AGE
T1507,saal,O
T1507,hai,O
T1507,aur,O
T1507,saalana,O
T1507,kamai,O
T1507,0,B-ANNUAL_INCOME
T1507,rupe,O
T1507,hai,O
T1508,Namaste,O
T1508,main,O
T1508,26,B-AGE
T1508,varsh,O
T1508,ka,O
T1508,daily,B-OCCUPATION
T1508,wage,I-OCCUPATION
T1508,worker,I-OCCUPATION
T1508,hu,O
T1508,Karnataka,B-STATE
T1508,se,O
T1508,Meri,O
T1508,income,O
T1508,600000,B-ANNUAL_INCOME
T1508,rupaye,O
T1508,hai,O
T1508,aur,O
T1508,main,O
T1508,ST,B-CASTE_CATEGORY
T1508,varg,O
T1508,se,O
T1508,hoon,O
T1508,Main,O
T1508,divyang,B-DISABILITY
T1508,hu,O
T1509,Main,O
T1509,Maharashtra,B-STATE
T1509,se,O
T1509,ek,O
T1509,berojgar,B-OCCUPATION
T1509,hu,O
T1509,meri,O
T1509,umar,O
T1509,56,B-AGE
T1509,saal,O
T1509,hai,O
T1509,aur,O
T1509,saalana,O
T1509,kamai,O
T1509,600000,B-ANNUAL_INCOME
T1509,rupe,O
T1509,hai,O
T1510,Mera,O
T1510,naam,O
T1510,Ramesh,O
T1510,hai,O
T1510,main,O
T1510,Karnataka,B-STATE
T1510,ka,O
T1510,rehne,O
T1510,wala,O
T1510,hu,O
T1510,Main,O
T1510,ST,B-CASTE_CATEGORY
T1510,category,O
T1510,se,O
T1510,ek,O
T1510,purush,B-GENDER
T1510,hu,O
T1510,aur,O
T1510,daily,B-OCCUPATION
T1510,wage,I-OCCUPATION
T1510,worker,I-OCCUPATION
T1510,hu,O
T1510,Aamdani,O
T1510,350000,B-ANNUAL_INCOME
T1510,per,O
T1510,year,O
T1510,hai,O
T1511,Hi,O
T1511,I,O
T1511,am,O
T1511,37,B-AGE
T1511,years,O
T1511,old,O
T1511,student,O
T1511,from,O
T1511,West,B-STATE
T1511,Bengal,I-STATE
T1511,My,O
T1511,family,O
T1511,income,O
T1511,is,O
T1511,0,B-ANNUAL_INCOME
T1511,and,O
T1511,I,O
T1511,am,O
T1511,differently,B-DISABILITY
T1511,abled,I-DISABILITY
T1512,Hi,O
T1512,I,O
T1512,am,O
T1512,61,B-AGE
T1512,years,O
T1512,old,O
T1512,student,O
T1512,from,O
T1512,Bihar,B-STATE
T1512,My,O
T1512,family,O
T1512,income,O
T1512,is,O
T1512,120000,B-ANNUAL_INCOME
T1512,and,O
T1512,I,O
T1512,am,O
T1512,differently,B-DISABILITY
T1512,abled,I-DISABILITY
T1513,Mera,O
T1513,naam,O
T1513,Ramesh,O
T1513,hai,O
T1513,main,O
T1513,Madhya,B-STATE
T1513,Pradesh,I-STATE
T1513,ka,O
T1513,rehne,O
T1513,wala,O
T1513,hu,O
T1513,Main,O
T1513,General,B-CASTE_CATEGORY
T1513,category,O
T1513,se,O
T1513,ek,O
T1513,mahila,B-GENDER
T1513,hu,O
T1513,aur,O
T1513,mazdoor,B-OCCUPATION
T1513,hu,O
T1513,Aamdani,O
T1513,200000,B-ANNUAL_INCOME
T1513,per,O
T1513,year,O
T1513,hai,O
T1514,I,O
T1514,am,O
T1514,a,O
T1514,42,B-AGE
T1514,year,O
T1514,old,O
T1514,female,B-GENDER
T1514,rehri,B-OCCUPATION
T1514,wala,I-OCCUPATION
T1514,living,O
T1514,in,O
T1514,Bihar,B-STATE
T1514,My,O
T1514,annual,O
T1514,household,O
T1514,income,O
T1514,is,O
T1514,120000,B-ANNUAL_INCOME
T1514,rupees,O
T1515,Main,O
T1515,Maharashtra,B-STATE
T1515,se,O
T1515,ek,O
T1515,street,B-OCCUPATION
T1515,vendor,I-OCCUPATION
T1515,hu,O
T1515,meri,O
T1515,umar,O
T1515,33,B-AGE
T1515,saal,O
T1515,hai,O
T1515,aur,O
T1515,saalana,O
T1515,kamai,O
T1515,0,B-ANNUAL_INCOME
T1515,rupe,O
T1515,hai,O
T1516,Mera,O
T1516,naam,O
T1516,Ramesh,O
T1516,hai,O
T1516,main,O
T1516,Uttar,B-STATE
T1516,Pradesh,I-STATE
T1516,ka,O
T1516,rehne,O
T1516,wala,O
T1516,hu,O
T1516,Main,O
T1516,General,B-CASTE_CATEGORY
T1516,category,O
T1516,se,O
T1516,ek,O
T1516,mahila,B-GENDER
T1516,hu,O
T1516,aur,O
T1516,unemployed,B-OCCUPATION
T1516,hu,O
T1516,Aamdani,O
T1516,45000,B-ANNUAL_INCOME
T1516,per,O
T1516,year,O
T1516,hai,O
T1517,Hi,O
T1517,I,O
T1517,am,O
T1517,42,B-AGE
T1517,years,O
T1517,old,O
T1517,student,O
T1517,from,O
T1517,Maharashtra,B-STATE
T1517,My,O
T1517,family,O
T1517,income,O
T1517,is,O
T1517,0,B-ANNUAL_INCOME
T1517,and,O
T1517,I,O
T1517,am,O
T1517,differently,B-DISABILITY
T1517,abled,I-DISABILITY
T1518,Namaste,O
T1518,main,O
T1518,62,B-AGE
T1518,varsh,O
T1518,ka,O
T1518,mazdoor,B-OCCUPATION
T1518,hu,O
T1518,Tamil,B-STATE
T1518,Nadu,I-STATE
T1518,se,O
T1518,Meri,O
T1518,income,O
T1518,80000,B-ANNUAL_INCOME
T1518,rupaye,O
T1518,hai,O
T1518,aur,O
T1518,main,O
T1518,OBC,B-CASTE_CATEGORY
T1518,varg,O
T1518,se,O
T1518,hoon,O
T1518,Main,O
T1518,divyang,B-DISABILITY
T1518,hu,O
T1519,Mera,O
T1519,naam,O
T1519,Ramesh,O
T1519,hai,O
T1519,main,O
T1519,Tamil,B-STATE
T1519,Nadu,I-STATE
T1519,ka,O
T1519,rehne,O
T1519,wala,O
T1519,hu,O
T1519,Main,O
T1519,OBC,B-CASTE_CATEGORY
T1519,category,O
T1519,se,O
T1519,ek,O
T1519,mahila,B-GENDER
T1519,hu,O
T1519,aur,O
T1519,student,B-OCCUPATION
T1519,hu,O
T1519,Aamdani,O
T1519,45000,B-ANNUAL_INCOME
T1519,per,O
T1519,year,O
T1519,hai,O
T1520,Mera,O
T1520,naam,O
T1520,Ramesh,O
T1520,hai,O
T1520,main,O
T1520,West,B-STATE
T1520,Bengal,I-STATE
T1520,ka,O
T1520,rehne,O
T1520,wala,O
T1520,hu,O
T1520,Main,O
T1520,General,B-CASTE_CATEGORY
T1520,category,O
T1520,se,O
T1520,ek,O
T1520,mahila,B-GENDER
T1520,hu,O
T1520,aur,O
T1520,labour,B-OCCUPATION
T1520,hu,O
T1520,Aamdani,O
T1520,0,B-ANNUAL_INCOME
T1520,per,O
T1520,year,O
T1520,hai,O
T1521,Namaste,O
T1521,main,O
T1521,59,B-AGE
T1521,varsh,O
T1521,ka,O
T1521,kisan,B-OCCUPATION
T1521,hu,O
T1521,Uttar,B-STATE
T1521,Pradesh,I-STATE
T1521,se,O
T1521,Meri,O
T1521,income,O
T1521,350000,B-ANNUAL_INCOME
T1521,rupaye,O
T1521,hai,O
T1521,aur,O
T1521,main,O
T1521,ST,B-CASTE_CATEGORY
T1521,varg,O
T1521,se,O
T1521,hoon,O
T1521,Main,O
T1521,divyang,B-DISABILITY
T1521,hu,O
T1522,I,O
T1522,belong,O
T1522,to,O
T1522,OBC,B-CASTE_CATEGORY
T1522,category,O
T1522,from,O
T1522,Maharashtra,B-STATE
T1522,Age,O
T1522,is,O
T1522,43,B-AGE
T1522,profession,O
T1522,is,O
T1522,street,B-OCCUPATION
T1522,vendor,I-OCCUPATION
T1522,income,O
T1522,around,O
T1522,45000,B-ANNUAL_INCOME
T1523,Hi,O
T1523,I,O
T1523,am,O
T1523,40,B-AGE
T1523,years,O
T1523,old,O
T1523,student,O
T1523,from,O
T1523,Maharashtra,B-STATE
T1523,My,O
T1523,family,O
T1523,income,O
T1523,is,O
T1523,200000,B-ANNUAL_INCOME
T1523,and,O
T1523,I,O
T1523,am,O
T1523,differently,B-DISABILITY
T1523,abled,I-DISABILITY
T1524,I,O
T1524,am,O
T1524,a,O
T1524,48,B-AGE
T1524,year,O
T1524,old,O
T1524,male,B-GENDER
T1524,daily,B-OCCUPATION
T1524,wage,I-OCCUPATION
T1524,worker,I-OCCUPATION
T1524,living,O
T1524,in,O
T1524,West,B-STATE
T1524,Bengal,I-STATE
T1524,My,O
T1524,annual,O
T1524,household,O
T1524,income,O
T1524,is,O
T1524,80000,B-ANNUAL_INCOME
T1524,rupees,O
T1525,Mera,O
T1525,naam,O
T1525,Ramesh,O
T1525,hai,O
T1525,main,O
T1525,Tamil,B-STATE
T1525,Nadu,I-STATE
T1525,ka,O
T1525,rehne,O
T1525,wala,O
T1525,hu,O
T1525,Main,O
T1525,SC,B-CASTE_CATEGORY
T1525,category,O
T1525,se,O
T1525,ek,O
T1525,mahila,B-GENDER
T1525,hu,O
T1525,aur,O
T1525,weaver,B-OCCUPATION
T1525,hu,O
T1525,Aamdani,O
T1525,200000,B-ANNUAL_INCOME
T1525,per,O
T1525,year,O
T1525,hai,O
T1526,Namaste,O
T1526,main,O
T1526,51,B-AGE
T1526,varsh,O
T1526,ka,O
T1526,unemployed,B-OCCUPATION
T1526,hu,O
T1526,Karnataka,B-STATE
T1526,se,O
T1526,Meri,O
T1526,income,O
T1526,45000,B-ANNUAL_INCOME
T1526,rupaye,O
T1526,hai,O
T1526,aur,O
T1526,main,O
T1526,SC,B-CASTE_CATEGORY
T1526,varg,O
T1526,se,O
T1526,hoon,O
T1526,Main,O
T1526,divyang,B-DISABILITY
T1526,hu,O
T1527,Hi,O
T1527,I,O
T1527,am,O
T1527,62,B-AGE
T1527,years,O
T1527,old,O
T1527,student,O
T1527,from,O
T1527,Karnataka,B-STATE
T1527,My,O
T1527,family,O
T1527,income,O
T1527,is,O
T1527,45000,B-ANNUAL_INCOME
T1527,and,O
T1527,I,O
T1527,am,O
T1527,differently,B-DISABILITY
T1527,abled,I-DISABILITY
T1528,Mera,O
T1528,naam,O
T1528,Ramesh,O
T1528,hai,O
T1528,main,O
T1528,Karnataka,B-STATE
T1528,ka,O
T1528,rehne,O
T1528,wala,O
T1528,hu,O
T1528,Main,O
T1528,OBC,B-CASTE_CATEGORY
T1528,category,O
T1528,se,O
T1528,ek,O
T1528,mahila,B-GENDER
T1528,hu,O
T1528,aur,O
T1528,mazdoor,B-OCCUPATION
T1528,hu,O
T1528,Aamdani,O
T1528,600000,B-ANNUAL_INCOME
T1528,per,O
T1528,year,O
T1528,hai,O
T1529,Hi,O
T1529,I,O
T1529,am,O
T1529,25,B-AGE
T1529,years,O
T1529,old,O
T1529,student,O
T1529,from,O
T1529,Rajasthan,B-STATE
T1529,My,O
T1529,family,O
T1529,income,O
T1529,is,O
T1529,350000,B-ANNUAL_INCOME
T1529,and,O
T1529,I,O
T1529,am,O
T1529,differently,B-DISABILITY
T1529,abled,I-DISABILITY
T1530,I,O
T1530,am,O
T1530,a,O
T1530,34,B-AGE
T1530,year,O
T1530,old,O
T1530,male,B-GENDER
T1530,kisan,B-OCCUPATION
T1530,living,O
T1530,in,O
T1530,Tamil,B-STATE
T1530,Nadu,I-STATE
T1530,My,O
T1530,annual,O
T1530,household,O
T1530,income,O
T1530,is,O
T1530,120000,B-ANNUAL_INCOME
T1530,rupees,O
T1531,I,O
T1531,belong,O
T1531,to,O
T1531,General,B-CASTE_CATEGORY
T1531,category,O
T1531,from,O
T1531,Bihar,B-STATE
T1531,Age,O
T1531,is,O
T1531,45,B-AGE
T1531,profession,O
T1531,is,O
T1531,chhatra,B-OCCUPATION
T1531,income,O
T1531,around,O
T1531,600000,B-ANNUAL_INCOME
T1532,I,O
T1532,belong,O
T1532,to,O
T1532,ST,B-CASTE_CATEGORY
T1532,category,O
T1532,from,O
T1532,West,B-STATE
T1532,Bengal,I-STATE
T1532,Age,O
T1532,is,O
T1532,48,B-AGE
T1532,profession,O
T1532,is,O
T1532,weaver,B-OCCUPATION
T1532,income,O
T1532,around,O
T1532,350000,B-ANNUAL_INCOME
T1533,Namaste,O
T1533,main,O
T1533,62,B-AGE
T1533,varsh,O
T1533,ka,O
T1533,chhatra,B-OCCUPATION
T1533,hu,O
T1533,Madhya,B-STATE
T1533,Pradesh,I-STATE
T1533,se,O
T1533,Meri,O
T1533,income,O
T1533,350000,B-ANNUAL_INCOME
T1533,rupaye,O
T1533,hai,O
T1533,aur,O
T1533,main,O
T1533,SC,B-CASTE_CATEGORY
T1533,varg,O
T1533,se,O
T1533,hoon,O
T1533,Main,O
T1533,divyang,B-DISABILITY
T1533,hu,O
T1534,Namaste,O
T1534,main,O
T1534,38,B-AGE
T1534,varsh,O
T1534,ka,O
T1534,daily,B-OCCUPATION
T1534,wage,I-OCCUPATION
T1534,worker,I-OCCUPATION
T1534,hu,O
T1534,Karnataka,B-STATE
T1534,se,O
T1534,Meri,O
T1534,income,O
T1534,0,B-ANNUAL_INCOME
T1534,rupaye,O
T1534,hai,O
T1534,aur,O
T1534,main,O
T1534,SC,B-CASTE_CATEGORY
T1534,varg,O
T1534,se,O
T1534,hoon,O
T1534,Main,O
T1534,divyang,B-DISABILITY
T1534,hu,O
T1535,Namaste,O
T1535,main,O
T1535,36,B-AGE
T1535,varsh,O
T1535,ka,O
T1535,unemployed,B-OCCUPATION
T1535,hu,O
T1535,Madhya,B-STATE
T1535,Pradesh,I-STATE
T1535,se,O
T1535,Meri,O
T1535,income,O
T1535,120000,B-ANNUAL_INCOME
T1535,rupaye,O
T1535,hai,O
T1535,aur,O
T1535,main,O
T1535,SC,B-CASTE_CATEGORY
T1535,varg,O
T1535,se,O
T1535,hoon,O
T1535,Main,O
T1535,divyang,B-DISABILITY
T1535,hu,O
T1536,I,O
T1536,am,O
T1536,a,O
T1536,57,B-AGE
T1536,year,O
T1536,old,O
T1536,male,B-GENDER
T1536,student,B-OCCUPATION
T1536,living,O
T1536,in,O
T1536,West,B-STATE
T1536,Bengal,I-STATE
T1536,My,O
T1536,annual,O
T1536,household,O
T1536,income,O
T1536,is,O
T1536,350000,B-ANNUAL_INCOME
T1536,rupees,O
T1537,Namaste,O
T1537,main,O
T1537,43,B-AGE
T1537,varsh,O
T1537,ka,O
T1537,weaver,B-OCCUPATION
T1537,hu,O
T1537,Rajasthan,B-STATE
T1537,se,O
T1537,Meri,O
T1537,income,O
T1537,200000,B-ANNUAL_INCOME
T1537,rupaye,O
T1537,hai,O
T1537,aur,O
T1537,main,O
T1537,General,B-CASTE_CATEGORY
T1537,varg,O
T1537,se,O
T1537,hoon,O
T1537,Main,O
T1537,divyang,B-DISABILITY
T1537,hu,O
T1538,Hi,O
T1538,I,O
T1538,am,O
T1538,19,B-AGE
T1538,years,O
T1538,old,O
T1538,student,O
T1538,from,O
T1538,Maharashtra,B-STATE
T1538,My,O
T1538,family,O
T1538,income,O
T1538,is,O
T1538,80000,B-ANNUAL_INCOME
T1538,and,O
T1538,I,O
T1538,am,O
T1538,differently,B-DISABILITY
T1538,abled,I-DISABILITY
T1539,I,O
T1539,am,O
T1539,a,O
T1539,26,B-AGE
T1539,year,O
T1539,old,O
T1539,female,B-GENDER
T1539,chhatra,B-OCCUPATION
T1539,living,O
T1539,in,O
T1539,Bihar,B-STATE
T1539,My,O
T1539,annual,O
T1539,household,O
T1539,income,O
T1539,is,O
T1539,600000,B-ANNUAL_INCOME
T1539,rupees,O
T1540,Mera,O
T1540,naam,O
T1540,Ramesh,O
T1540,hai,O
T1540,main,O
T1540,Karnataka,B-STATE
T1540,ka,O
T1540,rehne,O
T1540,wala,O
T1540,hu,O
T1540,Main,O
T1540,OBC,B-CASTE_CATEGORY
T1540,category,O
T1540,se,O
T1540,ek,O
T1540,purush,B-GENDER
T1540,hu,O
T1540,aur,O
T1540,unemployed,B-OCCUPATION
T1540,hu,O
T1540,Aamdani,O
T1540,200000,B-ANNUAL_INCOME
T1540,per,O
T1540,year,O
T1540,hai,O
T1541,Mera,O
T1541,naam,O
T1541,Ramesh,O
T1541,hai,O
T1541,main,O
T1541,Karnataka,B-STATE
T1541,ka,O
T1541,rehne,O
T1541,wala,O
T1541,hu,O
T1541,Main,O
T1541,General,B-CASTE_CATEGORY
T1541,category,O
T1541,se,O
T1541,ek,O
T1541,mahila,B-GENDER
T1541,hu,O
T1541,aur,O
T1541,student,B-OCCUPATION
T1541,hu,O
T1541,Aamdani,O
T1541,600000,B-ANNUAL_INCOME
T1541,per,O
T1541,year,O
T1541,hai,O
T1542,Hi,O
T1542,I,O
T1542,am,O
T1542,55,B-AGE
T1542,years,O
T1542,old,O
T1542,student,O
T1542,from,O
T1542,Rajasthan,B-STATE
T1542,My,O
T1542,family,O
T1542,income,O
T1542,is,O
T1542,0,B-ANNUAL_INCOME
T1542,and,O
T1542,I,O
T1542,am,O
T1542,differently,B-DISABILITY
T1542,abled,I-DISABILITY
T1543,I,O
T1543,belong,O
T1543,to,O
T1543,General,B-CASTE_CATEGORY
T1543,category,O
T1543,from,O
T1543,Rajasthan,B-STATE
T1543,Age,O
T1543,is,O
T1543,39,B-AGE
T1543,profession,O
T1543,is,O
T1543,weaver,B-OCCUPATION
T1543,income,O
T1543,around,O
T1543,80000,B-ANNUAL_INCOME
T1544,I,O
T1544,belong,O
T1544,to,O
T1544,OBC,B-CASTE_CATEGORY
T1544,category,O
T1544,from,O
T1544,Uttar,B-STATE
T1544,Pradesh,I-STATE
T1544,Age,O
T1544,is,O
T1544,35,B-AGE
T1544,profession,O
T1544,is,O
T1544,mazdoor,B-OCCUPATION
T1544,income,O
T1544,around,O
T1544,600000,B-ANNUAL_INCOME
T1545,I,O
T1545,am,O
T1545,a,O
T1545,27,B-AGE
T1545,year,O
T1545,old,O
T1545,male,B-GENDER
T1545,berojgar,B-OCCUPATION
T1545,living,O
T1545,in,O
T1545,Uttar,B-STATE
T1545,Pradesh,I-STATE
T1545,My,O
T1545,annual,O
T1545,household,O
T1545,income,O
T1545,is,O
T1545,80000,B-ANNUAL_INCOME
T1545,rupees,O
T1546,Mera,O
T1546,naam,O
T1546,Ramesh,O
T1546,hai,O
T1546,main,O
T1546,Madhya,B-STATE
T1546,Pradesh,I-STATE
T1546,ka,O
T1546,rehne,O
T1546,wala,O
T1546,hu,O
T1546,Main,O
T1546,OBC,B-CASTE_CATEGORY
T1546,category,O
T1546,se,O
T1546,ek,O
T1546,purush,B-GENDER
T1546,hu,O
T1546,aur,O
T1546,rehri,B-OCCUPATION
T1546,wala,I-OCCUPATION
T1546,hu,O
T1546,Aamdani,O
T1546,200000,B-ANNUAL_INCOME
T1546,per,O
T1546,year,O
T1546,hai,O
T1547,Hi,O
T1547,I,O
T1547,am,O
T1547,27,B-AGE
T1547,years,O
T1547,old,O
T1547,student,O
T1547,from,O
T1547,Karnataka,B-STATE
T1547,My,O
T1547,family,O
T1547,income,O
T1547,is,O
T1547,80000,B-ANNUAL_INCOME
T1547,and,O
T1547,I,O
T1547,am,O
T1547,differently,B-DISABILITY
T1547,abled,I-DISABILITY
T1548,Main,O
T1548,Karnataka,B-STATE
T1548,se,O
T1548,ek,O
T1548,artisan,B-OCCUPATION
T1548,hu,O
T1548,meri,O
T1548,umar,O
T1548,57,B-AGE
T1548,saal,O
T1548,hai,O
T1548,aur,O
T1548,saalana,O
T1548,kamai,O
T1548,350000,B-ANNUAL_INCOME
T1548,rupe,O
T1548,hai,O
T1549,I,O
T1549,belong,O
T1549,to,O
T1549,OBC,B-CASTE_CATEGORY
T1549,category,O
T1549,from,O
T1549,Rajasthan,B-STATE
T1549,Age,O
T1549,is,O
T1549,36,B-AGE
T1549,profession,O
T1549,is,O
T1549,kisan,B-OCCUPATION
T1549,income,O
T1549,around,O
T1549,120000,B-ANNUAL_INCOME
T1550,Hi,O
T1550,I,O
T1550,am,O
T1550,28,B-AGE
T1550,years,O
T1550,old,O
T1550,student,O
T1550,from,O
T1550,Maharashtra,B-STATE
T1550,My,O
T1550,family,O
T1550,income,O
T1550,is,O
T1550,45000,B-ANNUAL_INCOME
T1550,and,O
T1550,I,O
T1550,am,O
T1550,differently,B-DISABILITY
T1550,abled,I-DISABILITY
T1551,Namaste,O
T1551,main,O
T1551,46,B-AGE
T1551,varsh,O
T1551,ka,O
T1551,mazdoor,B-OCCUPATION
T1551,hu,O
T1551,Karnataka,B-STATE
T1551,se,O
T1551,Meri,O
T1551,income,O
T1551,45000,B-ANNUAL_INCOME
T1551,rupaye,O
T1551,hai,O
T1551,aur,O
T1551,main,O
T1551,ST,B-CASTE_CATEGORY
T1551,varg,O
T1551,se,O
T1551,hoon,O
T1551,Main,O
T1551,divyang,B-DISABILITY
T1551,hu,O
T1552,I,O
T1552,belong,O
T1552,to,O
T1552,SC,B-CASTE_CATEGORY
T1552,category,O
T1552,from,O
T1552,Tamil,B-STATE
T1552,Nadu,I-STATE
T1552,Age,O
T1552,is,O
T1552,27,B-AGE
T1552,profession,O
T1552,is,O
T1552,berojgar,B-OCCUPATION
T1552,income,O
T1552,around,O
T1552,45000,B-ANNUAL_INCOME
T1553,Hi,O
T1553,I,O
T1553,am,O
T1553,34,B-AGE
T1553,years,O
T1553,old,O
T1553,student,O
T1553,from,O
T1553,Bihar,B-STATE
T1553,My,O
T1553,family,O
T1553,income,O
T1553,is,O
T1553,200000,B-ANNUAL_INCOME
T1553,and,O
T1553,I,O
T1553,am,O
T1553,differently,B-DISABILITY
T1553,abled,I-DISABILITY
T1554,I,O
T1554,belong,O
T1554,to,O
T1554,ST,B-CASTE_CATEGORY
T1554,category,O
T1554,from,O
T1554,Uttar,B-STATE
T1554,Pradesh,I-STATE
T1554,Age,O
T1554,is,O
T1554,42,B-AGE
T1554,profession,O
T1554,is,O
T1554,berojgar,B-OCCUPATION
T1554,income,O
T1554,around,O
T1554,80000,B-ANNUAL_INCOME
T1555,Namaste,O
T1555,main,O
T1555,45,B-AGE
T1555,varsh,O
T1555,ka,O
T1555,labour,B-OCCUPATION
T1555,hu,O
T1555,Madhya,B-STATE
T1555,Pradesh,I-STATE
T1555,se,O
T1555,Meri,O
T1555,income,O
T1555,80000,B-ANNUAL_INCOME
T1555,rupaye,O
T1555,hai,O
T1555,aur,O
T1555,main,O
T1555,General,B-CASTE_CATEGORY
T1555,varg,O
T1555,se,O
T1555,hoon,O
T1555,Main,O
T1555,divyang,B-DISABILITY
T1555,hu,O
T1556,Hi,O
T1556,I,O
T1556,am,O
T1556,51,B-AGE
T1556,years,O
T1556,old,O
T1556,student,O
T1556,from,O
T1556,Rajasthan,B-STATE
T1556,My,O
T1556,family,O
T1556,income,O
T1556,is,O
T1556,120000,B-ANNUAL_INCOME
T1556,and,O
T1556,I,O
T1556,am,O
T1556,differently,B-DISABILITY
T1556,abled,I-DISABILITY
T1557,Mera,O
T1557,naam,O
T1557,Ramesh,O
T1557,hai,O
T1557,main,O
T1557,Bihar,B-STATE
T1557,ka,O
T1557,rehne,O
T1557,wala,O
T1557,hu,O
T1557,Main,O
T1557,SC,B-CASTE_CATEGORY
T1557,category,O
T1557,se,O
T1557,ek,O
T1557,purush,B-GENDER
T1557,hu,O
T1557,aur,O
T1557,street,B-OCCUPATION
T1557,vendor,I-OCCUPATION
T1557,hu,O
T1557,Aamdani,O
T1557,350000,B-ANNUAL_INCOME
T1557,per,O
T1557,year,O
T1557,hai,O
T1558,I,O
T1558,belong,O
T1558,to,O
T1558,OBC,B-CASTE_CATEGORY
T1558,category,O
T1558,from,O
T1558,Maharashtra,B-STATE
T1558,Age,O
T1558,is,O
T1558,35,B-AGE
T1558,profession,O
T1558,is,O
T1558,kisan,B-OCCUPATION
T1558,income,O
T1558,around,O
T1558,200000,B-ANNUAL_INCOME
T1559,Namaste,O
T1559,main,O
T1559,27,B-AGE
T1559,varsh,O
T1559,ka,O
T1559,farmer,B-OCCUPATION
T1559,hu,O
T1559,Madhya,B-STATE
T1559,Pradesh,I-STATE
T1559,se,O
T1559,Meri,O
T1559,income,O
T1559,80000,B-ANNUAL_INCOME
T1559,rupaye,O
T1559,hai,O
T1559,aur,O
T1559,main,O
T1559,SC,B-CASTE_CATEGORY
T1559,varg,O
T1559,se,O
T1559,hoon,O
T1559,Main,O
T1559,divyang,B-DISABILITY
T1559,hu,O
T1560,Hi,O
T1560,I,O
T1560,am,O
T1560,49,B-AGE
T1560,years,O
T1560,old,O
T1560,student,O
T1560,from,O
T1560,Uttar,B-STATE
T1560,Pradesh,I-STATE
T1560,My,O
T1560,family,O
T1560,income,O
T1560,is,O
T1560,200000,B-ANNUAL_INCOME
T1560,and,O
T1560,I,O
T1560,am,O
T1560,differently,B-DISABILITY
T1560,abled,I-DISABILITY
T1561,Main,O
T1561,Madhya,B-STATE
T1561,Pradesh,I-STATE
T1561,se,O
T1561,ek,O
T1561,student,B-OCCUPATION
T1561,hu,O
T1561,meri,O
T1561,umar,O
T1561,46,B-AGE
T1561,saal,O
T1561,hai,O
T1561,aur,O
T1561,saalana,O
T1561,kamai,O
T1561,200000,B-ANNUAL_INCOME
T1561,rupe,O
T1561,hai,O
T1562,Hi,O
T1562,I,O
T1562,am,O
T1562,65,B-AGE
T1562,years,O
T1562,old,O
T1562,student,O
T1562,from,O
T1562,Uttar,B-STATE
T1562,Pradesh,I-STATE
T1562,My,O
T1562,family,O
T1562,income,O
T1562,is,O
T1562,200000,B-ANNUAL_INCOME
T1562,and,O
T1562,I,O
T1562,am,O
T1562,differently,B-DISABILITY
T1562,abled,I-DISABILITY
T1563,Main,O
T1563,Uttar,B-STATE
T1563,Pradesh,I-STATE
T1563,se,O
T1563,ek,O
T1563,artisan,B-OCCUPATION
T1563,hu,O
T1563,meri,O
T1563,umar,O
T1563,50,B-AGE
T1563,saal,O
T1563,hai,O
T1563,aur,O
T1563,saalana,O
T1563,kamai,O
T1563,350000,B-ANNUAL_INCOME
T1563,rupe,O
T1563,hai,O
T1564,Mera,O
T1564,naam,O
T1564,Ramesh,O
T1564,hai,O
T1564,main,O
T1564,Karnataka,B-STATE
T1564,ka,O
T1564,rehne,O
T1564,wala,O
T1564,hu,O
T1564,Main,O
T1564,General,B-CASTE_CATEGORY
T1564,category,O
T1564,se,O
T1564,ek,O
T1564,mahila,B-GENDER
T1564,hu,O
T1564,aur,O
T1564,labour,B-OCCUPATION
T1564,hu,O
T1564,Aamdani,O
T1564,80000,B-ANNUAL_INCOME
T1564,per,O
T1564,year,O
T1564,hai,O
T1565,I,O
T1565,belong,O
T1565,to,O
T1565,ST,B-CASTE_CATEGORY
T1565,category,O
T1565,from,O
T1565,West,B-STATE
T1565,Bengal,I-STATE
T1565,Age,O
T1565,is,O
T1565,51,B-AGE
T1565,profession,O
T1565,is,O
T1565,chhatra,B-OCCUPATION
T1565,income,O
T1565,around,O
T1565,600000,B-ANNUAL_INCOME
T1566,I,O
T1566,am,O
T1566,a,O
T1566,54,B-AGE
T1566,year,O
T1566,old,O
T1566,female,B-GENDER
T1566,chhatra,B-OCCUPATION
T1566,living,O
T1566,in,O
T1566,Madhya,B-STATE
T1566,Pradesh,I-STATE
T1566,My,O
T1566,annual,O
T1566,household,O
T1566,income,O
T1566,is,O
T1566,45000,B-ANNUAL_INCOME
T1566,rupees,O
T1567,I,O
T1567,am,O
T1567,a,O
T1567,18,B-AGE
T1567,year,O
T1567,old,O
T1567,male,B-GENDER
T1567,bunkar,B-OCCUPATION
T1567,living,O
T1567,in,O
T1567,Madhya,B-STATE
T1567,Pradesh,I-STATE
T1567,My,O
T1567,annual,O
T1567,household,O
T1567,income,O
T1567,is,O
T1567,350000,B-ANNUAL_INCOME
T1567,rupees,O
T1568,Mera,O
T1568,naam,O
T1568,Ramesh,O
T1568,hai,O
T1568,main,O
T1568,West,B-STATE
T1568,Bengal,I-STATE
T1568,ka,O
T1568,rehne,O
T1568,wala,O
T1568,hu,O
T1568,Main,O
T1568,OBC,B-CASTE_CATEGORY
T1568,category,O
T1568,se,O
T1568,ek,O
T1568,purush,B-GENDER
T1568,hu,O
T1568,aur,O
T1568,chhatra,B-OCCUPATION
T1568,hu,O
T1568,Aamdani,O
T1568,0,B-ANNUAL_INCOME
T1568,per,O
T1568,year,O
T1568,hai,O
T1569,Mera,O
T1569,naam,O
T1569,Ramesh,O
T1569,hai,O
T1569,main,O
T1569,Maharashtra,B-STATE
T1569,ka,O
T1569,rehne,O
T1569,wala,O
T1569,hu,O
T1569,Main,O
T1569,SC,B-CASTE_CATEGORY
T1569,category,O
T1569,se,O
T1569,ek,O
T1569,mahila,B-GENDER
T1569,hu,O
T1569,aur,O
T1569,rehri,B-OCCUPATION
T1569,wala,I-OCCUPATION
T1569,hu,O
T1569,Aamdani,O
T1569,0,B-ANNUAL_INCOME
T1569,per,O
T1569,year,O
T1569,hai,O
T1570,I,O
T1570,am,O
T1570,a,O
T1570,32,B-AGE
T1570,year,O
T1570,old,O
T1570,male,B-GENDER
T1570,unemployed,B-OCCUPATION
T1570,living,O
T1570,in,O
T1570,Tamil,B-STATE
T1570,Nadu,I-STATE
T1570,My,O
T1570,annual,O
T1570,household,O
T1570,income,O
T1570,is,O
T1570,0,B-ANNUAL_INCOME
T1570,rupees,O
T1571,Mera,O
T1571,naam,O
T1571,Ramesh,O
T1571,hai,O
T1571,main,O
T1571,Rajasthan,B-STATE
T1571,ka,O
T1571,rehne,O
T1571,wala,O
T1571,hu,O
T1571,Main,O
T1571,OBC,B-CASTE_CATEGORY
T1571,category,O
T1571,se,O
T1571,ek,O
T1571,mahila,B-GENDER
T1571,hu,O
T1571,aur,O
T1571,weaver,B-OCCUPATION
T1571,hu,O
T1571,Aamdani,O
T1571,120000,B-ANNUAL_INCOME
T1571,per,O
T1571,year,O
T1571,hai,O
T1572,Main,O
T1572,Bihar,B-STATE
T1572,se,O
T1572,ek,O
T1572,labour,B-OCCUPATION
T1572,hu,O
T1572,meri,O
T1572,umar,O
T1572,39,B-AGE
T1572,saal,O
T1572,hai,O
T1572,aur,O
T1572,saalana,O
T1572,kamai,O
T1572,120000,B-ANNUAL_INCOME
T1572,rupe,O
T1572,hai,O
T1573,Hi,O
T1573,I,O
T1573,am,O
T1573,61,B-AGE
T1573,years,O
T1573,old,O
T1573,student,O
T1573,from,O
T1573,Maharashtra,B-STATE
T1573,My,O
T1573,family,O
T1573,income,O
T1573,is,O
T1573,45000,B-ANNUAL_INCOME
T1573,and,O
T1573,I,O
T1573,am,O
T1573,differently,B-DISABILITY
T1573,abled,I-DISABILITY
T1574,I,O
T1574,am,O
T1574,a,O
T1574,58,B-AGE
T1574,year,O
T1574,old,O
T1574,male,B-GENDER
T1574,student,B-OCCUPATION
T1574,living,O
T1574,in,O
T1574,West,B-STATE
T1574,Bengal,I-STATE
T1574,My,O
T1574,annual,O
T1574,household,O
T1574,income,O
T1574,is,O
T1574,120000,B-ANNUAL_INCOME
T1574,rupees,O
T1575,Main,O
T1575,Tamil,B-STATE
T1575,Nadu,I-STATE
T1575,se,O
T1575,ek,O
T1575,student,B-OCCUPATION
T1575,hu,O
T1575,meri,O
T1575,umar,O
T1575,21,B-AGE
T1575,saal,O
T1575,hai,O
T1575,aur,O
T1575,saalana,O
T1575,kamai,O
T1575,80000,B-ANNUAL_INCOME
T1575,rupe,O
T1575,hai,O
T1576,Namaste,O
T1576,main,O
T1576,61,B-AGE
T1576,varsh,O
T1576,ka,O
T1576,kisan,B-OCCUPATION
T1576,hu,O
T1576,Maharashtra,B-STATE
T1576,se,O
T1576,Meri,O
T1576,income,O
T1576,0,B-ANNUAL_INCOME
T1576,rupaye,O
T1576,hai,O
T1576,aur,O
T1576,main,O
T1576,SC,B-CASTE_CATEGORY
T1576,varg,O
T1576,se,O
T1576,hoon,O
T1576,Main,O
T1576,divyang,B-DISABILITY
T1576,hu,O
T1577,Hi,O
T1577,I,O
T1577,am,O
T1577,22,B-AGE
T1577,years,O
T1577,old,O
T1577,student,O
T1577,from,O
T1577,Karnataka,B-STATE
T1577,My,O
T1577,family,O
T1577,income,O
T1577,is,O
T1577,80000,B-ANNUAL_INCOME
T1577,and,O
T1577,I,O
T1577,am,O
T1577,differently,B-DISABILITY
T1577,abled,I-DISABILITY
T1578,I,O
T1578,belong,O
T1578,to,O
T1578,ST,B-CASTE_CATEGORY
T1578,category,O
T1578,from,O
T1578,Karnataka,B-STATE
T1578,Age,O
T1578,is,O
T1578,45,B-AGE
T1578,profession,O
T1578,is,O
T1578,daily,B-OCCUPATION
T1578,wage,I-OCCUPATION
T1578,worker,I-OCCUPATION
T1578,income,O
T1578,around,O
T1578,200000,B-ANNUAL_INCOME
T1579,Namaste,O
T1579,main,O
T1579,26,B-AGE
T1579,varsh,O
T1579,ka,O
T1579,chhatra,B-OCCUPATION
T1579,hu,O
T1579,Tamil,B-STATE
T1579,Nadu,I-STATE
T1579,se,O
T1579,Meri,O
T1579,income,O
T1579,200000,B-ANNUAL_INCOME
T1579,rupaye,O
T1579,hai,O
T1579,aur,O
T1579,main,O
T1579,SC,B-CASTE_CATEGORY
T1579,varg,O
T1579,se,O
T1579,hoon,O
T1579,Main,O
T1579,divyang,B-DISABILITY
T1579,hu,O
T1580,Namaste,O
T1580,main,O
T1580,61,B-AGE
T1580,varsh,O
T1580,ka,O
T1580,artisan,B-OCCUPATION
T1580,hu,O
T1580,Maharashtra,B-STATE
T1580,se,O
T1580,Meri,O
T1580,income,O
T1580,350000,B-ANNUAL_INCOME
T1580,rupaye,O
T1580,hai,O
T1580,aur,O
T1580,main,O
T1580,General,B-CASTE_CATEGORY
T1580,varg,O
T1580,se,O
T1580,hoon,O
T1580,Main,O
T1580,divyang,B-DISABILITY
T1580,hu,O
T1581,Namaste,O
T1581,main,O
T1581,31,B-AGE
T1581,varsh,O
T1581,ka,O
T1581,street,B-OCCUPATION
T1581,vendor,I-OCCUPATION
T1581,hu,O
T1581,Bihar,B-STATE
T1581,se,O
T1581,Meri,O
T1581,income,O
T1581,45000,B-ANNUAL_INCOME
T1581,rupaye,O
T1581,hai,O
T1581,aur,O
T1581,main,O
T1581,SC,B-CASTE_CATEGORY
T1581,varg,O
T1581,se,O
T1581,hoon,O
T1581,Main,O
T1581,divyang,B-DISABILITY
T1581,hu,O
T1582,I,O
T1582,belong,O
T1582,to,O
T1582,SC,B-CASTE_CATEGORY
T1582,category,O
T1582,from,O
T1582,Madhya,B-STATE
T1582,Pradesh,I-STATE
T1582,Age,O
T1582,is,O
T1582,40,B-AGE
T1582,profession,O
T1582,is,O
T1582,artisan,B-OCCUPATION
T1582,income,O
T1582,around,O
T1582,80000,B-ANNUAL_INCOME
T1583,Hi,O
T1583,I,O
T1583,am,O
T1583,48,B-AGE
T1583,years,O
T1583,old,O
T1583,student,O
T1583,from,O
T1583,Maharashtra,B-STATE
T1583,My,O
T1583,family,O
T1583,income,O
T1583,is,O
T1583,0,B-ANNUAL_INCOME
T1583,and,O
T1583,I,O
T1583,am,O
T1583,differently,B-DISABILITY
T1583,abled,I-DISABILITY
T1584,Mera,O
T1584,naam,O
T1584,Ramesh,O
T1584,hai,O
T1584,main,O
T1584,Maharashtra,B-STATE
T1584,ka,O
T1584,rehne,O
T1584,wala,O
T1584,hu,O
T1584,Main,O
T1584,OBC,B-CASTE_CATEGORY
T1584,category,O
T1584,se,O
T1584,ek,O
T1584,mahila,B-GENDER
T1584,hu,O
T1584,aur,O
T1584,labour,B-OCCUPATION
T1584,hu,O
T1584,Aamdani,O
T1584,600000,B-ANNUAL_INCOME
T1584,per,O
T1584,year,O
T1584,hai,O
T1585,Hi,O
T1585,I,O
T1585,am,O
T1585,61,B-AGE
T1585,years,O
T1585,old,O
T1585,student,O
T1585,from,O
T1585,Uttar,B-STATE
T1585,Pradesh,I-STATE
T1585,My,O
T1585,family,O
T1585,income,O
T1585,is,O
T1585,350000,B-ANNUAL_INCOME
T1585,and,O
T1585,I,O
T1585,am,O
T1585,differently,B-DISABILITY
T1585,abled,I-DISABILITY
T1586,Main,O
T1586,Tamil,B-STATE
T1586,Nadu,I-STATE
T1586,se,O
T1586,ek,O
T1586,chhatra,B-OCCUPATION
T1586,hu,O
T1586,meri,O
T1586,umar,O
T1586,25,B-AGE
T1586,saal,O
T1586,hai,O
T1586,aur,O
T1586,saalana,O
T1586,kamai,O
T1586,600000,B-ANNUAL_INCOME
T1586,rupe,O
T1586,hai,O
T1587,I,O
T1587,belong,O
T1587,to,O
T1587,General,B-CASTE_CATEGORY
T1587,category,O
T1587,from,O
T1587,Karnataka,B-STATE
T1587,Age,O
T1587,is,O
T1587,41,B-AGE
T1587,profession,O
T1587,is,O
T1587,labour,B-OCCUPATION
T1587,income,O
T1587,around,O
T1587,0,B-ANNUAL_INCOME
T1588,Main,O
T1588,Bihar,B-STATE
T1588,se,O
T1588,ek,O
T1588,street,B-OCCUPATION
T1588,vendor,I-OCCUPATION
T1588,hu,O
T1588,meri,O
T1588,umar,O
T1588,39,B-AGE
T1588,saal,O
T1588,hai,O
T1588,aur,O
T1588,saalana,O
T1588,kamai,O
T1588,600000,B-ANNUAL_INCOME
T1588,rupe,O
T1588,hai,O
T1589,Hi,O
T1589,I,O
T1589,am,O
T1589,27,B-AGE
T1589,years,O
T1589,old,O
T1589,student,O
T1589,from,O
T1589,Bihar,B-STATE
T1589,My,O
T1589,family,O
T1589,income,O
T1589,is,O
T1589,600000,B-ANNUAL_INCOME
T1589,and,O
T1589,I,O
T1589,am,O
T1589,differently,B-DISABILITY
T1589,abled,I-DISABILITY
T1590,Namaste,O
T1590,main,O
T1590,57,B-AGE
T1590,varsh,O
T1590,ka,O
T1590,artisan,B-OCCUPATION
T1590,hu,O
T1590,Karnataka,B-STATE
T1590,se,O
T1590,Meri,O
T1590,income,O
T1590,0,B-ANNUAL_INCOME
T1590,rupaye,O
T1590,hai,O
T1590,aur,O
T1590,main,O
T1590,General,B-CASTE_CATEGORY
T1590,varg,O
T1590,se,O
T1590,hoon,O
T1590,Main,O
T1590,divyang,B-DISABILITY
T1590,hu,O
T1591,I,O
T1591,am,O
T1591,a,O
T1591,53,B-AGE
T1591,year,O
T1591,old,O
T1591,male,B-GENDER
T1591,artisan,B-OCCUPATION
T1591,living,O
T1591,in,O
T1591,Bihar,B-STATE
T1591,My,O
T1591,annual,O
T1591,household,O
T1591,income,O
T1591,is,O
T1591,45000,B-ANNUAL_INCOME
T1591,rupees,O
T1592,I,O
T1592,belong,O
T1592,to,O
T1592,OBC,B-CASTE_CATEGORY
T1592,category,O
T1592,from,O
T1592,Madhya,B-STATE
T1592,Pradesh,I-STATE
T1592,Age,O
T1592,is,O
T1592,50,B-AGE
T1592,profession,O
T1592,is,O
T1592,chhatra,B-OCCUPATION
T1592,income,O
T1592,around,O
T1592,0,B-ANNUAL_INCOME
T1593,Hi,O
T1593,I,O
T1593,am,O
T1593,25,B-AGE
T1593,years,O
T1593,old,O
T1593,student,O
T1593,from,O
T1593,Uttar,B-STATE
T1593,Pradesh,I-STATE
T1593,My,O
T1593,family,O
T1593,income,O
T1593,is,O
T1593,45000,B-ANNUAL_INCOME
T1593,and,O
T1593,I,O
T1593,am,O
T1593,differently,B-DISABILITY
T1593,abled,I-DISABILITY
T1594,Hi,O
T1594,I,O
T1594,am,O
T1594,54,B-AGE
T1594,years,O
T1594,old,O
T1594,student,O
T1594,from,O
T1594,Rajasthan,B-STATE
T1594,My,O
T1594,family,O
T1594,income,O
T1594,is,O
T1594,120000,B-ANNUAL_INCOME
T1594,and,O
T1594,I,O
T1594,am,O
T1594,differently,B-DISABILITY
T1594,abled,I-DISABILITY
T1595,I,O
T1595,am,O
T1595,a,O
T1595,44,B-AGE
T1595,year,O
T1595,old,O
T1595,male,B-GENDER
T1595,rehri,B-OCCUPATION
T1595,wala,I-OCCUPATION
T1595,living,O
T1595,in,O
T1595,Maharashtra,B-STATE
T1595,My,O
T1595,annual,O
T1595,household,O
T1595,income,O
T1595,is,O
T1595,120000,B-ANNUAL_INCOME
T1595,rupees,O
T1596,Mera,O
T1596,naam,O
T1596,Ramesh,O
T1596,hai,O
T1596,main,O
T1596,Madhya,B-STATE
T1596,Pradesh,I-STATE
T1596,ka,O
T1596,rehne,O
T1596,wala,O
T1596,hu,O
T1596,Main,O
T1596,General,B-CASTE_CATEGORY
T1596,category,O
T1596,se,O
T1596,ek,O
T1596,purush,B-GENDER
T1596,hu,O
T1596,aur,O
T1596,street,B-OCCUPATION
T1596,vendor,I-OCCUPATION
T1596,hu,O
T1596,Aamdani,O
T1596,600000,B-ANNUAL_INCOME
T1596,per,O
T1596,year,O
T1596,hai,O
T1597,Mera,O
T1597,naam,O
T1597,Ramesh,O
T1597,hai,O
T1597,main,O
T1597,Rajasthan,B-STATE
T1597,ka,O
T1597,rehne,O
T1597,wala,O
T1597,hu,O
T1597,Main,O
T1597,General,B-CASTE_CATEGORY
T1597,category,O
T1597,se,O
T1597,ek,O
T1597,mahila,B-GENDER
T1597,hu,O
T1597,aur,O
T1597,chhatra,B-OCCUPATION
T1597,hu,O
T1597,Aamdani,O
T1597,0,B-ANNUAL_INCOME
T1597,per,O
T1597,year,O
T1597,hai,O
T1598,I,O
T1598,belong,O
T1598,to,O
T1598,OBC,B-CASTE_CATEGORY
T1598,category,O
T1598,from,O
T1598,Tamil,B-STATE
T1598,Nadu,I-STATE
T1598,Age,O
T1598,is,O
T1598,38,B-AGE
T1598,profession,O
T1598,is,O
T1598,labour,B-OCCUPATION
T1598,income,O
T1598,around,O
T1598,120000,B-ANNUAL_INCOME
T1599,I,O
T1599,am,O
T1599,a,O
T1599,35,B-AGE
T1599,year,O
T1599,old,O
T1599,male,B-GENDER
T1599,chhatra,B-OCCUPATION
T1599,living,O
T1599,in,O
T1599,Rajasthan,B-STATE
T1599,My,O
T1599,annual,O
T1599,household,O
T1599,income,O
T1599,is,O
T1599,200000,B-ANNUAL_INCOME
T1599,rupees,O
T1600,I,O
T1600,am,O
T1600,a,O
T1600,46,B-AGE
T1600,year,O
T1600,old,O
T1600,male,B-GENDER
T1600,daily,B-OCCUPATION
T1600,wage,I-OCCUPATION
T1600,worker,I-OCCUPATION
T1600,living,O
T1600,in,O
T1600,Madhya,B-STATE
T1600,Pradesh,I-STATE
T1600,My,O
T1600,annual,O
T1600,household,O
T1600,income,O
T1600,is,O
T1600,80000,B-ANNUAL_INCOME
T1600,rupees,O
T1601,Hi,O
T1601,I,O
T1601,am,O
T1601,44,B-AGE
T1601,years,O
T1601,old,O
T1601,student,O
T1601,from,O
T1601,Karnataka,B-STATE
T1601,My,O
T1601,family,O
T1601,income,O
T1601,is,O
T1601,120000,B-ANNUAL_INCOME
T1601,and,O
T1601,I,O
T1601,am,O
T1601,differently,B-DISABILITY
T1601,abled,I-DISABILITY
T1602,Namaste,O
T1602,main,O
T1602,51,B-AGE
T1602,varsh,O
T1602,ka,O
T1602,chhatra,B-OCCUPATION
T1602,hu,O
T1602,Maharashtra,B-STATE
T1602,se,O
T1602,Meri,O
T1602,income,O
T1602,200000,B-ANNUAL_INCOME
T1602,rupaye,O
T1602,hai,O
T1602,aur,O
T1602,main,O
T1602,General,B-CASTE_CATEGORY
T1602,varg,O
T1602,se,O
T1602,hoon,O
T1602,Main,O
T1602,divyang,B-DISABILITY
T1602,hu,O
T1603,Hi,O
T1603,I,O
T1603,am,O
T1603,40,B-AGE
T1603,years,O
T1603,old,O
T1603,student,O
T1603,from,O
T1603,West,B-STATE
T1603,Bengal,I-STATE
T1603,My,O
T1603,family,O
T1603,income,O
T1603,is,O
T1603,600000,B-ANNUAL_INCOME
T1603,and,O
T1603,I,O
T1603,am,O
T1603,differently,B-DISABILITY
T1603,abled,I-DISABILITY
T1604,I,O
T1604,am,O
T1604,a,O
T1604,59,B-AGE
T1604,year,O
T1604,old,O
T1604,female,B-GENDER
T1604,bunkar,B-OCCUPATION
T1604,living,O
T1604,in,O
T1604,Karnataka,B-STATE
T1604,My,O
T1604,annual,O
T1604,household,O
T1604,income,O
T1604,is,O
T1604,45000,B-ANNUAL_INCOME
T1604,rupees,O
T1605,I,O
T1605,belong,O
T1605,to,O
T1605,SC,B-CASTE_CATEGORY
T1605,category,O
T1605,from,O
T1605,Maharashtra,B-STATE
T1605,Age,O
T1605,is,O
T1605,27,B-AGE
T1605,profession,O
T1605,is,O
T1605,berojgar,B-OCCUPATION
T1605,income,O
T1605,around,O
T1605,350000,B-ANNUAL_INCOME
T1606,Namaste,O
T1606,main,O
T1606,32,B-AGE
T1606,varsh,O
T1606,ka,O
T1606,kisan,B-OCCUPATION
T1606,hu,O
T1606,Madhya,B-STATE
T1606,Pradesh,I-STATE
T1606,se,O
T1606,Meri,O
T1606,income,O
T1606,80000,B-ANNUAL_INCOME
T1606,rupaye,O
T1606,hai,O
T1606,aur,O
T1606,main,O
T1606,ST,B-CASTE_CATEGORY
T1606,varg,O
T1606,se,O
T1606,hoon,O
T1606,Main,O
T1606,divyang,B-DISABILITY
T1606,hu,O
T1607,Main,O
T1607,Madhya,B-STATE
T1607,Pradesh,I-STATE
T1607,se,O
T1607,ek,O
T1607,kisan,B-OCCUPATION
T1607,hu,O
T1607,meri,O
T1607,umar,O
T1607,25,B-AGE
T1607,saal,O
T1607,hai,O
T1607,aur,O
T1607,saalana,O
T1607,kamai,O
T1607,0,B-ANNUAL_INCOME
T1607,rupe,O
T1607,hai,O
T1608,Main,O
T1608,Madhya,B-STATE
T1608,Pradesh,I-STATE
T1608,se,O
T1608,ek,O
T1608,student,B-OCCUPATION
T1608,hu,O
T1608,meri,O
T1608,umar,O
T1608,18,B-AGE
T1608,saal,O
T1608,hai,O
T1608,aur,O
T1608,saalana,O
T1608,kamai,O
T1608,45000,B-ANNUAL_INCOME
T1608,rupe,O
T1608,hai,O
T1609,Mera,O
T1609,naam,O
T1609,Ramesh,O
T1609,hai,O
T1609,main,O
T1609,Bihar,B-STATE
T1609,ka,O
T1609,rehne,O
T1609,wala,O
T1609,hu,O
T1609,Main,O
T1609,ST,B-CASTE_CATEGORY
T1609,category,O
T1609,se,O
T1609,ek,O
T1609,purush,B-GENDER
T1609,hu,O
T1609,aur,O
T1609,labour,B-OCCUPATION
T1609,hu,O
T1609,Aamdani,O
T1609,45000,B-ANNUAL_INCOME
T1609,per,O
T1609,year,O
T1609,hai,O
T1610,Hi,O
T1610,I,O
T1610,am,O
T1610,52,B-AGE
T1610,years,O
T1610,old,O
T1610,student,O
T1610,from,O
T1610,Karnataka,B-STATE
T1610,My,O
T1610,family,O
T1610,income,O
T1610,is,O
T1610,45000,B-ANNUAL_INCOME
T1610,and,O
T1610,I,O
T1610,am,O
T1610,differently,B-DISABILITY
T1610,abled,I-DISABILITY
T1611,I,O
T1611,belong,O
T1611,to,O
T1611,SC,B-CASTE_CATEGORY
T1611,category,O
T1611,from,O
T1611,Rajasthan,B-STATE
T1611,Age,O
T1611,is,O
T1611,25,B-AGE
T1611,profession,O
T1611,is,O
T1611,weaver,B-OCCUPATION
T1611,income,O
T1611,around,O
T1611,350000,B-ANNUAL_INCOME
T1612,Mera,O
T1612,naam,O
T1612,Ramesh,O
T1612,hai,O
T1612,main,O
T1612,Tamil,B-STATE
T1612,Nadu,I-STATE
T1612,ka,O
T1612,rehne,O
T1612,wala,O
T1612,hu,O
T1612,Main,O
T1612,SC,B-CASTE_CATEGORY
T1612,category,O
T1612,se,O
T1612,ek,O
T1612,mahila,B-GENDER
T1612,hu,O
T1612,aur,O
T1612,kisan,B-OCCUPATION
T1612,hu,O
T1612,Aamdani,O
T1612,80000,B-ANNUAL_INCOME
T1612,per,O
T1612,year,O
T1612,hai,O
T1613,Hi,O
T1613,I,O
T1613,am,O
T1613,25,B-AGE
T1613,years,O
T1613,old,O
T1613,student,O
T1613,from,O
T1613,Karnataka,B-STATE
T1613,My,O
T1613,family,O
T1613,income,O
T1613,is,O
T1613,120000,B-ANNUAL_INCOME
T1613,and,O
T1613,I,O
T1613,am,O
T1613,differently,B-DISABILITY
T1613,abled,I-DISABILITY
T1614,Main,O
T1614,Madhya,B-STATE
T1614,Pradesh,I-STATE
T1614,se,O
T1614,ek,O
T1614,kisan,B-OCCUPATION
T1614,hu,O
T1614,meri,O
T1614,umar,O
T1614,35,B-AGE
T1614,saal,O
T1614,hai,O
T1614,aur,O
T1614,saalana,O
T1614,kamai,O
T1614,200000,B-ANNUAL_INCOME
T1614,rupe,O
T1614,hai,O
T1615,Mera,O
T1615,naam,O
T1615,Ramesh,O
T1615,hai,O
T1615,main,O
T1615,Madhya,B-STATE
T1615,Pradesh,I-STATE
T1615,ka,O
T1615,rehne,O
T1615,wala,O
T1615,hu,O
T1615,Main,O
T1615,SC,B-CASTE_CATEGORY
T1615,category,O
T1615,se,O
T1615,ek,O
T1615,purush,B-GENDER
T1615,hu,O
T1615,aur,O
T1615,weaver,B-OCCUPATION
T1615,hu,O
T1615,Aamdani,O
T1615,80000,B-ANNUAL_INCOME
T1615,per,O
T1615,year,O
T1615,hai,O
T1616,Mera,O
T1616,naam,O
T1616,Ramesh,O
T1616,hai,O
T1616,main,O
T1616,Madhya,B-STATE
T1616,Pradesh,I-STATE
T1616,ka,O
T1616,rehne,O
T1616,wala,O
T1616,hu,O
T1616,Main,O
T1616,SC,B-CASTE_CATEGORY
T1616,category,O
T1616,se,O
T1616,ek,O
T1616,mahila,B-GENDER
T1616,hu,O
T1616,aur,O
T1616,berojgar,B-OCCUPATION
T1616,hu,O
T1616,Aamdani,O
T1616,350000,B-ANNUAL_INCOME
T1616,per,O
T1616,year,O
T1616,hai,O
T1617,I,O
T1617,belong,O
T1617,to,O
T1617,General,B-CASTE_CATEGORY
T1617,category,O
T1617,from,O
T1617,West,B-STATE
T1617,Bengal,I-STATE
T1617,Age,O
T1617,is,O
T1617,65,B-AGE
T1617,profession,O
T1617,is,O
T1617,labour,B-OCCUPATION
T1617,income,O
T1617,around,O
T1617,350000,B-ANNUAL_INCOME
T1618,Main,O
T1618,Bihar,B-STATE
T1618,se,O
T1618,ek,O
T1618,daily,B-OCCUPATION
T1618,wage,I-OCCUPATION
T1618,worker,I-OCCUPATION
T1618,hu,O
T1618,meri,O
T1618,umar,O
T1618,26,B-AGE
T1618,saal,O
T1618,hai,O
T1618,aur,O
T1618,saalana,O
T1618,kamai,O
T1618,350000,B-ANNUAL_INCOME
T1618,rupe,O
T1618,hai,O
T1619,Mera,O
T1619,naam,O
T1619,Ramesh,O
T1619,hai,O
T1619,main,O
T1619,Uttar,B-STATE
T1619,Pradesh,I-STATE
T1619,ka,O
T1619,rehne,O
T1619,wala,O
T1619,hu,O
T1619,Main,O
T1619,OBC,B-CASTE_CATEGORY
T1619,category,O
T1619,se,O
T1619,ek,O
T1619,purush,B-GENDER
T1619,hu,O
T1619,aur,O
T1619,labour,B-OCCUPATION
T1619,hu,O
T1619,Aamdani,O
T1619,0,B-ANNUAL_INCOME
T1619,per,O
T1619,year,O
T1619,hai,O
T1620,I,O
T1620,belong,O
T1620,to,O
T1620,ST,B-CASTE_CATEGORY
T1620,category,O
T1620,from,O
T1620,Madhya,B-STATE
T1620,Pradesh,I-STATE
T1620,Age,O
T1620,is,O
T1620,48,B-AGE
T1620,profession,O
T1620,is,O
T1620,chhatra,B-OCCUPATION
T1620,income,O
T1620,around,O
T1620,200000,B-ANNUAL_INCOME
T1621,I,O
T1621,belong,O
T1621,to,O
T1621,General,B-CASTE_CATEGORY
T1621,category,O
T1621,from,O
T1621,Tamil,B-STATE
T1621,Nadu,I-STATE
T1621,Age,O
T1621,is,O
T1621,19,B-AGE
T1621,profession,O
T1621,is,O
T1621,labour,B-OCCUPATION
T1621,income,O
T1621,around,O
T1621,600000,B-ANNUAL_INCOME
T1622,Main,O
T1622,Bihar,B-STATE
T1622,se,O
T1622,ek,O
T1622,unemployed,B-OCCUPATION
T1622,hu,O
T1622,meri,O
T1622,umar,O
T1622,49,B-AGE
T1622,saal,O
T1622,hai,O
T1622,aur,O
T1622,saalana,O
T1622,kamai,O
T1622,80000,B-ANNUAL_INCOME
T1622,rupe,O
T1622,hai,O
T1623,Mera,O
T1623,naam,O
T1623,Ramesh,O
T1623,hai,O
T1623,main,O
T1623,Maharashtra,B-STATE
T1623,ka,O
T1623,rehne,O
T1623,wala,O
T1623,hu,O
T1623,Main,O
T1623,SC,B-CASTE_CATEGORY
T1623,category,O
T1623,se,O
T1623,ek,O
T1623,purush,B-GENDER
T1623,hu,O
T1623,aur,O
T1623,labour,B-OCCUPATION
T1623,hu,O
T1623,Aamdani,O
T1623,600000,B-ANNUAL_INCOME
T1623,per,O
T1623,year,O
T1623,hai,O
T1624,Namaste,O
T1624,main,O
T1624,19,B-AGE
T1624,varsh,O
T1624,ka,O
T1624,bunkar,B-OCCUPATION
T1624,hu,O
T1624,Bihar,B-STATE
T1624,se,O
T1624,Meri,O
T1624,income,O
T1624,600000,B-ANNUAL_INCOME
T1624,rupaye,O
T1624,hai,O
T1624,aur,O
T1624,main,O
T1624,SC,B-CASTE_CATEGORY
T1624,varg,O
T1624,se,O
T1624,hoon,O
T1624,Main,O
T1624,divyang,B-DISABILITY
T1624,hu,O
T1625,Main,O
T1625,Uttar,B-STATE
T1625,Pradesh,I-STATE
T1625,se,O
T1625,ek,O
T1625,berojgar,B-OCCUPATION
T1625,hu,O
T1625,meri,O
T1625,umar,O
T1625,44,B-AGE
T1625,saal,O
T1625,hai,O
T1625,aur,O
T1625,saalana,O
T1625,kamai,O
T1625,120000,B-ANNUAL_INCOME
T1625,rupe,O
T1625,hai,O
T1626,Main,O
T1626,West,B-STATE
T1626,Bengal,I-STATE
T1626,se,O
T1626,ek,O
T1626,street,B-OCCUPATION
T1626,vendor,I-OCCUPATION
T1626,hu,O
T1626,meri,O
T1626,umar,O
T1626,58,B-AGE
T1626,saal,O
T1626,hai,O
T1626,aur,O
T1626,saalana,O
T1626,kamai,O
T1626,600000,B-ANNUAL_INCOME
T1626,rupe,O
T1626,hai,O
T1627,Mera,O
T1627,naam,O
T1627,Ramesh,O
T1627,hai,O
T1627,main,O
T1627,Maharashtra,B-STATE
T1627,ka,O
T1627,rehne,O
T1627,wala,O
T1627,hu,O
T1627,Main,O
T1627,ST,B-CASTE_CATEGORY
T1627,category,O
T1627,se,O
T1627,ek,O
T1627,mahila,B-GENDER
T1627,hu,O
T1627,aur,O
T1627,farmer,B-OCCUPATION
T1627,hu,O
T1627,Aamdani,O
T1627,45000,B-ANNUAL_INCOME
T1627,per,O
T1627,year,O
T1627,hai,O
T1628,Namaste,O
T1628,main,O
T1628,43,B-AGE
T1628,varsh,O
T1628,ka,O
T1628,farmer,B-OCCUPATION
T1628,hu,O
T1628,West,B-STATE
T1628,Bengal,I-STATE
T1628,se,O
T1628,Meri,O
T1628,income,O
T1628,200000,B-ANNUAL_INCOME
T1628,rupaye,O
T1628,hai,O
T1628,aur,O
T1628,main,O
T1628,ST,B-CASTE_CATEGORY
T1628,varg,O
T1628,se,O
T1628,hoon,O
T1628,Main,O
T1628,divyang,B-DISABILITY
T1628,hu,O
T1629,Main,O
T1629,Karnataka,B-STATE
T1629,se,O
T1629,ek,O
T1629,street,B-OCCUPATION
T1629,vendor,I-OCCUPATION
T1629,hu,O
T1629,meri,O
T1629,umar,O
T1629,40,B-AGE
T1629,saal,O
T1629,hai,O
T1629,aur,O
T1629,saalana,O
T1629,kamai,O
T1629,45000,B-ANNUAL_INCOME
T1629,rupe,O
T1629,hai,O
T1630,Main,O
T1630,West,B-STATE
T1630,Bengal,I-STATE
T1630,se,O
T1630,ek,O
T1630,farmer,B-OCCUPATION
T1630,hu,O
T1630,meri,O
T1630,umar,O
T1630,33,B-AGE
T1630,saal,O
T1630,hai,O
T1630,aur,O
T1630,saalana,O
T1630,kamai,O
T1630,120000,B-ANNUAL_INCOME
T1630,rupe,O
T1630,hai,O
T1631,Main,O
T1631,Bihar,B-STATE
T1631,se,O
T1631,ek,O
T1631,rehri,B-OCCUPATION
T1631,wala,I-OCCUPATION
T1631,hu,O
T1631,meri,O
T1631,umar,O
T1631,62,B-AGE
T1631,saal,O
T1631,hai,O
T1631,aur,O
T1631,saalana,O
T1631,kamai,O
T1631,600000,B-ANNUAL_INCOME
T1631,rupe,O
T1631,hai,O
T1632,Hi,O
T1632,I,O
T1632,am,O
T1632,57,B-AGE
T1632,years,O
T1632,old,O
T1632,student,O
T1632,from,O
T1632,Karnataka,B-STATE
T1632,My,O
T1632,family,O
T1632,income,O
T1632,is,O
T1632,120000,B-ANNUAL_INCOME
T1632,and,O
T1632,I,O
T1632,am,O
T1632,differently,B-DISABILITY
T1632,abled,I-DISABILITY
T1633,I,O
T1633,am,O
T1633,a,O
T1633,38,B-AGE
T1633,year,O
T1633,old,O
T1633,female,B-GENDER
T1633,berojgar,B-OCCUPATION
T1633,living,O
T1633,in,O
T1633,Karnataka,B-STATE
T1633,My,O
T1633,annual,O
T1633,household,O
T1633,income,O
T1633,is,O
T1633,120000,B-ANNUAL_INCOME
T1633,rupees,O
T1634,Namaste,O
T1634,main,O
T1634,63,B-AGE
T1634,varsh,O
T1634,ka,O
T1634,kisan,B-OCCUPATION
T1634,hu,O
T1634,Maharashtra,B-STATE
T1634,se,O
T1634,Meri,O
T1634,income,O
T1634,350000,B-ANNUAL_INCOME
T1634,rupaye,O
T1634,hai,O
T1634,aur,O
T1634,main,O
T1634,ST,B-CASTE_CATEGORY
T1634,varg,O
T1634,se,O
T1634,hoon,O
T1634,Main,O
T1634,divyang,B-DISABILITY
T1634,hu,O
T1635,Main,O
T1635,Maharashtra,B-STATE
T1635,se,O
T1635,ek,O
T1635,kisan,B-OCCUPATION
T1635,hu,O
T1635,meri,O
T1635,umar,O
T1635,53,B-AGE
T1635,saal,O
T1635,hai,O
T1635,aur,O
T1635,saalana,O
T1635,kamai,O
T1635,200000,B-ANNUAL_INCOME
T1635,rupe,O
T1635,hai,O
T1636,I,O
T1636,belong,O
T1636,to,O
T1636,SC,B-CASTE_CATEGORY
T1636,category,O
T1636,from,O
T1636,Maharashtra,B-STATE
T1636,Age,O
T1636,is,O
T1636,48,B-AGE
T1636,profession,O
T1636,is,O
T1636,student,B-OCCUPATION
T1636,income,O
T1636,around,O
T1636,600000,B-ANNUAL_INCOME
T1637,Namaste,O
T1637,main,O
T1637,39,B-AGE
T1637,varsh,O
T1637,ka,O
T1637,kisan,B-OCCUPATION
T1637,hu,O
T1637,Tamil,B-STATE
T1637,Nadu,I-STATE
T1637,se,O
T1637,Meri,O
T1637,income,O
T1637,350000,B-ANNUAL_INCOME
T1637,rupaye,O
T1637,hai,O
T1637,aur,O
T1637,main,O
T1637,OBC,B-CASTE_CATEGORY
T1637,varg,O
T1637,se,O
T1637,hoon,O
T1637,Main,O
T1637,divyang,B-DISABILITY
T1637,hu,O
T1638,Hi,O
T1638,I,O
T1638,am,O
T1638,23,B-AGE
T1638,years,O
T1638,old,O
T1638,student,O
T1638,from,O
T1638,Maharashtra,B-STATE
T1638,My,O
T1638,family,O
T1638,income,O
T1638,is,O
T1638,80000,B-ANNUAL_INCOME
T1638,and,O
T1638,I,O
T1638,am,O
T1638,differently,B-DISABILITY
T1638,abled,I-DISABILITY
T1639,Hi,O
T1639,I,O
T1639,am,O
T1639,24,B-AGE
T1639,years,O
T1639,old,O
T1639,student,O
T1639,from,O
T1639,Tamil,B-STATE
T1639,Nadu,I-STATE
T1639,My,O
T1639,family,O
T1639,income,O
T1639,is,O
T1639,200000,B-ANNUAL_INCOME
T1639,and,O
T1639,I,O
T1639,am,O
T1639,differently,B-DISABILITY
T1639,abled,I-DISABILITY
T1640,I,O
T1640,belong,O
T1640,to,O
T1640,General,B-CASTE_CATEGORY
T1640,category,O
T1640,from,O
T1640,Tamil,B-STATE
T1640,Nadu,I-STATE
T1640,Age,O
T1640,is,O
T1640,39,B-AGE
T1640,profession,O
T1640,is,O
T1640,street,B-OCCUPATION
T1640,vendor,I-OCCUPATION
T1640,income,O
T1640,around,O
T1640,200000,B-ANNUAL_INCOME
T1641,I,O
T1641,belong,O
T1641,to,O
T1641,General,B-CASTE_CATEGORY
T1641,category,O
T1641,from,O
T1641,West,B-STATE
T1641,Bengal,I-STATE
T1641,Age,O
T1641,is,O
T1641,43,B-AGE
T1641,profession,O
T1641,is,O
T1641,farmer,B-OCCUPATION
T1641,income,O
T1641,around,O
T1641,350000,B-ANNUAL_INCOME
T1642,Mera,O
T1642,naam,O
T1642,Ramesh,O
T1642,hai,O
T1642,main,O
T1642,Madhya,B-STATE
T1642,Pradesh,I-STATE
T1642,ka,O
T1642,rehne,O
T1642,wala,O
T1642,hu,O
T1642,Main,O
T1642,SC,B-CASTE_CATEGORY
T1642,category,O
T1642,se,O
T1642,ek,O
T1642,purush,B-GENDER
T1642,hu,O
T1642,aur,O
T1642,rehri,B-OCCUPATION
T1642,wala,I-OCCUPATION
T1642,hu,O
T1642,Aamdani,O
T1642,45000,B-ANNUAL_INCOME
T1642,per,O
T1642,year,O
T1642,hai,O
T1643,I,O
T1643,belong,O
T1643,to,O
T1643,OBC,B-CASTE_CATEGORY
T1643,category,O
T1643,from,O
T1643,Maharashtra,B-STATE
T1643,Age,O
T1643,is,O
T1643,20,B-AGE
T1643,profession,O
T1643,is,O
T1643,daily,B-OCCUPATION
T1643,wage,I-OCCUPATION
T1643,worker,I-OCCUPATION
T1643,income,O
T1643,around,O
T1643,45000,B-ANNUAL_INCOME
T1644,Main,O
T1644,Tamil,B-STATE
T1644,Nadu,I-STATE
T1644,se,O
T1644,ek,O
T1644,rehri,B-OCCUPATION
T1644,wala,I-OCCUPATION
T1644,hu,O
T1644,meri,O
T1644,umar,O
T1644,25,B-AGE
T1644,saal,O
T1644,hai,O
T1644,aur,O
T1644,saalana,O
T1644,kamai,O
T1644,0,B-ANNUAL_INCOME
T1644,rupe,O
T1644,hai,O
T1645,I,O
T1645,belong,O
T1645,to,O
T1645,General,B-CASTE_CATEGORY
T1645,category,O
T1645,from,O
T1645,Bihar,B-STATE
T1645,Age,O
T1645,is,O
T1645,56,B-AGE
T1645,profession,O
T1645,is,O
T1645,farmer,B-OCCUPATION
T1645,income,O
T1645,around,O
T1645,120000,B-ANNUAL_INCOME
T1646,Hi,O
T1646,I,O
T1646,am,O
T1646,40,B-AGE
T1646,years,O
T1646,old,O
T1646,student,O
T1646,from,O
T1646,Bihar,B-STATE
T1646,My,O
T1646,family,O
T1646,income,O
T1646,is,O
T1646,600000,B-ANNUAL_INCOME
T1646,and,O
T1646,I,O
T1646,am,O
T1646,differently,B-DISABILITY
T1646,abled,I-DISABILITY
T1647,Mera,O
T1647,naam,O
T1647,Ramesh,O
T1647,hai,O
T1647,main,O
T1647,Karnataka,B-STATE
T1647,ka,O
T1647,rehne,O
T1647,wala,O
T1647,hu,O
T1647,Main,O
T1647,ST,B-CASTE_CATEGORY
T1647,category,O
T1647,se,O
T1647,ek,O
T1647,mahila,B-GENDER
T1647,hu,O
T1647,aur,O
T1647,kisan,B-OCCUPATION
T1647,hu,O
T1647,Aamdani,O
T1647,200000,B-ANNUAL_INCOME
T1647,per,O
T1647,year,O
T1647,hai,O
T1648,Main,O
T1648,Madhya,B-STATE
T1648,Pradesh,I-STATE
T1648,se,O
T1648,ek,O
T1648,kisan,B-OCCUPATION
T1648,hu,O
T1648,meri,O
T1648,umar,O
T1648,55,B-AGE
T1648,saal,O
T1648,hai,O
T1648,aur,O
T1648,saalana,O
T1648,kamai,O
T1648,0,B-ANNUAL_INCOME
T1648,rupe,O
T1648,hai,O
T1649,Hi,O
T1649,I,O
T1649,am,O
T1649,60,B-AGE
T1649,years,O
T1649,old,O
T1649,student,O
T1649,from,O
T1649,Madhya,B-STATE
T1649,Pradesh,I-STATE
T1649,My,O
T1649,family,O
T1649,income,O
T1649,is,O
T1649,45000,B-ANNUAL_INCOME
T1649,and,O
T1649,I,O
T1649,am,O
T1649,differently,B-DISABILITY
T1649,abled,I-DISABILITY
T1650,Main,O
T1650,Karnataka,B-STATE
T1650,se,O
T1650,ek,O
T1650,artisan,B-OCCUPATION
T1650,hu,O
T1650,meri,O
T1650,umar,O
T1650,35,B-AGE
T1650,saal,O
T1650,hai,O
T1650,aur,O
T1650,saalana,O
T1650,kamai,O
T1650,200000,B-ANNUAL_INCOME
T1650,rupe,O
T1650,hai,O
T1651,Mera,O
T1651,naam,O
T1651,Ramesh,O
T1651,hai,O
T1651,main,O
T1651,Bihar,B-STATE
T1651,ka,O
T1651,rehne,O
T1651,wala,O
T1651,hu,O
T1651,Main,O
T1651,General,B-CASTE_CATEGORY
T1651,category,O
T1651,se,O
T1651,ek,O
T1651,purush,B-GENDER
T1651,hu,O
T1651,aur,O
T1651,unemployed,B-OCCUPATION
T1651,hu,O
T1651,Aamdani,O
T1651,80000,B-ANNUAL_INCOME
T1651,per,O
T1651,year,O
T1651,hai,O
T1652,Main,O
T1652,Uttar,B-STATE
T1652,Pradesh,I-STATE
T1652,se,O
T1652,ek,O
T1652,labour,B-OCCUPATION
T1652,hu,O
T1652,meri,O
T1652,umar,O
T1652,25,B-AGE
T1652,saal,O
T1652,hai,O
T1652,aur,O
T1652,saalana,O
T1652,kamai,O
T1652,120000,B-ANNUAL_INCOME
T1652,rupe,O
T1652,hai,O
T1653,I,O
T1653,am,O
T1653,a,O
T1653,53,B-AGE
T1653,year,O
T1653,old,O
T1653,female,B-GENDER
T1653,daily,B-OCCUPATION
T1653,wage,I-OCCUPATION
T1653,worker,I-OCCUPATION
T1653,living,O
T1653,in,O
T1653,Karnataka,B-STATE
T1653,My,O
T1653,annual,O
T1653,household,O
T1653,income,O
T1653,is,O
T1653,45000,B-ANNUAL_INCOME
T1653,rupees,O
T1654,I,O
T1654,am,O
T1654,a,O
T1654,65,B-AGE
T1654,year,O
T1654,old,O
T1654,male,B-GENDER
T1654,unemployed,B-OCCUPATION
T1654,living,O
T1654,in,O
T1654,Rajasthan,B-STATE
T1654,My,O
T1654,annual,O
T1654,household,O
T1654,income,O
T1654,is,O
T1654,80000,B-ANNUAL_INCOME
T1654,rupees,O
T1655,Namaste,O
T1655,main,O
T1655,48,B-AGE
T1655,varsh,O
T1655,ka,O
T1655,rehri,B-OCCUPATION
T1655,wala,I-OCCUPATION
T1655,hu,O
T1655,Uttar,B-STATE
T1655,Pradesh,I-STATE
T1655,se,O
T1655,Meri,O
T1655,income,O
T1655,120000,B-ANNUAL_INCOME
T1655,rupaye,O
T1655,hai,O
T1655,aur,O
T1655,main,O
T1655,ST,B-CASTE_CATEGORY
T1655,varg,O
T1655,se,O
T1655,hoon,O
T1655,Main,O
T1655,divyang,B-DISABILITY
T1655,hu,O
T1656,I,O
T1656,am,O
T1656,a,O
T1656,45,B-AGE
T1656,year,O
T1656,old,O
T1656,male,B-GENDER
T1656,farmer,B-OCCUPATION
T1656,living,O
T1656,in,O
T1656,Maharashtra,B-STATE
T1656,My,O
T1656,annual,O
T1656,household,O
T1656,income,O
T1656,is,O
T1656,350000,B-ANNUAL_INCOME
T1656,rupees,O
T1657,Namaste,O
T1657,main,O
T1657,20,B-AGE
T1657,varsh,O
T1657,ka,O
T1657,chhatra,B-OCCUPATION
T1657,hu,O
T1657,West,B-STATE
T1657,Bengal,I-STATE
T1657,se,O
T1657,Meri,O
T1657,income,O
T1657,200000,B-ANNUAL_INCOME
T1657,rupaye,O
T1657,hai,O
T1657,aur,O
T1657,main,O
T1657,SC,B-CASTE_CATEGORY
T1657,varg,O
T1657,se,O
T1657,hoon,O
T1657,Main,O
T1657,divyang,B-DISABILITY
T1657,hu,O
T1658,Namaste,O
T1658,main,O
T1658,19,B-AGE
T1658,varsh,O
T1658,ka,O
T1658,mazdoor,B-OCCUPATION
T1658,hu,O
T1658,West,B-STATE
T1658,Bengal,I-STATE
T1658,se,O
T1658,Meri,O
T1658,income,O
T1658,200000,B-ANNUAL_INCOME
T1658,rupaye,O
T1658,hai,O
T1658,aur,O
T1658,main,O
T1658,ST,B-CASTE_CATEGORY
T1658,varg,O
T1658,se,O
T1658,hoon,O
T1658,Main,O
T1658,divyang,B-DISABILITY
T1658,hu,O
T1659,Mera,O
T1659,naam,O
T1659,Ramesh,O
T1659,hai,O
T1659,main,O
T1659,West,B-STATE
T1659,Bengal,I-STATE
T1659,ka,O
T1659,rehne,O
T1659,wala,O
T1659,hu,O
T1659,Main,O
T1659,SC,B-CASTE_CATEGORY
T1659,category,O
T1659,se,O
T1659,ek,O
T1659,mahila,B-GENDER
T1659,hu,O
T1659,aur,O
T1659,farmer,B-OCCUPATION
T1659,hu,O
T1659,Aamdani,O
T1659,200000,B-ANNUAL_INCOME
T1659,per,O
T1659,year,O
T1659,hai,O
T1660,Mera,O
T1660,naam,O
T1660,Ramesh,O
T1660,hai,O
T1660,main,O
T1660,Tamil,B-STATE
T1660,Nadu,I-STATE
T1660,ka,O
T1660,rehne,O
T1660,wala,O
T1660,hu,O
T1660,Main,O
T1660,SC,B-CASTE_CATEGORY
T1660,category,O
T1660,se,O
T1660,ek,O
T1660,purush,B-GENDER
T1660,hu,O
T1660,aur,O
T1660,street,B-OCCUPATION
T1660,vendor,I-OCCUPATION
T1660,hu,O
T1660,Aamdani,O
T1660,200000,B-ANNUAL_INCOME
T1660,per,O
T1660,year,O
T1660,hai,O
T1661,I,O
T1661,am,O
T1661,a,O
T1661,23,B-AGE
T1661,year,O
T1661,old,O
T1661,female,B-GENDER
T1661,street,B-OCCUPATION
T1661,vendor,I-OCCUPATION
T1661,living,O
T1661,in,O
T1661,Madhya,B-STATE
T1661,Pradesh,I-STATE
T1661,My,O
T1661,annual,O
T1661,household,O
T1661,income,O
T1661,is,O
T1661,600000,B-ANNUAL_INCOME
T1661,rupees,O
T1662,I,O
T1662,am,O
T1662,a,O
T1662,36,B-AGE
T1662,year,O
T1662,old,O
T1662,female,B-GENDER
T1662,student,B-OCCUPATION
T1662,living,O
T1662,in,O
T1662,Tamil,B-STATE
T1662,Nadu,I-STATE
T1662,My,O
T1662,annual,O
T1662,household,O
T1662,income,O
T1662,is,O
T1662,200000,B-ANNUAL_INCOME
T1662,rupees,O
T1663,Namaste,O
T1663,main,O
T1663,23,B-AGE
T1663,varsh,O
T1663,ka,O
T1663,mazdoor,B-OCCUPATION
T1663,hu,O
T1663,Madhya,B-STATE
T1663,Pradesh,I-STATE
T1663,se,O
T1663,Meri,O
T1663,income,O
T1663,200000,B-ANNUAL_INCOME
T1663,rupaye,O
T1663,hai,O
T1663,aur,O
T1663,main,O
T1663,General,B-CASTE_CATEGORY
T1663,varg,O
T1663,se,O
T1663,hoon,O
T1663,Main,O
T1663,divyang,B-DISABILITY
T1663,hu,O
T1664,I,O
T1664,am,O
T1664,a,O
T1664,49,B-AGE
T1664,year,O
T1664,old,O
T1664,female,B-GENDER
T1664,unemployed,B-OCCUPATION
T1664,living,O
T1664,in,O
T1664,Rajasthan,B-STATE
T1664,My,O
T1664,annual,O
T1664,household,O
T1664,income,O
T1664,is,O
T1664,600000,B-ANNUAL_INCOME
T1664,rupees,O
T1665,I,O
T1665,belong,O
T1665,to,O
T1665,OBC,B-CASTE_CATEGORY
T1665,category,O
T1665,from,O
T1665,Bihar,B-STATE
T1665,Age,O
T1665,is,O
T1665,32,B-AGE
T1665,profession,O
T1665,is,O
T1665,street,B-OCCUPATION
T1665,vendor,I-OCCUPATION
T1665,income,O
T1665,around,O
T1665,0,B-ANNUAL_INCOME
T1666,I,O
T1666,am,O
T1666,a,O
T1666,19,B-AGE
T1666,year,O
T1666,old,O
T1666,male,B-GENDER
T1666,weaver,B-OCCUPATION
T1666,living,O
T1666,in,O
T1666,West,B-STATE
T1666,Bengal,I-STATE
T1666,My,O
T1666,annual,O
T1666,household,O
T1666,income,O
T1666,is,O
T1666,120000,B-ANNUAL_INCOME
T1666,rupees,O
T1667,Main,O
T1667,Rajasthan,B-STATE
T1667,se,O
T1667,ek,O
T1667,student,B-OCCUPATION
T1667,hu,O
T1667,meri,O
T1667,umar,O
T1667,36,B-AGE
T1667,saal,O
T1667,hai,O
T1667,aur,O
T1667,saalana,O
T1667,kamai,O
T1667,120000,B-ANNUAL_INCOME
T1667,rupe,O
T1667,hai,O
T1668,I,O
T1668,am,O
T1668,a,O
T1668,21,B-AGE
T1668,year,O
T1668,old,O
T1668,female,B-GENDER
T1668,student,B-OCCUPATION
T1668,living,O
T1668,in,O
T1668,Karnataka,B-STATE
T1668,My,O
T1668,annual,O
T1668,household,O
T1668,income,O
T1668,is,O
T1668,0,B-ANNUAL_INCOME
T1668,rupees,O
T1669,I,O
T1669,am,O
T1669,a,O
T1669,48,B-AGE
T1669,year,O
T1669,old,O
T1669,male,B-GENDER
T1669,berojgar,B-OCCUPATION
T1669,living,O
T1669,in,O
T1669,Uttar,B-STATE
T1669,Pradesh,I-STATE
T1669,My,O
T1669,annual,O
T1669,household,O
T1669,income,O
T1669,is,O
T1669,0,B-ANNUAL_INCOME
T1669,rupees,O
T1670,I,O
T1670,belong,O
T1670,to,O
T1670,General,B-CASTE_CATEGORY
T1670,category,O
T1670,from,O
T1670,Bihar,B-STATE
T1670,Age,O
T1670,is,O
T1670,18,B-AGE
T1670,profession,O
T1670,is,O
T1670,bunkar,B-OCCUPATION
T1670,income,O
T1670,around,O
T1670,200000,B-ANNUAL_INCOME
T1671,Namaste,O
T1671,main,O
T1671,23,B-AGE
T1671,varsh,O
T1671,ka,O
T1671,chhatra,B-OCCUPATION
T1671,hu,O
T1671,Tamil,B-STATE
T1671,Nadu,I-STATE
T1671,se,O
T1671,Meri,O
T1671,income,O
T1671,350000,B-ANNUAL_INCOME
T1671,rupaye,O
T1671,hai,O
T1671,aur,O
T1671,main,O
T1671,SC,B-CASTE_CATEGORY
T1671,varg,O
T1671,se,O
T1671,hoon,O
T1671,Main,O
T1671,divyang,B-DISABILITY
T1671,hu,O
T1672,Main,O
T1672,Uttar,B-STATE
T1672,Pradesh,I-STATE
T1672,se,O
T1672,ek,O
T1672,student,B-OCCUPATION
T1672,hu,O
T1672,meri,O
T1672,umar,O
T1672,39,B-AGE
T1672,saal,O
T1672,hai,O
T1672,aur,O
T1672,saalana,O
T1672,kamai,O
T1672,200000,B-ANNUAL_INCOME
T1672,rupe,O
T1672,hai,O
T1673,Main,O
T1673,Tamil,B-STATE
T1673,Nadu,I-STATE
T1673,se,O
T1673,ek,O
T1673,street,B-OCCUPATION
T1673,vendor,I-OCCUPATION
T1673,hu,O
T1673,meri,O
T1673,umar,O
T1673,64,B-AGE
T1673,saal,O
T1673,hai,O
T1673,aur,O
T1673,saalana,O
T1673,kamai,O
T1673,45000,B-ANNUAL_INCOME
T1673,rupe,O
T1673,hai,O
T1674,I,O
T1674,belong,O
T1674,to,O
T1674,ST,B-CASTE_CATEGORY
T1674,category,O
T1674,from,O
T1674,Tamil,B-STATE
T1674,Nadu,I-STATE
T1674,Age,O
T1674,is,O
T1674,23,B-AGE
T1674,profession,O
T1674,is,O
T1674,student,B-OCCUPATION
T1674,income,O
T1674,around,O
T1674,200000,B-ANNUAL_INCOME
T1675,Main,O
T1675,Bihar,B-STATE
T1675,se,O
T1675,ek,O
T1675,labour,B-OCCUPATION
T1675,hu,O
T1675,meri,O
T1675,umar,O
T1675,45,B-AGE
T1675,saal,O
T1675,hai,O
T1675,aur,O
T1675,saalana,O
T1675,kamai,O
T1675,45000,B-ANNUAL_INCOME
T1675,rupe,O
T1675,hai,O
T1676,I,O
T1676,am,O
T1676,a,O
T1676,20,B-AGE
T1676,year,O
T1676,old,O
T1676,male,B-GENDER
T1676,mazdoor,B-OCCUPATION
T1676,living,O
T1676,in,O
T1676,West,B-STATE
T1676,Bengal,I-STATE
T1676,My,O
T1676,annual,O
T1676,household,O
T1676,income,O
T1676,is,O
T1676,350000,B-ANNUAL_INCOME
T1676,rupees,O
T1677,I,O
T1677,am,O
T1677,a,O
T1677,45,B-AGE
T1677,year,O
T1677,old,O
T1677,male,B-GENDER
T1677,farmer,B-OCCUPATION
T1677,living,O
T1677,in,O
T1677,Madhya,B-STATE
T1677,Pradesh,I-STATE
T1677,My,O
T1677,annual,O
T1677,household,O
T1677,income,O
T1677,is,O
T1677,0,B-ANNUAL_INCOME
T1677,rupees,O
T1678,Main,O
T1678,Karnataka,B-STATE
T1678,se,O
T1678,ek,O
T1678,student,B-OCCUPATION
T1678,hu,O
T1678,meri,O
T1678,umar,O
T1678,55,B-AGE
T1678,saal,O
T1678,hai,O
T1678,aur,O
T1678,saalana,O
T1678,kamai,O
T1678,80000,B-ANNUAL_INCOME
T1678,rupe,O
T1678,hai,O
T1679,Hi,O
T1679,I,O
T1679,am,O
T1679,36,B-AGE
T1679,years,O
T1679,old,O
T1679,student,O
T1679,from,O
T1679,Tamil,B-STATE
T1679,Nadu,I-STATE
T1679,My,O
T1679,family,O
T1679,income,O
T1679,is,O
T1679,120000,B-ANNUAL_INCOME
T1679,and,O
T1679,I,O
T1679,am,O
T1679,differently,B-DISABILITY
T1679,abled,I-DISABILITY
T1680,Main,O
T1680,Tamil,B-STATE
T1680,Nadu,I-STATE
T1680,se,O
T1680,ek,O
T1680,rehri,B-OCCUPATION
T1680,wala,I-OCCUPATION
T1680,hu,O
T1680,meri,O
T1680,umar,O
T1680,30,B-AGE
T1680,saal,O
T1680,hai,O
T1680,aur,O
T1680,saalana,O
T1680,kamai,O
T1680,45000,B-ANNUAL_INCOME
T1680,rupe,O
T1680,hai,O
T1681,I,O
T1681,am,O
T1681,a,O
T1681,62,B-AGE
T1681,year,O
T1681,old,O
T1681,male,B-GENDER
T1681,mazdoor,B-OCCUPATION
T1681,living,O
T1681,in,O
T1681,Uttar,B-STATE
T1681,Pradesh,I-STATE
T1681,My,O
T1681,annual,O
T1681,household,O
T1681,income,O
T1681,is,O
T1681,600000,B-ANNUAL_INCOME
T1681,rupees,O
T1682,I,O
T1682,am,O
T1682,a,O
T1682,42,B-AGE
T1682,year,O
T1682,old,O
T1682,male,B-GENDER
T1682,student,B-OCCUPATION
T1682,living,O
T1682,in,O
T1682,Maharashtra,B-STATE
T1682,My,O
T1682,annual,O
T1682,household,O
T1682,income,O
T1682,is,O
T1682,200000,B-ANNUAL_INCOME
T1682,rupees,O
T1683,Hi,O
T1683,I,O
T1683,am,O
T1683,64,B-AGE
T1683,years,O
T1683,old,O
T1683,student,O
T1683,from,O
T1683,Karnataka,B-STATE
T1683,My,O
T1683,family,O
T1683,income,O
T1683,is,O
T1683,350000,B-ANNUAL_INCOME
T1683,and,O
T1683,I,O
T1683,am,O
T1683,differently,B-DISABILITY
T1683,abled,I-DISABILITY
T1684,I,O
T1684,belong,O
T1684,to,O
T1684,General,B-CASTE_CATEGORY
T1684,category,O
T1684,from,O
T1684,Bihar,B-STATE
T1684,Age,O
T1684,is,O
T1684,41,B-AGE
T1684,profession,O
T1684,is,O
T1684,mazdoor,B-OCCUPATION
T1684,income,O
T1684,around,O
T1684,80000,B-ANNUAL_INCOME
T1685,Namaste,O
T1685,main,O
T1685,55,B-AGE
T1685,varsh,O
T1685,ka,O
T1685,farmer,B-OCCUPATION
T1685,hu,O
T1685,Maharashtra,B-STATE
T1685,se,O
T1685,Meri,O
T1685,income,O
T1685,45000,B-ANNUAL_INCOME
T1685,rupaye,O
T1685,hai,O
T1685,aur,O
T1685,main,O
T1685,SC,B-CASTE_CATEGORY
T1685,varg,O
T1685,se,O
T1685,hoon,O
T1685,Main,O
T1685,divyang,B-DISABILITY
T1685,hu,O
T1686,Namaste,O
T1686,main,O
T1686,34,B-AGE
T1686,varsh,O
T1686,ka,O
T1686,labour,B-OCCUPATION
T1686,hu,O
T1686,Karnataka,B-STATE
T1686,se,O
T1686,Meri,O
T1686,income,O
T1686,350000,B-ANNUAL_INCOME
T1686,rupaye,O
T1686,hai,O
T1686,aur,O
T1686,main,O
T1686,SC,B-CASTE_CATEGORY
T1686,varg,O
T1686,se,O
T1686,hoon,O
T1686,Main,O
T1686,divyang,B-DISABILITY
T1686,hu,O
T1687,I,O
T1687,belong,O
T1687,to,O
T1687,SC,B-CASTE_CATEGORY
T1687,category,O
T1687,from,O
T1687,Uttar,B-STATE
T1687,Pradesh,I-STATE
T1687,Age,O
T1687,is,O
T1687,43,B-AGE
T1687,profession,O
T1687,is,O
T1687,weaver,B-OCCUPATION
T1687,income,O
T1687,around,O
T1687,45000,B-ANNUAL_INCOME
T1688,Hi,O
T1688,I,O
T1688,am,O
T1688,24,B-AGE
T1688,years,O
T1688,old,O
T1688,student,O
T1688,from,O
T1688,Bihar,B-STATE
T1688,My,O
T1688,family,O
T1688,income,O
T1688,is,O
T1688,600000,B-ANNUAL_INCOME
T1688,and,O
T1688,I,O
T1688,am,O
T1688,differently,B-DISABILITY
T1688,abled,I-DISABILITY
T1689,I,O
T1689,am,O
T1689,a,O
T1689,25,B-AGE
T1689,year,O
T1689,old,O
T1689,female,B-GENDER
T1689,chhatra,B-OCCUPATION
T1689,living,O
T1689,in,O
T1689,Uttar,B-STATE
T1689,Pradesh,I-STATE
T1689,My,O
T1689,annual,O
T1689,household,O
T1689,income,O
T1689,is,O
T1689,80000,B-ANNUAL_INCOME
T1689,rupees,O
T1690,Main,O
T1690,Bihar,B-STATE
T1690,se,O
T1690,ek,O
T1690,chhatra,B-OCCUPATION
T1690,hu,O
T1690,meri,O
T1690,umar,O
T1690,27,B-AGE
T1690,saal,O
T1690,hai,O
T1690,aur,O
T1690,saalana,O
T1690,kamai,O
T1690,0,B-ANNUAL_INCOME
T1690,rupe,O
T1690,hai,O
T1691,I,O
T1691,am,O
T1691,a,O
T1691,43,B-AGE
T1691,year,O
T1691,old,O
T1691,female,B-GENDER
T1691,kisan,B-OCCUPATION
T1691,living,O
T1691,in,O
T1691,Karnataka,B-STATE
T1691,My,O
T1691,annual,O
T1691,household,O
T1691,income,O
T1691,is,O
T1691,120000,B-ANNUAL_INCOME
T1691,rupees,O
T1692,I,O
T1692,am,O
T1692,a,O
T1692,63,B-AGE
T1692,year,O
T1692,old,O
T1692,male,B-GENDER
T1692,kisan,B-OCCUPATION
T1692,living,O
T1692,in,O
T1692,Madhya,B-STATE
T1692,Pradesh,I-STATE
T1692,My,O
T1692,annual,O
T1692,household,O
T1692,income,O
T1692,is,O
T1692,600000,B-ANNUAL_INCOME
T1692,rupees,O
T1693,I,O
T1693,belong,O
T1693,to,O
T1693,OBC,B-CASTE_CATEGORY
T1693,category,O
T1693,from,O
T1693,West,B-STATE
T1693,Bengal,I-STATE
T1693,Age,O
T1693,is,O
T1693,62,B-AGE
T1693,profession,O
T1693,is,O
T1693,weaver,B-OCCUPATION
T1693,income,O
T1693,around,O
T1693,0,B-ANNUAL_INCOME
T1694,Namaste,O
T1694,main,O
T1694,40,B-AGE
T1694,varsh,O
T1694,ka,O
T1694,kisan,B-OCCUPATION
T1694,hu,O
T1694,Maharashtra,B-STATE
T1694,se,O
T1694,Meri,O
T1694,income,O
T1694,200000,B-ANNUAL_INCOME
T1694,rupaye,O
T1694,hai,O
T1694,aur,O
T1694,main,O
T1694,SC,B-CASTE_CATEGORY
T1694,varg,O
T1694,se,O
T1694,hoon,O
T1694,Main,O
T1694,divyang,B-DISABILITY
T1694,hu,O
T1695,Main,O
T1695,Rajasthan,B-STATE
T1695,se,O
T1695,ek,O
T1695,student,B-OCCUPATION
T1695,hu,O
T1695,meri,O
T1695,umar,O
T1695,20,B-AGE
T1695,saal,O
T1695,hai,O
T1695,aur,O
T1695,saalana,O
T1695,kamai,O
T1695,45000,B-ANNUAL_INCOME
T1695,rupe,O
T1695,hai,O
T1696,I,O
T1696,am,O
T1696,a,O
T1696,38,B-AGE
T1696,year,O
T1696,old,O
T1696,male,B-GENDER
T1696,farmer,B-OCCUPATION
T1696,living,O
T1696,in,O
T1696,Madhya,B-STATE
T1696,Pradesh,I-STATE
T1696,My,O
T1696,annual,O
T1696,household,O
T1696,income,O
T1696,is,O
T1696,200000,B-ANNUAL_INCOME
T1696,rupees,O
T1697,Hi,O
T1697,I,O
T1697,am,O
T1697,30,B-AGE
T1697,years,O
T1697,old,O
T1697,student,O
T1697,from,O
T1697,Karnataka,B-STATE
T1697,My,O
T1697,family,O
T1697,income,O
T1697,is,O
T1697,80000,B-ANNUAL_INCOME
T1697,and,O
T1697,I,O
T1697,am,O
T1697,differently,B-DISABILITY
T1697,abled,I-DISABILITY
T1698,Namaste,O
T1698,main,O
T1698,26,B-AGE
T1698,varsh,O
T1698,ka,O
T1698,chhatra,B-OCCUPATION
T1698,hu,O
T1698,Bihar,B-STATE
T1698,se,O
T1698,Meri,O
T1698,income,O
T1698,200000,B-ANNUAL_INCOME
T1698,rupaye,O
T1698,hai,O
T1698,aur,O
T1698,main,O
T1698,OBC,B-CASTE_CATEGORY
T1698,varg,O
T1698,se,O
T1698,hoon,O
T1698,Main,O
T1698,divyang,B-DISABILITY
T1698,hu,O
T1699,Main,O
T1699,Tamil,B-STATE
T1699,Nadu,I-STATE
T1699,se,O
T1699,ek,O
T1699,daily,B-OCCUPATION
T1699,wage,I-OCCUPATION
T1699,worker,I-OCCUPATION
T1699,hu,O
T1699,meri,O
T1699,umar,O
T1699,43,B-AGE
T1699,saal,O
T1699,hai,O
T1699,aur,O
T1699,saalana,O
T1699,kamai,O
T1699,0,B-ANNUAL_INCOME
T1699,rupe,O
T1699,hai,O
T1700,Namaste,O
T1700,main,O
T1700,56,B-AGE
T1700,varsh,O
T1700,ka,O
T1700,bunkar,B-OCCUPATION
T1700,hu,O
T1700,Uttar,B-STATE
T1700,Pradesh,I-STATE
T1700,se,O
T1700,Meri,O
T1700,income,O
T1700,120000,B-ANNUAL_INCOME
T1700,rupaye,O
T1700,hai,O
T1700,aur,O
T1700,main,O
T1700,General,B-CASTE_CATEGORY
T1700,varg,O
T1700,se,O
T1700,hoon,O
T1700,Main,O
T1700,divyang,B-DISABILITY
T1700,hu,O
T1701,Main,O
T1701,Bihar,B-STATE
T1701,se,O
T1701,ek,O
T1701,artisan,B-OCCUPATION
T1701,hu,O
T1701,meri,O
T1701,umar,O
T1701,63,B-AGE
T1701,saal,O
T1701,hai,O
T1701,aur,O
T1701,saalana,O
T1701,kamai,O
T1701,600000,B-ANNUAL_INCOME
T1701,rupe,O
T1701,hai,O
T1702,Hi,O
T1702,I,O
T1702,am,O
T1702,50,B-AGE
T1702,years,O
T1702,old,O
T1702,student,B-OCCUPATION
T1702,from,O
T1702,Madhya,B-STATE
T1702,Pradesh,I-STATE
T1702,My,O
T1702,family,O
T1702,income,O
T1702,is,O
T1702,0,B-ANNUAL_INCOME
T1702,and,O
T1702,I,O
T1702,am,O
T1702,differently,B-DISABILITY
T1702,abled,I-DISABILITY
T1703,I,O
T1703,belong,O
T1703,to,O
T1703,General,B-CASTE_CATEGORY
T1703,category,O
T1703,from,O
T1703,Karnataka,B-STATE
T1703,Age,O
T1703,is,O
T1703,34,B-AGE
T1703,profession,O
T1703,is,O
T1703,bunkar,B-OCCUPATION
T1703,income,O
T1703,around,O
T1703,200000,B-ANNUAL_INCOME
T1704,Hi,O
T1704,I,O
T1704,am,O
T1704,28,B-AGE
T1704,years,O
T1704,old,O
T1704,student,O
T1704,from,O
T1704,West,B-STATE
T1704,Bengal,I-STATE
T1704,My,O
T1704,family,O
T1704,income,O
T1704,is,O
T1704,120000,B-ANNUAL_INCOME
T1704,and,O
T1704,I,O
T1704,am,O
T1704,differently,B-DISABILITY
T1704,abled,I-DISABILITY
T1705,Mera,O
T1705,naam,O
T1705,Ramesh,O
T1705,hai,O
T1705,main,O
T1705,Tamil,B-STATE
T1705,Nadu,I-STATE
T1705,ka,O
T1705,rehne,O
T1705,wala,O
T1705,hu,O
T1705,Main,O
T1705,ST,B-CASTE_CATEGORY
T1705,category,O
T1705,se,O
T1705,ek,O
T1705,purush,B-GENDER
T1705,hu,O
T1705,aur,O
T1705,street,B-OCCUPATION
T1705,vendor,I-OCCUPATION
T1705,hu,O
T1705,Aamdani,O
T1705,0,B-ANNUAL_INCOME
T1705,per,O
T1705,year,O
T1705,hai,O
T1706,Hi,O
T1706,I,O
T1706,am,O
T1706,57,B-AGE
T1706,years,O
T1706,old,O
T1706,student,B-OCCUPATION
T1706,from,O
T1706,Bihar,B-STATE
T1706,My,O
T1706,family,O
T1706,income,O
T1706,is,O
T1706,120000,B-ANNUAL_INCOME
T1706,and,O
T1706,I,O
T1706,am,O
T1706,differently,B-DISABILITY
T1706,abled,I-DISABILITY
T1707,Mera,O
T1707,naam,O
T1707,Ramesh,O
T1707,hai,O
T1707,main,O
T1707,Maharashtra,B-STATE
T1707,ka,O
T1707,rehne,O
T1707,wala,O
T1707,hu,O
T1707,Main,O
T1707,SC,B-CASTE_CATEGORY
T1707,category,O
T1707,se,O
T1707,ek,O
T1707,mahila,B-GENDER
T1707,hu,O
T1707,aur,O
T1707,street,B-OCCUPATION
T1707,vendor,I-OCCUPATION
T1707,hu,O
T1707,Aamdani,O
T1707,0,B-ANNUAL_INCOME
T1707,per,O
T1707,year,O
T1707,hai,O
T1708,I,O
T1708,belong,O
T1708,to,O
T1708,General,B-CASTE_CATEGORY
T1708,category,O
T1708,from,O
T1708,Tamil,B-STATE
T1708,Nadu,I-STATE
T1708,Age,O
T1708,is,O
T1708,41,B-AGE
T1708,profession,O
T1708,is,O
T1708,chhatra,B-OCCUPATION
T1708,income,O
T1708,around,O
T1708,200000,B-ANNUAL_INCOME
T1709,Mera,O
T1709,naam,O
T1709,Ramesh,O
T1709,hai,O
T1709,main,O
T1709,Karnataka,B-STATE
T1709,ka,O
T1709,rehne,O
T1709,wala,O
T1709,hu,O
T1709,Main,O
T1709,SC,B-CASTE_CATEGORY
T1709,category,O
T1709,se,O
T1709,ek,O
T1709,purush,B-GENDER
T1709,hu,O
T1709,aur,O
T1709,kisan,B-OCCUPATION
T1709,hu,O
T1709,Aamdani,O
T1709,0,B-ANNUAL_INCOME
T1709,per,O
T1709,year,O
T1709,hai,O
T1710,Hi,O
T1710,I,O
T1710,am,O
T1710,44,B-AGE
T1710,years,O
T1710,old,O
T1710,student,O
T1710,from,O
T1710,Maharashtra,B-STATE
T1710,My,O
T1710,family,O
T1710,income,O
T1710,is,O
T1710,600000,B-ANNUAL_INCOME
T1710,and,O
T1710,I,O
T1710,am,O
T1710,differently,B-DISABILITY
T1710,abled,I-DISABILITY
T1711,Namaste,O
T1711,main,O
T1711,24,B-AGE
T1711,varsh,O
T1711,ka,O
T1711,kisan,B-OCCUPATION
T1711,hu,O
T1711,Rajasthan,B-STATE
T1711,se,O
T1711,Meri,O
T1711,income,O
T1711,200000,B-ANNUAL_INCOME
T1711,rupaye,O
T1711,hai,O
T1711,aur,O
T1711,main,O
T1711,SC,B-CASTE_CATEGORY
T1711,varg,O
T1711,se,O
T1711,hoon,O
T1711,Main,O
T1711,divyang,B-DISABILITY
T1711,hu,O
T1712,I,O
T1712,belong,O
T1712,to,O
T1712,OBC,B-CASTE_CATEGORY
T1712,category,O
T1712,from,O
T1712,Bihar,B-STATE
T1712,Age,O
T1712,is,O
T1712,45,B-AGE
T1712,profession,O
T1712,is,O
T1712,unemployed,B-OCCUPATION
T1712,income,O
T1712,around,O
T1712,200000,B-ANNUAL_INCOME
T1713,Hi,O
T1713,I,O
T1713,am,O
T1713,53,B-AGE
T1713,years,O
T1713,old,O
T1713,student,O
T1713,from,O
T1713,Rajasthan,B-STATE
T1713,My,O
T1713,family,O
T1713,income,O
T1713,is,O
T1713,600000,B-ANNUAL_INCOME
T1713,and,O
T1713,I,O
T1713,am,O
T1713,differently,B-DISABILITY
T1713,abled,I-DISABILITY
T1714,I,O
T1714,belong,O
T1714,to,O
T1714,ST,B-CASTE_CATEGORY
T1714,category,O
T1714,from,O
T1714,Rajasthan,B-STATE
T1714,Age,O
T1714,is,O
T1714,33,B-AGE
T1714,profession,O
T1714,is,O
T1714,berojgar,B-OCCUPATION
T1714,income,O
T1714,around,O
T1714,45000,B-ANNUAL_INCOME
T1715,Hi,O
T1715,I,O
T1715,am,O
T1715,41,B-AGE
T1715,years,O
T1715,old,O
T1715,student,O
T1715,from,O
T1715,Maharashtra,B-STATE
T1715,My,O
T1715,family,O
T1715,income,O
T1715,is,O
T1715,0,B-ANNUAL_INCOME
T1715,and,O
T1715,I,O
T1715,am,O
T1715,differently,B-DISABILITY
T1715,abled,I-DISABILITY
T1716,Mera,O
T1716,naam,O
T1716,Ramesh,O
T1716,hai,O
T1716,main,O
T1716,Madhya,B-STATE
T1716,Pradesh,I-STATE
T1716,ka,O
T1716,rehne,O
T1716,wala,O
T1716,hu,O
T1716,Main,O
T1716,General,B-CASTE_CATEGORY
T1716,category,O
T1716,se,O
T1716,ek,O
T1716,mahila,B-GENDER
T1716,hu,O
T1716,aur,O
T1716,daily,B-OCCUPATION
T1716,wage,I-OCCUPATION
T1716,worker,I-OCCUPATION
T1716,hu,O
T1716,Aamdani,O
T1716,200000,B-ANNUAL_INCOME
T1716,per,O
T1716,year,O
T1716,hai,O
T1717,Mera,O
T1717,naam,O
T1717,Ramesh,O
T1717,hai,O
T1717,main,O
T1717,West,B-STATE
T1717,Bengal,I-STATE
T1717,ka,O
T1717,rehne,O
T1717,wala,O
T1717,hu,O
T1717,Main,O
T1717,ST,B-CASTE_CATEGORY
T1717,category,O
T1717,se,O
T1717,ek,O
T1717,purush,B-GENDER
T1717,hu,O
T1717,aur,O
T1717,student,B-OCCUPATION
T1717,hu,O
T1717,Aamdani,O
T1717,600000,B-ANNUAL_INCOME
T1717,per,O
T1717,year,O
T1717,hai,O
T1718,Namaste,O
T1718,main,O
T1718,62,B-AGE
T1718,varsh,O
T1718,ka,O
T1718,street,B-OCCUPATION
T1718,vendor,I-OCCUPATION
T1718,hu,O
T1718,Madhya,B-STATE
T1718,Pradesh,I-STATE
T1718,se,O
T1718,Meri,O
T1718,income,O
T1718,200000,B-ANNUAL_INCOME
T1718,rupaye,O
T1718,hai,O
T1718,aur,O
T1718,main,O
T1718,OBC,B-CASTE_CATEGORY
T1718,varg,O
T1718,se,O
T1718,hoon,O
T1718,Main,O
T1718,divyang,B-DISABILITY
T1718,hu,O
T1719,Main,O
T1719,Tamil,B-STATE
T1719,Nadu,I-STATE
T1719,se,O
T1719,ek,O
T1719,weaver,B-OCCUPATION
T1719,hu,O
T1719,meri,O
T1719,umar,O
T1719,34,B-AGE
T1719,saal,O
T1719,hai,O
T1719,aur,O
T1719,saalana,O
T1719,kamai,O
T1719,120000,B-ANNUAL_INCOME
T1719,rupe,O
T1719,hai,O
T1720,Hi,O
T1720,I,O
T1720,am,O
T1720,62,B-AGE
T1720,years,O
T1720,old,O
T1720,student,O
T1720,from,O
T1720,Maharashtra,B-STATE
T1720,My,O
T1720,family,O
T1720,income,O
T1720,is,O
T1720,0,B-ANNUAL_INCOME
T1720,and,O
T1720,I,O
T1720,am,O
T1720,differently,B-DISABILITY
T1720,abled,I-DISABILITY
T1721,Namaste,O
T1721,main,O
T1721,24,B-AGE
T1721,varsh,O
T1721,ka,O
T1721,weaver,B-OCCUPATION
T1721,hu,O
T1721,Madhya,B-STATE
T1721,Pradesh,I-STATE
T1721,se,O
T1721,Meri,O
T1721,income,O
T1721,600000,B-ANNUAL_INCOME
T1721,rupaye,O
T1721,hai,O
T1721,aur,O
T1721,main,O
T1721,OBC,B-CASTE_CATEGORY
T1721,varg,O
T1721,se,O
T1721,hoon,O
T1721,Main,O
T1721,divyang,B-DISABILITY
T1721,hu,O
T1722,Mera,O
T1722,naam,O
T1722,Ramesh,O
T1722,hai,O
T1722,main,O
T1722,Madhya,B-STATE
T1722,Pradesh,I-STATE
T1722,ka,O
T1722,rehne,O
T1722,wala,O
T1722,hu,O
T1722,Main,O
T1722,General,B-CASTE_CATEGORY
T1722,category,O
T1722,se,O
T1722,ek,O
T1722,mahila,B-GENDER
T1722,hu,O
T1722,aur,O
T1722,daily,B-OCCUPATION
T1722,wage,I-OCCUPATION
T1722,worker,I-OCCUPATION
T1722,hu,O
T1722,Aamdani,O
T1722,600000,B-ANNUAL_INCOME
T1722,per,O
T1722,year,O
T1722,hai,O
T1723,I,O
T1723,belong,O
T1723,to,O
T1723,OBC,B-CASTE_CATEGORY
T1723,category,O
T1723,from,O
T1723,Rajasthan,B-STATE
T1723,Age,O
T1723,is,O
T1723,51,B-AGE
T1723,profession,O
T1723,is,O
T1723,rehri,B-OCCUPATION
T1723,wala,I-OCCUPATION
T1723,income,O
T1723,around,O
T1723,600000,B-ANNUAL_INCOME
T1724,Namaste,O
T1724,main,O
T1724,42,B-AGE
T1724,varsh,O
T1724,ka,O
T1724,kisan,B-OCCUPATION
T1724,hu,O
T1724,Uttar,B-STATE
T1724,Pradesh,I-STATE
T1724,se,O
T1724,Meri,O
T1724,income,O
T1724,600000,B-ANNUAL_INCOME
T1724,rupaye,O
T1724,hai,O
T1724,aur,O
T1724,main,O
T1724,OBC,B-CASTE_CATEGORY
T1724,varg,O
T1724,se,O
T1724,hoon,O
T1724,Main,O
T1724,divyang,B-DISABILITY
T1724,hu,O
T1725,Namaste,O
T1725,main,O
T1725,33,B-AGE
T1725,varsh,O
T1725,ka,O
T1725,berojgar,B-OCCUPATION
T1725,hu,O
T1725,Uttar,B-STATE
T1725,Pradesh,I-STATE
T1725,se,O
T1725,Meri,O
T1725,income,O
T1725,80000,B-ANNUAL_INCOME
T1725,rupaye,O
T1725,hai,O
T1725,aur,O
T1725,main,O
T1725,General,B-CASTE_CATEGORY
T1725,varg,O
T1725,se,O
T1725,hoon,O
T1725,Main,O
T1725,divyang,B-DISABILITY
T1725,hu,O
T1726,Hi,O
T1726,I,O
T1726,am,O
T1726,35,B-AGE
T1726,years,O
T1726,old,O
T1726,student,O
T1726,from,O
T1726,Tamil,B-STATE
T1726,Nadu,I-STATE
T1726,My,O
T1726,family,O
T1726,income,O
T1726,is,O
T1726,200000,B-ANNUAL_INCOME
T1726,and,O
T1726,I,O
T1726,am,O
T1726,differently,B-DISABILITY
T1726,abled,I-DISABILITY
T1727,I,O
T1727,belong,O
T1727,to,O
T1727,OBC,B-CASTE_CATEGORY
T1727,category,O
T1727,from,O
T1727,Tamil,B-STATE
T1727,Nadu,I-STATE
T1727,Age,O
T1727,is,O
T1727,62,B-AGE
T1727,profession,O
T1727,is,O
T1727,bunkar,B-OCCUPATION
T1727,income,O
T1727,around,O
T1727,350000,B-ANNUAL_INCOME
T1728,I,O
T1728,am,O
T1728,a,O
T1728,64,B-AGE
T1728,year,O
T1728,old,O
T1728,female,B-GENDER
T1728,unemployed,B-OCCUPATION
T1728,living,O
T1728,in,O
T1728,Maharashtra,B-STATE
T1728,My,O
T1728,annual,O
T1728,household,O
T1728,income,O
T1728,is,O
T1728,200000,B-ANNUAL_INCOME
T1728,rupees,O
T1729,Namaste,O
T1729,main,O
T1729,33,B-AGE
T1729,varsh,O
T1729,ka,O
T1729,berojgar,B-OCCUPATION
T1729,hu,O
T1729,Madhya,B-STATE
T1729,Pradesh,I-STATE
T1729,se,O
T1729,Meri,O
T1729,income,O
T1729,0,B-ANNUAL_INCOME
T1729,rupaye,O
T1729,hai,O
T1729,aur,O
T1729,main,O
T1729,General,B-CASTE_CATEGORY
T1729,varg,O
T1729,se,O
T1729,hoon,O
T1729,Main,O
T1729,divyang,B-DISABILITY
T1729,hu,O
T1730,Mera,O
T1730,naam,O
T1730,Ramesh,O
T1730,hai,O
T1730,main,O
T1730,Uttar,B-STATE
T1730,Pradesh,I-STATE
T1730,ka,O
T1730,rehne,O
T1730,wala,O
T1730,hu,O
T1730,Main,O
T1730,OBC,B-CASTE_CATEGORY
T1730,category,O
T1730,se,O
T1730,ek,O
T1730,purush,B-GENDER
T1730,hu,O
T1730,aur,O
T1730,artisan,B-OCCUPATION
T1730,hu,O
T1730,Aamdani,O
T1730,600000,B-ANNUAL_INCOME
T1730,per,O
T1730,year,O
T1730,hai,O
T1731,I,O
T1731,am,O
T1731,a,O
T1731,42,B-AGE
T1731,year,O
T1731,old,O
T1731,female,B-GENDER
T1731,bunkar,B-OCCUPATION
T1731,living,O
T1731,in,O
T1731,West,B-STATE
T1731,Bengal,I-STATE
T1731,My,O
T1731,annual,O
T1731,household,O
T1731,income,O
T1731,is,O
T1731,45000,B-ANNUAL_INCOME
T1731,rupees,O
T1732,Hi,O
T1732,I,O
T1732,am,O
T1732,58,B-AGE
T1732,years,O
T1732,old,O
T1732,student,O
T1732,from,O
T1732,Uttar,B-STATE
T1732,Pradesh,I-STATE
T1732,My,O
T1732,family,O
T1732,income,O
T1732,is,O
T1732,80000,B-ANNUAL_INCOME
T1732,and,O
T1732,I,O
T1732,am,O
T1732,differently,B-DISABILITY
T1732,abled,I-DISABILITY
T1733,Hi,O
T1733,I,O
T1733,am,O
T1733,31,B-AGE
T1733,years,O
T1733,old,O
T1733,student,O
T1733,from,O
T1733,Uttar,B-STATE
T1733,Pradesh,I-STATE
T1733,My,O
T1733,family,O
T1733,income,O
T1733,is,O
T1733,350000,B-ANNUAL_INCOME
T1733,and,O
T1733,I,O
T1733,am,O
T1733,differently,B-DISABILITY
T1733,abled,I-DISABILITY
T1734,Main,O
T1734,Karnataka,B-STATE
T1734,se,O
T1734,ek,O
T1734,mazdoor,B-OCCUPATION
T1734,hu,O
T1734,meri,O
T1734,umar,O
T1734,39,B-AGE
T1734,saal,O
T1734,hai,O
T1734,aur,O
T1734,saalana,O
T1734,kamai,O
T1734,45000,B-ANNUAL_INCOME
T1734,rupe,O
T1734,hai,O
T1735,Namaste,O
T1735,main,O
T1735,34,B-AGE
T1735,varsh,O
T1735,ka,O
T1735,berojgar,B-OCCUPATION
T1735,hu,O
T1735,Rajasthan,B-STATE
T1735,se,O
T1735,Meri,O
T1735,income,O
T1735,600000,B-ANNUAL_INCOME
T1735,rupaye,O
T1735,hai,O
T1735,aur,O
T1735,main,O
T1735,General,B-CASTE_CATEGORY
T1735,varg,O
T1735,se,O
T1735,hoon,O
T1735,Main,O
T1735,divyang,B-DISABILITY
T1735,hu,O
T1736,Mera,O
T1736,naam,O
T1736,Ramesh,O
T1736,hai,O
T1736,main,O
T1736,Karnataka,B-STATE
T1736,ka,O
T1736,rehne,O
T1736,wala,O
T1736,hu,O
T1736,Main,O
T1736,General,B-CASTE_CATEGORY
T1736,category,O
T1736,se,O
T1736,ek,O
T1736,mahila,B-GENDER
T1736,hu,O
T1736,aur,O
T1736,chhatra,B-OCCUPATION
T1736,hu,O
T1736,Aamdani,O
T1736,45000,B-ANNUAL_INCOME
T1736,per,O
T1736,year,O
T1736,hai,O
T1737,Namaste,O
T1737,main,O
T1737,65,B-AGE
T1737,varsh,O
T1737,ka,O
T1737,labour,B-OCCUPATION
T1737,hu,O
T1737,Uttar,B-STATE
T1737,Pradesh,I-STATE
T1737,se,O
T1737,Meri,O
T1737,income,O
T1737,80000,B-ANNUAL_INCOME
T1737,rupaye,O
T1737,hai,O
T1737,aur,O
T1737,main,O
T1737,SC,B-CASTE_CATEGORY
T1737,varg,O
T1737,se,O
T1737,hoon,O
T1737,Main,O
T1737,divyang,B-DISABILITY
T1737,hu,O
T1738,Namaste,O
T1738,main,O
T1738,42,B-AGE
T1738,varsh,O
T1738,ka,O
T1738,berojgar,B-OCCUPATION
T1738,hu,O
T1738,Maharashtra,B-STATE
T1738,se,O
T1738,Meri,O
T1738,income,O
T1738,0,B-ANNUAL_INCOME
T1738,rupaye,O
T1738,hai,O
T1738,aur,O
T1738,main,O
T1738,General,B-CASTE_CATEGORY
T1738,varg,O
T1738,se,O
T1738,hoon,O
T1738,Main,O
T1738,divyang,B-DISABILITY
T1738,hu,O
T1739,Main,O
T1739,Madhya,B-STATE
T1739,Pradesh,I-STATE
T1739,se,O
T1739,ek,O
T1739,weaver,B-OCCUPATION
T1739,hu,O
T1739,meri,O
T1739,umar,O
T1739,43,B-AGE
T1739,saal,O
T1739,hai,O
T1739,aur,O
T1739,saalana,O
T1739,kamai,O
T1739,45000,B-ANNUAL_INCOME
T1739,rupe,O
T1739,hai,O
T1740,Mera,O
T1740,naam,O
T1740,Ramesh,O
T1740,hai,O
T1740,main,O
T1740,Maharashtra,B-STATE
T1740,ka,O
T1740,rehne,O
T1740,wala,O
T1740,hu,O
T1740,Main,O
T1740,SC,B-CASTE_CATEGORY
T1740,category,O
T1740,se,O
T1740,ek,O
T1740,mahila,B-GENDER
T1740,hu,O
T1740,aur,O
T1740,bunkar,B-OCCUPATION
T1740,hu,O
T1740,Aamdani,O
T1740,120000,B-ANNUAL_INCOME
T1740,per,O
T1740,year,O
T1740,hai,O
T1741,I,O
T1741,belong,O
T1741,to,O
T1741,ST,B-CASTE_CATEGORY
T1741,category,O
T1741,from,O
T1741,Uttar,B-STATE
T1741,Pradesh,I-STATE
T1741,Age,O
T1741,is,O
T1741,25,B-AGE
T1741,profession,O
T1741,is,O
T1741,kisan,B-OCCUPATION
T1741,income,O
T1741,around,O
T1741,600000,B-ANNUAL_INCOME
T1742,I,O
T1742,am,O
T1742,a,O
T1742,35,B-AGE
T1742,year,O
T1742,old,O
T1742,male,B-GENDER
T1742,mazdoor,B-OCCUPATION
T1742,living,O
T1742,in,O
T1742,Tamil,B-STATE
T1742,Nadu,I-STATE
T1742,My,O
T1742,annual,O
T1742,household,O
T1742,income,O
T1742,is,O
T1742,80000,B-ANNUAL_INCOME
T1742,rupees,O
T1743,Main,O
T1743,Bihar,B-STATE
T1743,se,O
T1743,ek,O
T1743,weaver,B-OCCUPATION
T1743,hu,O
T1743,meri,O
T1743,umar,O
T1743,40,B-AGE
T1743,saal,O
T1743,hai,O
T1743,aur,O
T1743,saalana,O
T1743,kamai,O
T1743,350000,B-ANNUAL_INCOME
T1743,rupe,O
T1743,hai,O
T1744,Hi,O
T1744,I,O
T1744,am,O
T1744,64,B-AGE
T1744,years,O
T1744,old,O
T1744,student,O
T1744,from,O
T1744,Madhya,B-STATE
T1744,Pradesh,I-STATE
T1744,My,O
T1744,family,O
T1744,income,O
T1744,is,O
T1744,0,B-ANNUAL_INCOME
T1744,and,O
T1744,I,O
T1744,am,O
T1744,differently,B-DISABILITY
T1744,abled,I-DISABILITY
T1745,Mera,O
T1745,naam,O
T1745,Ramesh,O
T1745,hai,O
T1745,main,O
T1745,Madhya,B-STATE
T1745,Pradesh,I-STATE
T1745,ka,O
T1745,rehne,O
T1745,wala,O
T1745,hu,O
T1745,Main,O
T1745,SC,B-CASTE_CATEGORY
T1745,category,O
T1745,se,O
T1745,ek,O
T1745,mahila,B-GENDER
T1745,hu,O
T1745,aur,O
T1745,kisan,B-OCCUPATION
T1745,hu,O
T1745,Aamdani,O
T1745,600000,B-ANNUAL_INCOME
T1745,per,O
T1745,year,O
T1745,hai,O
T1746,Namaste,O
T1746,main,O
T1746,35,B-AGE
T1746,varsh,O
T1746,ka,O
T1746,labour,B-OCCUPATION
T1746,hu,O
T1746,West,B-STATE
T1746,Bengal,I-STATE
T1746,se,O
T1746,Meri,O
T1746,income,O
T1746,200000,B-ANNUAL_INCOME
T1746,rupaye,O
T1746,hai,O
T1746,aur,O
T1746,main,O
T1746,OBC,B-CASTE_CATEGORY
T1746,varg,O
T1746,se,O
T1746,hoon,O
T1746,Main,O
T1746,divyang,B-DISABILITY
T1746,hu,O
T1747,Mera,O
T1747,naam,O
T1747,Ramesh,O
T1747,hai,O
T1747,main,O
T1747,Bihar,B-STATE
T1747,ka,O
T1747,rehne,O
T1747,wala,O
T1747,hu,O
T1747,Main,O
T1747,General,B-CASTE_CATEGORY
T1747,category,O
T1747,se,O
T1747,ek,O
T1747,purush,B-GENDER
T1747,hu,O
T1747,aur,O
T1747,kisan,B-OCCUPATION
T1747,hu,O
T1747,Aamdani,O
T1747,80000,B-ANNUAL_INCOME
T1747,per,O
T1747,year,O
T1747,hai,O
T1748,I,O
T1748,am,O
T1748,a,O
T1748,32,B-AGE
T1748,year,O
T1748,old,O
T1748,male,B-GENDER
T1748,bunkar,B-OCCUPATION
T1748,living,O
T1748,in,O
T1748,Maharashtra,B-STATE
T1748,My,O
T1748,annual,O
T1748,household,O
T1748,income,O
T1748,is,O
T1748,45000,B-ANNUAL_INCOME
T1748,rupees,O
T1749,Main,O
T1749,Bihar,B-STATE
T1749,se,O
T1749,ek,O
T1749,artisan,B-OCCUPATION
T1749,hu,O
T1749,meri,O
T1749,umar,O
T1749,49,B-AGE
T1749,saal,O
T1749,hai,O
T1749,aur,O
T1749,saalana,O
T1749,kamai,O
T1749,350000,B-ANNUAL_INCOME
T1749,rupe,O
T1749,hai,O
T1750,Main,O
T1750,Karnataka,B-STATE
T1750,se,O
T1750,ek,O
T1750,weaver,B-OCCUPATION
T1750,hu,O
T1750,meri,O
T1750,umar,O
T1750,18,B-AGE
T1750,saal,O
T1750,hai,O
T1750,aur,O
T1750,saalana,O
T1750,kamai,O
T1750,80000,B-ANNUAL_INCOME
T1750,rupe,O
T1750,hai,O
T1751,Main,O
T1751,West,B-STATE
T1751,Bengal,I-STATE
T1751,se,O
T1751,ek,O
T1751,chhatra,B-OCCUPATION
T1751,hu,O
T1751,meri,O
T1751,umar,O
T1751,30,B-AGE
T1751,saal,O
T1751,hai,O
T1751,aur,O
T1751,saalana,O
T1751,kamai,O
T1751,0,B-ANNUAL_INCOME
T1751,rupe,O
T1751,hai,O
T1752,I,O
T1752,belong,O
T1752,to,O
T1752,SC,B-CASTE_CATEGORY
T1752,category,O
T1752,from,O
T1752,Uttar,B-STATE
T1752,Pradesh,I-STATE
T1752,Age,O
T1752,is,O
T1752,21,B-AGE
T1752,profession,O
T1752,is,O
T1752,street,B-OCCUPATION
T1752,vendor,I-OCCUPATION
T1752,income,O
T1752,around,O
T1752,0,B-ANNUAL_INCOME
T1753,Hi,O
T1753,I,O
T1753,am,O
T1753,31,B-AGE
T1753,years,O
T1753,old,O
T1753,student,O
T1753,from,O
T1753,Karnataka,B-STATE
T1753,My,O
T1753,family,O
T1753,income,O
T1753,is,O
T1753,120000,B-ANNUAL_INCOME
T1753,and,O
T1753,I,O
T1753,am,O
T1753,differently,B-DISABILITY
T1753,abled,I-DISABILITY
T1754,Mera,O
T1754,naam,O
T1754,Ramesh,O
T1754,hai,O
T1754,main,O
T1754,Maharashtra,B-STATE
T1754,ka,O
T1754,rehne,O
T1754,wala,O
T1754,hu,O
T1754,Main,O
T1754,OBC,B-CASTE_CATEGORY
T1754,category,O
T1754,se,O
T1754,ek,O
T1754,mahila,B-GENDER
T1754,hu,O
T1754,aur,O
T1754,chhatra,B-OCCUPATION
T1754,hu,O
T1754,Aamdani,O
T1754,120000,B-ANNUAL_INCOME
T1754,per,O
T1754,year,O
T1754,hai,O
T1755,Namaste,O
T1755,main,O
T1755,55,B-AGE
T1755,varsh,O
T1755,ka,O
T1755,daily,B-OCCUPATION
T1755,wage,I-OCCUPATION
T1755,worker,I-OCCUPATION
T1755,hu,O
T1755,Bihar,B-STATE
T1755,se,O
T1755,Meri,O
T1755,income,O
T1755,120000,B-ANNUAL_INCOME
T1755,rupaye,O
T1755,hai,O
T1755,aur,O
T1755,main,O
T1755,General,B-CASTE_CATEGORY
T1755,varg,O
T1755,se,O
T1755,hoon,O
T1755,Main,O
T1755,divyang,B-DISABILITY
T1755,hu,O
T1756,Main,O
T1756,West,B-STATE
T1756,Bengal,I-STATE
T1756,se,O
T1756,ek,O
T1756,farmer,B-OCCUPATION
T1756,hu,O
T1756,meri,O
T1756,umar,O
T1756,24,B-AGE
T1756,saal,O
T1756,hai,O
T1756,aur,O
T1756,saalana,O
T1756,kamai,O
T1756,45000,B-ANNUAL_INCOME
T1756,rupe,O
T1756,hai,O
T1757,Hi,O
T1757,I,O
T1757,am,O
T1757,34,B-AGE
T1757,years,O
T1757,old,O
T1757,student,O
T1757,from,O
T1757,Bihar,B-STATE
T1757,My,O
T1757,family,O
T1757,income,O
T1757,is,O
T1757,350000,B-ANNUAL_INCOME
T1757,and,O
T1757,I,O
T1757,am,O
T1757,differently,B-DISABILITY
T1757,abled,I-DISABILITY
T1758,Mera,O
T1758,naam,O
T1758,Ramesh,O
T1758,hai,O
T1758,main,O
T1758,West,B-STATE
T1758,Bengal,I-STATE
T1758,ka,O
T1758,rehne,O
T1758,wala,O
T1758,hu,O
T1758,Main,O
T1758,OBC,B-CASTE_CATEGORY
T1758,category,O
T1758,se,O
T1758,ek,O
T1758,purush,B-GENDER
T1758,hu,O
T1758,aur,O
T1758,unemployed,B-OCCUPATION
T1758,hu,O
T1758,Aamdani,O
T1758,200000,B-ANNUAL_INCOME
T1758,per,O
T1758,year,O
T1758,hai,O
T1759,I,O
T1759,belong,O
T1759,to,O
T1759,General,B-CASTE_CATEGORY
T1759,category,O
T1759,from,O
T1759,Bihar,B-STATE
T1759,Age,O
T1759,is,O
T1759,49,B-AGE
T1759,profession,O
T1759,is,O
T1759,street,B-OCCUPATION
T1759,vendor,I-OCCUPATION
T1759,income,O
T1759,around,O
T1759,45000,B-ANNUAL_INCOME
T1760,Main,O
T1760,Karnataka,B-STATE
T1760,se,O
T1760,ek,O
T1760,kisan,B-OCCUPATION
T1760,hu,O
T1760,meri,O
T1760,umar,O
T1760,60,B-AGE
T1760,saal,O
T1760,hai,O
T1760,aur,O
T1760,saalana,O
T1760,kamai,O
T1760,350000,B-ANNUAL_INCOME
T1760,rupe,O
T1760,hai,O
T1761,I,O
T1761,am,O
T1761,a,O
T1761,45,B-AGE
T1761,year,O
T1761,old,O
T1761,female,B-GENDER
T1761,unemployed,B-OCCUPATION
T1761,living,O
T1761,in,O
T1761,Tamil,B-STATE
T1761,Nadu,I-STATE
T1761,My,O
T1761,annual,O
T1761,household,O
T1761,income,O
T1761,is,O
T1761,0,B-ANNUAL_INCOME
T1761,rupees,O
T1762,Mera,O
T1762,naam,O
T1762,Ramesh,O
T1762,hai,O
T1762,main,O
T1762,Bihar,B-STATE
T1762,ka,O
T1762,rehne,O
T1762,wala,O
T1762,hu,O
T1762,Main,O
T1762,ST,B-CASTE_CATEGORY
T1762,category,O
T1762,se,O
T1762,ek,O
T1762,purush,B-GENDER
T1762,hu,O
T1762,aur,O
T1762,weaver,B-OCCUPATION
T1762,hu,O
T1762,Aamdani,O
T1762,600000,B-ANNUAL_INCOME
T1762,per,O
T1762,year,O
T1762,hai,O
T1763,Hi,O
T1763,I,O
T1763,am,O
T1763,62,B-AGE
T1763,years,O
T1763,old,O
T1763,student,O
T1763,from,O
T1763,Tamil,B-STATE
T1763,Nadu,I-STATE
T1763,My,O
T1763,family,O
T1763,income,O
T1763,is,O
T1763,120000,B-ANNUAL_INCOME
T1763,and,O
T1763,I,O
T1763,am,O
T1763,differently,B-DISABILITY
T1763,abled,I-DISABILITY
T1764,Hi,O
T1764,I,O
T1764,am,O
T1764,21,B-AGE
T1764,years,O
T1764,old,O
T1764,student,O
T1764,from,O
T1764,Madhya,B-STATE
T1764,Pradesh,I-STATE
T1764,My,O
T1764,family,O
T1764,income,O
T1764,is,O
T1764,0,B-ANNUAL_INCOME
T1764,and,O
T1764,I,O
T1764,am,O
T1764,differently,B-DISABILITY
T1764,abled,I-DISABILITY
T1765,Mera,O
T1765,naam,O
T1765,Ramesh,O
T1765,hai,O
T1765,main,O
T1765,Madhya,B-STATE
T1765,Pradesh,I-STATE
T1765,ka,O
T1765,rehne,O
T1765,wala,O
T1765,hu,O
T1765,Main,O
T1765,OBC,B-CASTE_CATEGORY
T1765,category,O
T1765,se,O
T1765,ek,O
T1765,mahila,B-GENDER
T1765,hu,O
T1765,aur,O
T1765,chhatra,B-OCCUPATION
T1765,hu,O
T1765,Aamdani,O
T1765,0,B-ANNUAL_INCOME
T1765,per,O
T1765,year,O
T1765,hai,O
T1766,I,O
T1766,belong,O
T1766,to,O
T1766,SC,B-CASTE_CATEGORY
T1766,category,O
T1766,from,O
T1766,Rajasthan,B-STATE
T1766,Age,O
T1766,is,O
T1766,60,B-AGE
T1766,profession,O
T1766,is,O
T1766,unemployed,B-OCCUPATION
T1766,income,O
T1766,around,O
T1766,80000,B-ANNUAL_INCOME
T1767,Namaste,O
T1767,main,O
T1767,27,B-AGE
T1767,varsh,O
T1767,ka,O
T1767,rehri,B-OCCUPATION
T1767,wala,I-OCCUPATION
T1767,hu,O
T1767,Rajasthan,B-STATE
T1767,se,O
T1767,Meri,O
T1767,income,O
T1767,80000,B-ANNUAL_INCOME
T1767,rupaye,O
T1767,hai,O
T1767,aur,O
T1767,main,O
T1767,OBC,B-CASTE_CATEGORY
T1767,varg,O
T1767,se,O
T1767,hoon,O
T1767,Main,O
T1767,divyang,B-DISABILITY
T1767,hu,O
T1768,Namaste,O
T1768,main,O
T1768,32,B-AGE
T1768,varsh,O
T1768,ka,O
T1768,street,B-OCCUPATION
T1768,vendor,I-OCCUPATION
T1768,hu,O
T1768,Rajasthan,B-STATE
T1768,se,O
T1768,Meri,O
T1768,income,O
T1768,120000,B-ANNUAL_INCOME
T1768,rupaye,O
T1768,hai,O
T1768,aur,O
T1768,main,O
T1768,ST,B-CASTE_CATEGORY
T1768,varg,O
T1768,se,O
T1768,hoon,O
T1768,Main,O
T1768,divyang,B-DISABILITY
T1768,hu,O
T1769,Mera,O
T1769,naam,O
T1769,Ramesh,O
T1769,hai,O
T1769,main,O
T1769,Bihar,B-STATE
T1769,ka,O
T1769,rehne,O
T1769,wala,O
T1769,hu,O
T1769,Main,O
T1769,General,B-CASTE_CATEGORY
T1769,category,O
T1769,se,O
T1769,ek,O
T1769,purush,B-GENDER
T1769,hu,O
T1769,aur,O
T1769,street,B-OCCUPATION
T1769,vendor,I-OCCUPATION
T1769,hu,O
T1769,Aamdani,O
T1769,0,B-ANNUAL_INCOME
T1769,per,O
T1769,year,O
T1769,hai,O
T1770,Namaste,O
T1770,main,O
T1770,28,B-AGE
T1770,varsh,O
T1770,ka,O
T1770,kisan,B-OCCUPATION
T1770,hu,O
T1770,Karnataka,B-STATE
T1770,se,O
T1770,Meri,O
T1770,income,O
T1770,350000,B-ANNUAL_INCOME
T1770,rupaye,O
T1770,hai,O
T1770,aur,O
T1770,main,O
T1770,General,B-CASTE_CATEGORY
T1770,varg,O
T1770,se,O
T1770,hoon,O
T1770,Main,O
T1770,divyang,B-DISABILITY
T1770,hu,O
T1771,Hi,O
T1771,I,O
T1771,am,O
T1771,60,B-AGE
T1771,years,O
T1771,old,O
T1771,student,O
T1771,from,O
T1771,Maharashtra,B-STATE
T1771,My,O
T1771,family,O
T1771,income,O
T1771,is,O
T1771,350000,B-ANNUAL_INCOME
T1771,and,O
T1771,I,O
T1771,am,O
T1771,differently,B-DISABILITY
T1771,abled,I-DISABILITY
T1772,Hi,O
T1772,I,O
T1772,am,O
T1772,60,B-AGE
T1772,years,O
T1772,old,O
T1772,student,O
T1772,from,O
T1772,Uttar,B-STATE
T1772,Pradesh,I-STATE
T1772,My,O
T1772,family,O
T1772,income,O
T1772,is,O
T1772,80000,B-ANNUAL_INCOME
T1772,and,O
T1772,I,O
T1772,am,O
T1772,differently,B-DISABILITY
T1772,abled,I-DISABILITY
T1773,Hi,O
T1773,I,O
T1773,am,O
T1773,28,B-AGE
T1773,years,O
T1773,old,O
T1773,student,O
T1773,from,O
T1773,Tamil,B-STATE
T1773,Nadu,I-STATE
T1773,My,O
T1773,family,O
T1773,income,O
T1773,is,O
T1773,120000,B-ANNUAL_INCOME
T1773,and,O
T1773,I,O
T1773,am,O
T1773,differently,B-DISABILITY
T1773,abled,I-DISABILITY
T1774,Hi,O
T1774,I,O
T1774,am,O
T1774,44,B-AGE
T1774,years,O
T1774,old,O
T1774,student,O
T1774,from,O
T1774,Bihar,B-STATE
T1774,My,O
T1774,family,O
T1774,income,O
T1774,is,O
T1774,45000,B-ANNUAL_INCOME
T1774,and,O
T1774,I,O
T1774,am,O
T1774,differently,B-DISABILITY
T1774,abled,I-DISABILITY
T1775,Mera,O
T1775,naam,O
T1775,Ramesh,O
T1775,hai,O
T1775,main,O
T1775,Maharashtra,B-STATE
T1775,ka,O
T1775,rehne,O
T1775,wala,O
T1775,hu,O
T1775,Main,O
T1775,OBC,B-CASTE_CATEGORY
T1775,category,O
T1775,se,O
T1775,ek,O
T1775,purush,B-GENDER
T1775,hu,O
T1775,aur,O
T1775,weaver,B-OCCUPATION
T1775,hu,O
T1775,Aamdani,O
T1775,200000,B-ANNUAL_INCOME
T1775,per,O
T1775,year,O
T1775,hai,O
T1776,Hi,O
T1776,I,O
T1776,am,O
T1776,56,B-AGE
T1776,years,O
T1776,old,O
T1776,student,O
T1776,from,O
T1776,Uttar,B-STATE
T1776,Pradesh,I-STATE
T1776,My,O
T1776,family,O
T1776,income,O
T1776,is,O
T1776,600000,B-ANNUAL_INCOME
T1776,and,O
T1776,I,O
T1776,am,O
T1776,differently,B-DISABILITY
T1776,abled,I-DISABILITY
T1777,I,O
T1777,belong,O
T1777,to,O
T1777,ST,B-CASTE_CATEGORY
T1777,category,O
T1777,from,O
T1777,Karnataka,B-STATE
T1777,Age,O
T1777,is,O
T1777,44,B-AGE
T1777,profession,O
T1777,is,O
T1777,student,B-OCCUPATION
T1777,income,O
T1777,around,O
T1777,200000,B-ANNUAL_INCOME
T1778,I,O
T1778,belong,O
T1778,to,O
T1778,OBC,B-CASTE_CATEGORY
T1778,category,O
T1778,from,O
T1778,Bihar,B-STATE
T1778,Age,O
T1778,is,O
T1778,26,B-AGE
T1778,profession,O
T1778,is,O
T1778,street,B-OCCUPATION
T1778,vendor,I-OCCUPATION
T1778,income,O
T1778,around,O
T1778,80000,B-ANNUAL_INCOME
T1779,Hi,O
T1779,I,O
T1779,am,O
T1779,45,B-AGE
T1779,years,O
T1779,old,O
T1779,student,O
T1779,from,O
T1779,Bihar,B-STATE
T1779,My,O
T1779,family,O
T1779,income,O
T1779,is,O
T1779,200000,B-ANNUAL_INCOME
T1779,and,O
T1779,I,O
T1779,am,O
T1779,differently,B-DISABILITY
T1779,abled,I-DISABILITY
T1780,I,O
T1780,belong,O
T1780,to,O
T1780,ST,B-CASTE_CATEGORY
T1780,category,O
T1780,from,O
T1780,Bihar,B-STATE
T1780,Age,O
T1780,is,O
T1780,18,B-AGE
T1780,profession,O
T1780,is,O
T1780,rehri,B-OCCUPATION
T1780,wala,I-OCCUPATION
T1780,income,O
T1780,around,O
T1780,600000,B-ANNUAL_INCOME
T1781,Mera,O
T1781,naam,O
T1781,Ramesh,O
T1781,hai,O
T1781,main,O
T1781,Uttar,B-STATE
T1781,Pradesh,I-STATE
T1781,ka,O
T1781,rehne,O
T1781,wala,O
T1781,hu,O
T1781,Main,O
T1781,General,B-CASTE_CATEGORY
T1781,category,O
T1781,se,O
T1781,ek,O
T1781,purush,B-GENDER
T1781,hu,O
T1781,aur,O
T1781,rehri,B-OCCUPATION
T1781,wala,I-OCCUPATION
T1781,hu,O
T1781,Aamdani,O
T1781,0,B-ANNUAL_INCOME
T1781,per,O
T1781,year,O
T1781,hai,O
T1782,Namaste,O
T1782,main,O
T1782,48,B-AGE
T1782,varsh,O
T1782,ka,O
T1782,weaver,B-OCCUPATION
T1782,hu,O
T1782,Madhya,B-STATE
T1782,Pradesh,I-STATE
T1782,se,O
T1782,Meri,O
T1782,income,O
T1782,600000,B-ANNUAL_INCOME
T1782,rupaye,O
T1782,hai,O
T1782,aur,O
T1782,main,O
T1782,ST,B-CASTE_CATEGORY
T1782,varg,O
T1782,se,O
T1782,hoon,O
T1782,Main,O
T1782,divyang,B-DISABILITY
T1782,hu,O
T1783,Namaste,O
T1783,main,O
T1783,55,B-AGE
T1783,varsh,O
T1783,ka,O
T1783,daily,B-OCCUPATION
T1783,wage,I-OCCUPATION
T1783,worker,I-OCCUPATION
T1783,hu,O
T1783,Maharashtra,B-STATE
T1783,se,O
T1783,Meri,O
T1783,income,O
T1783,120000,B-ANNUAL_INCOME
T1783,rupaye,O
T1783,hai,O
T1783,aur,O
T1783,main,O
T1783,SC,B-CASTE_CATEGORY
T1783,varg,O
T1783,se,O
T1783,hoon,O
T1783,Main,O
T1783,divyang,B-DISABILITY
T1783,hu,O
T1784,Hi,O
T1784,I,O
T1784,am,O
T1784,48,B-AGE
T1784,years,O
T1784,old,O
T1784,student,O
T1784,from,O
T1784,Madhya,B-STATE
T1784,Pradesh,I-STATE
T1784,My,O
T1784,family,O
T1784,income,O
T1784,is,O
T1784,350000,B-ANNUAL_INCOME
T1784,and,O
T1784,I,O
T1784,am,O
T1784,differently,B-DISABILITY
T1784,abled,I-DISABILITY
T1785,Main,O
T1785,Madhya,B-STATE
T1785,Pradesh,I-STATE
T1785,se,O
T1785,ek,O
T1785,chhatra,B-OCCUPATION
T1785,hu,O
T1785,meri,O
T1785,umar,O
T1785,40,B-AGE
T1785,saal,O
T1785,hai,O
T1785,aur,O
T1785,saalana,O
T1785,kamai,O
T1785,45000,B-ANNUAL_INCOME
T1785,rupe,O
T1785,hai,O
T1786,Main,O
T1786,West,B-STATE
T1786,Bengal,I-STATE
T1786,se,O
T1786,ek,O
T1786,student,B-OCCUPATION
T1786,hu,O
T1786,meri,O
T1786,umar,O
T1786,36,B-AGE
T1786,saal,O
T1786,hai,O
T1786,aur,O
T1786,saalana,O
T1786,kamai,O
T1786,0,B-ANNUAL_INCOME
T1786,rupe,O
T1786,hai,O
T1787,Hi,O
T1787,I,O
T1787,am,O
T1787,24,B-AGE
T1787,years,O
T1787,old,O
T1787,student,O
T1787,from,O
T1787,Uttar,B-STATE
T1787,Pradesh,I-STATE
T1787,My,O
T1787,family,O
T1787,income,O
T1787,is,O
T1787,120000,B-ANNUAL_INCOME
T1787,and,O
T1787,I,O
T1787,am,O
T1787,differently,B-DISABILITY
T1787,abled,I-DISABILITY
T1788,Main,O
T1788,Maharashtra,B-STATE
T1788,se,O
T1788,ek,O
T1788,labour,B-OCCUPATION
T1788,hu,O
T1788,meri,O
T1788,umar,O
T1788,28,B-AGE
T1788,saal,O
T1788,hai,O
T1788,aur,O
T1788,saalana,O
T1788,kamai,O
T1788,45000,B-ANNUAL_INCOME
T1788,rupe,O
T1788,hai,O
T1789,I,O
T1789,belong,O
T1789,to,O
T1789,OBC,B-CASTE_CATEGORY
T1789,category,O
T1789,from,O
T1789,Maharashtra,B-STATE
T1789,Age,O
T1789,is,O
T1789,30,B-AGE
T1789,profession,O
T1789,is,O
T1789,labour,B-OCCUPATION
T1789,income,O
T1789,around,O
T1789,350000,B-ANNUAL_INCOME
T1790,Main,O
T1790,Uttar,B-STATE
T1790,Pradesh,I-STATE
T1790,se,O
T1790,ek,O
T1790,artisan,B-OCCUPATION
T1790,hu,O
T1790,meri,O
T1790,umar,O
T1790,59,B-AGE
T1790,saal,O
T1790,hai,O
T1790,aur,O
T1790,saalana,O
T1790,kamai,O
T1790,45000,B-ANNUAL_INCOME
T1790,rupe,O
T1790,hai,O
T1791,Mera,O
T1791,naam,O
T1791,Ramesh,O
T1791,hai,O
T1791,main,O
T1791,Maharashtra,B-STATE
T1791,ka,O
T1791,rehne,O
T1791,wala,O
T1791,hu,O
T1791,Main,O
T1791,OBC,B-CASTE_CATEGORY
T1791,category,O
T1791,se,O
T1791,ek,O
T1791,purush,B-GENDER
T1791,hu,O
T1791,aur,O
T1791,kisan,B-OCCUPATION
T1791,hu,O
T1791,Aamdani,O
T1791,45000,B-ANNUAL_INCOME
T1791,per,O
T1791,year,O
T1791,hai,O
T1792,Namaste,O
T1792,main,O
T1792,42,B-AGE
T1792,varsh,O
T1792,ka,O
T1792,daily,B-OCCUPATION
T1792,wage,I-OCCUPATION
T1792,worker,I-OCCUPATION
T1792,hu,O
T1792,Bihar,B-STATE
T1792,se,O
T1792,Meri,O
T1792,income,O
T1792,45000,B-ANNUAL_INCOME
T1792,rupaye,O
T1792,hai,O
T1792,aur,O
T1792,main,O
T1792,OBC,B-CASTE_CATEGORY
T1792,varg,O
T1792,se,O
T1792,hoon,O
T1792,Main,O
T1792,divyang,B-DISABILITY
T1792,hu,O
T1793,Namaste,O
T1793,main,O
T1793,57,B-AGE
T1793,varsh,O
T1793,ka,O
T1793,student,B-OCCUPATION
T1793,hu,O
T1793,West,B-STATE
T1793,Bengal,I-STATE
T1793,se,O
T1793,Meri,O
T1793,income,O
T1793,600000,B-ANNUAL_INCOME
T1793,rupaye,O
T1793,hai,O
T1793,aur,O
T1793,main,O
T1793,ST,B-CASTE_CATEGORY
T1793,varg,O
T1793,se,O
T1793,hoon,O
T1793,Main,O
T1793,divyang,B-DISABILITY
T1793,hu,O
T1794,Namaste,O
T1794,main,O
T1794,61,B-AGE
T1794,varsh,O
T1794,ka,O
T1794,student,B-OCCUPATION
T1794,hu,O
T1794,Tamil,B-STATE
T1794,Nadu,I-STATE
T1794,se,O
T1794,Meri,O
T1794,income,O
T1794,45000,B-ANNUAL_INCOME
T1794,rupaye,O
T1794,hai,O
T1794,aur,O
T1794,main,O
T1794,OBC,B-CASTE_CATEGORY
T1794,varg,O
T1794,se,O
T1794,hoon,O
T1794,Main,O
T1794,divyang,B-DISABILITY
T1794,hu,O
T1795,I,O
T1795,belong,O
T1795,to,O
T1795,General,B-CASTE_CATEGORY
T1795,category,O
T1795,from,O
T1795,Karnataka,B-STATE
T1795,Age,O
T1795,is,O
T1795,61,B-AGE
T1795,profession,O
T1795,is,O
T1795,rehri,B-OCCUPATION
T1795,wala,I-OCCUPATION
T1795,income,O
T1795,around,O
T1795,120000,B-ANNUAL_INCOME
T1796,Namaste,O
T1796,main,O
T1796,48,B-AGE
T1796,varsh,O
T1796,ka,O
T1796,weaver,B-OCCUPATION
T1796,hu,O
T1796,Bihar,B-STATE
T1796,se,O
T1796,Meri,O
T1796,income,O
T1796,45000,B-ANNUAL_INCOME
T1796,rupaye,O
T1796,hai,O
T1796,aur,O
T1796,main,O
T1796,OBC,B-CASTE_CATEGORY
T1796,varg,O
T1796,se,O
T1796,hoon,O
T1796,Main,O
T1796,divyang,B-DISABILITY
T1796,hu,O
T1797,Main,O
T1797,Tamil,B-STATE
T1797,Nadu,I-STATE
T1797,se,O
T1797,ek,O
T1797,farmer,B-OCCUPATION
T1797,hu,O
T1797,meri,O
T1797,umar,O
T1797,65,B-AGE
T1797,saal,O
T1797,hai,O
T1797,aur,O
T1797,saalana,O
T1797,kamai,O
T1797,80000,B-ANNUAL_INCOME
T1797,rupe,O
T1797,hai,O
T1798,I,O
T1798,am,O
T1798,a,O
T1798,44,B-AGE
T1798,year,O
T1798,old,O
T1798,female,B-GENDER
T1798,chhatra,B-OCCUPATION
T1798,living,O
T1798,in,O
T1798,Tamil,B-STATE
T1798,Nadu,I-STATE
T1798,My,O
T1798,annual,O
T1798,household,O
T1798,income,O
T1798,is,O
T1798,80000,B-ANNUAL_INCOME
T1798,rupees,O
T1799,I,O
T1799,am,O
T1799,a,O
T1799,58,B-AGE
T1799,year,O
T1799,old,O
T1799,male,B-GENDER
T1799,student,B-OCCUPATION
T1799,living,O
T1799,in,O
T1799,Rajasthan,B-STATE
T1799,My,O
T1799,annual,O
T1799,household,O
T1799,income,O
T1799,is,O
T1799,45000,B-ANNUAL_INCOME
T1799,rupees,O
T1800,I,O
T1800,belong,O
T1800,to,O
T1800,OBC,B-CASTE_CATEGORY
T1800,category,O
T1800,from,O
T1800,Uttar,B-STATE
T1800,Pradesh,I-STATE
T1800,Age,O
T1800,is,O
T1800,28,B-AGE
T1800,profession,O
T1800,is,O
T1800,bunkar,B-OCCUPATION
T1800,income,O
T1800,around,O
T1800,600000,B-ANNUAL_INCOME
T1801,I,O
T1801,am,O
T1801,a,O
T1801,31,B-AGE
T1801,year,O
T1801,old,O
T1801,female,B-GENDER
T1801,bunkar,B-OCCUPATION
T1801,living,O
T1801,in,O
T1801,West,B-STATE
T1801,Bengal,I-STATE
T1801,My,O
T1801,annual,O
T1801,household,O
T1801,income,O
T1801,is,O
T1801,80000,B-ANNUAL_INCOME
T1801,rupees,O
T1802,I,O
T1802,belong,O
T1802,to,O
T1802,OBC,B-CASTE_CATEGORY
T1802,category,O
T1802,from,O
T1802,West,B-STATE
T1802,Bengal,I-STATE
T1802,Age,O
T1802,is,O
T1802,35,B-AGE
T1802,profession,O
T1802,is,O
T1802,chhatra,B-OCCUPATION
T1802,income,O
T1802,around,O
T1802,120000,B-ANNUAL_INCOME
T1803,I,O
T1803,am,O
T1803,a,O
T1803,30,B-AGE
T1803,year,O
T1803,old,O
T1803,male,B-GENDER
T1803,labour,B-OCCUPATION
T1803,living,O
T1803,in,O
T1803,Tamil,B-STATE
T1803,Nadu,I-STATE
T1803,My,O
T1803,annual,O
T1803,household,O
T1803,income,O
T1803,is,O
T1803,80000,B-ANNUAL_INCOME
T1803,rupees,O
T1804,Mera,O
T1804,naam,O
T1804,Ramesh,O
T1804,hai,O
T1804,main,O
T1804,Uttar,B-STATE
T1804,Pradesh,I-STATE
T1804,ka,O
T1804,rehne,O
T1804,wala,O
T1804,hu,O
T1804,Main,O
T1804,General,B-CASTE_CATEGORY
T1804,category,O
T1804,se,O
T1804,ek,O
T1804,mahila,B-GENDER
T1804,hu,O
T1804,aur,O
T1804,mazdoor,B-OCCUPATION
T1804,hu,O
T1804,Aamdani,O
T1804,45000,B-ANNUAL_INCOME
T1804,per,O
T1804,year,O
T1804,hai,O
T1805,I,O
T1805,am,O
T1805,a,O
T1805,25,B-AGE
T1805,year,O
T1805,old,O
T1805,female,B-GENDER
T1805,berojgar,B-OCCUPATION
T1805,living,O
T1805,in,O
T1805,Maharashtra,B-STATE
T1805,My,O
T1805,annual,O
T1805,household,O
T1805,income,O
T1805,is,O
T1805,120000,B-ANNUAL_INCOME
T1805,rupees,O
T1806,Main,O
T1806,Uttar,B-STATE
T1806,Pradesh,I-STATE
T1806,se,O
T1806,ek,O
T1806,daily,B-OCCUPATION
T1806,wage,I-OCCUPATION
T1806,worker,I-OCCUPATION
T1806,hu,O
T1806,meri,O
T1806,umar,O
T1806,56,B-AGE
T1806,saal,O
T1806,hai,O
T1806,aur,O
T1806,saalana,O
T1806,kamai,O
T1806,200000,B-ANNUAL_INCOME
T1806,rupe,O
T1806,hai,O
T1807,Hi,O
T1807,I,O
T1807,am,O
T1807,54,B-AGE
T1807,years,O
T1807,old,O
T1807,student,O
T1807,from,O
T1807,Madhya,B-STATE
T1807,Pradesh,I-STATE
T1807,My,O
T1807,family,O
T1807,income,O
T1807,is,O
T1807,200000,B-ANNUAL_INCOME
T1807,and,O
T1807,I,O
T1807,am,O
T1807,differently,B-DISABILITY
T1807,abled,I-DISABILITY
T1808,Main,O
T1808,Maharashtra,B-STATE
T1808,se,O
T1808,ek,O
T1808,student,B-OCCUPATION
T1808,hu,O
T1808,meri,O
T1808,umar,O
T1808,31,B-AGE
T1808,saal,O
T1808,hai,O
T1808,aur,O
T1808,saalana,O
T1808,kamai,O
T1808,0,B-ANNUAL_INCOME
T1808,rupe,O
T1808,hai,O
T1809,Namaste,O
T1809,main,O
T1809,63,B-AGE
T1809,varsh,O
T1809,ka,O
T1809,mazdoor,B-OCCUPATION
T1809,hu,O
T1809,Maharashtra,B-STATE
T1809,se,O
T1809,Meri,O
T1809,income,O
T1809,120000,B-ANNUAL_INCOME
T1809,rupaye,O
T1809,hai,O
T1809,aur,O
T1809,main,O
T1809,OBC,B-CASTE_CATEGORY
T1809,varg,O
T1809,se,O
T1809,hoon,O
T1809,Main,O
T1809,divyang,B-DISABILITY
T1809,hu,O
T1810,I,O
T1810,belong,O
T1810,to,O
T1810,ST,B-CASTE_CATEGORY
T1810,category,O
T1810,from,O
T1810,Madhya,B-STATE
T1810,Pradesh,I-STATE
T1810,Age,O
T1810,is,O
T1810,42,B-AGE
T1810,profession,O
T1810,is,O
T1810,labour,B-OCCUPATION
T1810,income,O
T1810,around,O
T1810,200000,B-ANNUAL_INCOME
T1811,Mera,O
T1811,naam,O
T1811,Ramesh,O
T1811,hai,O
T1811,main,O
T1811,West,B-STATE
T1811,Bengal,I-STATE
T1811,ka,O
T1811,rehne,O
T1811,wala,O
T1811,hu,O
T1811,Main,O
T1811,OBC,B-CASTE_CATEGORY
T1811,category,O
T1811,se,O
T1811,ek,O
T1811,purush,B-GENDER
T1811,hu,O
T1811,aur,O
T1811,labour,B-OCCUPATION
T1811,hu,O
T1811,Aamdani,O
T1811,45000,B-ANNUAL_INCOME
T1811,per,O
T1811,year,O
T1811,hai,O
T1812,Namaste,O
T1812,main,O
T1812,40,B-AGE
T1812,varsh,O
T1812,ka,O
T1812,farmer,B-OCCUPATION
T1812,hu,O
T1812,Bihar,B-STATE
T1812,se,O
T1812,Meri,O
T1812,income,O
T1812,80000,B-ANNUAL_INCOME
T1812,rupaye,O
T1812,hai,O
T1812,aur,O
T1812,main,O
T1812,OBC,B-CASTE_CATEGORY
T1812,varg,O
T1812,se,O
T1812,hoon,O
T1812,Main,O
T1812,divyang,B-DISABILITY
T1812,hu,O
T1813,Namaste,O
T1813,main,O
T1813,60,B-AGE
T1813,varsh,O
T1813,ka,O
T1813,bunkar,B-OCCUPATION
T1813,hu,O
T1813,Bihar,B-STATE
T1813,se,O
T1813,Meri,O
T1813,income,O
T1813,200000,B-ANNUAL_INCOME
T1813,rupaye,O
T1813,hai,O
T1813,aur,O
T1813,main,O
T1813,General,B-CASTE_CATEGORY
T1813,varg,O
T1813,se,O
T1813,hoon,O
T1813,Main,O
T1813,divyang,B-DISABILITY
T1813,hu,O
T1814,Hi,O
T1814,I,O
T1814,am,O
T1814,59,B-AGE
T1814,years,O
T1814,old,O
T1814,student,O
T1814,from,O
T1814,Uttar,B-STATE
T1814,Pradesh,I-STATE
T1814,My,O
T1814,family,O
T1814,income,O
T1814,is,O
T1814,45000,B-ANNUAL_INCOME
T1814,and,O
T1814,I,O
T1814,am,O
T1814,differently,B-DISABILITY
T1814,abled,I-DISABILITY
T1815,Namaste,O
T1815,main,O
T1815,64,B-AGE
T1815,varsh,O
T1815,ka,O
T1815,student,B-OCCUPATION
T1815,hu,O
T1815,Uttar,B-STATE
T1815,Pradesh,I-STATE
T1815,se,O
T1815,Meri,O
T1815,income,O
T1815,350000,B-ANNUAL_INCOME
T1815,rupaye,O
T1815,hai,O
T1815,aur,O
T1815,main,O
T1815,General,B-CASTE_CATEGORY
T1815,varg,O
T1815,se,O
T1815,hoon,O
T1815,Main,O
T1815,divyang,B-DISABILITY
T1815,hu,O
T1816,Main,O
T1816,Tamil,B-STATE
T1816,Nadu,I-STATE
T1816,se,O
T1816,ek,O
T1816,rehri,B-OCCUPATION
T1816,wala,I-OCCUPATION
T1816,hu,O
T1816,meri,O
T1816,umar,O
T1816,46,B-AGE
T1816,saal,O
T1816,hai,O
T1816,aur,O
T1816,saalana,O
T1816,kamai,O
T1816,600000,B-ANNUAL_INCOME
T1816,rupe,O
T1816,hai,O
T1817,I,O
T1817,belong,O
T1817,to,O
T1817,ST,B-CASTE_CATEGORY
T1817,category,O
T1817,from,O
T1817,Tamil,B-STATE
T1817,Nadu,I-STATE
T1817,Age,O
T1817,is,O
T1817,41,B-AGE
T1817,profession,O
T1817,is,O
T1817,berojgar,B-OCCUPATION
T1817,income,O
T1817,around,O
T1817,45000,B-ANNUAL_INCOME
T1818,Namaste,O
T1818,main,O
T1818,42,B-AGE
T1818,varsh,O
T1818,ka,O
T1818,daily,B-OCCUPATION
T1818,wage,I-OCCUPATION
T1818,worker,I-OCCUPATION
T1818,hu,O
T1818,Rajasthan,B-STATE
T1818,se,O
T1818,Meri,O
T1818,income,O
T1818,200000,B-ANNUAL_INCOME
T1818,rupaye,O
T1818,hai,O
T1818,aur,O
T1818,main,O
T1818,ST,B-CASTE_CATEGORY
T1818,varg,O
T1818,se,O
T1818,hoon,O
T1818,Main,O
T1818,divyang,B-DISABILITY
T1818,hu,O
T1819,Namaste,O
T1819,main,O
T1819,32,B-AGE
T1819,varsh,O
T1819,ka,O
T1819,kisan,B-OCCUPATION
T1819,hu,O
T1819,Rajasthan,B-STATE
T1819,se,O
T1819,Meri,O
T1819,income,O
T1819,350000,B-ANNUAL_INCOME
T1819,rupaye,O
T1819,hai,O
T1819,aur,O
T1819,main,O
T1819,SC,B-CASTE_CATEGORY
T1819,varg,O
T1819,se,O
T1819,hoon,O
T1819,Main,O
T1819,divyang,B-DISABILITY
T1819,hu,O
T1820,I,O
T1820,am,O
T1820,a,O
T1820,33,B-AGE
T1820,year,O
T1820,old,O
T1820,female,B-GENDER
T1820,artisan,B-OCCUPATION
T1820,living,O
T1820,in,O
T1820,Maharashtra,B-STATE
T1820,My,O
T1820,annual,O
T1820,household,O
T1820,income,O
T1820,is,O
T1820,200000,B-ANNUAL_INCOME
T1820,rupees,O
T1821,Namaste,O
T1821,main,O
T1821,34,B-AGE
T1821,varsh,O
T1821,ka,O
T1821,street,B-OCCUPATION
T1821,vendor,I-OCCUPATION
T1821,hu,O
T1821,West,B-STATE
T1821,Bengal,I-STATE
T1821,se,O
T1821,Meri,O
T1821,income,O
T1821,45000,B-ANNUAL_INCOME
T1821,rupaye,O
T1821,hai,O
T1821,aur,O
T1821,main,O
T1821,OBC,B-CASTE_CATEGORY
T1821,varg,O
T1821,se,O
T1821,hoon,O
T1821,Main,O
T1821,divyang,B-DISABILITY
T1821,hu,O
T1822,Mera,O
T1822,naam,O
T1822,Ramesh,O
T1822,hai,O
T1822,main,O
T1822,Bihar,B-STATE
T1822,ka,O
T1822,rehne,O
T1822,wala,O
T1822,hu,O
T1822,Main,O
T1822,ST,B-CASTE_CATEGORY
T1822,category,O
T1822,se,O
T1822,ek,O
T1822,purush,B-GENDER
T1822,hu,O
T1822,aur,O
T1822,unemployed,B-OCCUPATION
T1822,hu,O
T1822,Aamdani,O
T1822,200000,B-ANNUAL_INCOME
T1822,per,O
T1822,year,O
T1822,hai,O
T1823,I,O
T1823,belong,O
T1823,to,O
T1823,General,B-CASTE_CATEGORY
T1823,category,O
T1823,from,O
T1823,Tamil,B-STATE
T1823,Nadu,I-STATE
T1823,Age,O
T1823,is,O
T1823,59,B-AGE
T1823,profession,O
T1823,is,O
T1823,unemployed,B-OCCUPATION
T1823,income,O
T1823,around,O
T1823,600000,B-ANNUAL_INCOME
T1824,I,O
T1824,belong,O
T1824,to,O
T1824,ST,B-CASTE_CATEGORY
T1824,category,O
T1824,from,O
T1824,Maharashtra,B-STATE
T1824,Age,O
T1824,is,O
T1824,56,B-AGE
T1824,profession,O
T1824,is,O
T1824,kisan,B-OCCUPATION
T1824,income,O
T1824,around,O
T1824,600000,B-ANNUAL_INCOME
T1825,I,O
T1825,am,O
T1825,a,O
T1825,63,B-AGE
T1825,year,O
T1825,old,O
T1825,female,B-GENDER
T1825,daily,B-OCCUPATION
T1825,wage,I-OCCUPATION
T1825,worker,I-OCCUPATION
T1825,living,O
T1825,in,O
T1825,Rajasthan,B-STATE
T1825,My,O
T1825,annual,O
T1825,household,O
T1825,income,O
T1825,is,O
T1825,80000,B-ANNUAL_INCOME
T1825,rupees,O
T1826,I,O
T1826,belong,O
T1826,to,O
T1826,SC,B-CASTE_CATEGORY
T1826,category,O
T1826,from,O
T1826,Bihar,B-STATE
T1826,Age,O
T1826,is,O
T1826,41,B-AGE
T1826,profession,O
T1826,is,O
T1826,weaver,B-OCCUPATION
T1826,income,O
T1826,around,O
T1826,350000,B-ANNUAL_INCOME
T1827,I,O
T1827,am,O
T1827,a,O
T1827,26,B-AGE
T1827,year,O
T1827,old,O
T1827,female,B-GENDER
T1827,chhatra,B-OCCUPATION
T1827,living,O
T1827,in,O
T1827,Bihar,B-STATE
T1827,My,O
T1827,annual,O
T1827,household,O
T1827,income,O
T1827,is,O
T1827,350000,B-ANNUAL_INCOME
T1827,rupees,O
T1828,Namaste,O
T1828,main,O
T1828,41,B-AGE
T1828,varsh,O
T1828,ka,O
T1828,berojgar,B-OCCUPATION
T1828,hu,O
T1828,Madhya,B-STATE
T1828,Pradesh,I-STATE
T1828,se,O
T1828,Meri,O
T1828,income,O
T1828,120000,B-ANNUAL_INCOME
T1828,rupaye,O
T1828,hai,O
T1828,aur,O
T1828,main,O
T1828,General,B-CASTE_CATEGORY
T1828,varg,O
T1828,se,O
T1828,hoon,O
T1828,Main,O
T1828,divyang,B-DISABILITY
T1828,hu,O
T1829,Hi,O
T1829,I,O
T1829,am,O
T1829,50,B-AGE
T1829,years,O
T1829,old,O
T1829,student,O
T1829,from,O
T1829,Tamil,B-STATE
T1829,Nadu,I-STATE
T1829,My,O
T1829,family,O
T1829,income,O
T1829,is,O
T1829,200000,B-ANNUAL_INCOME
T1829,and,O
T1829,I,O
T1829,am,O
T1829,differently,B-DISABILITY
T1829,abled,I-DISABILITY
T1830,Mera,O
T1830,naam,O
T1830,Ramesh,O
T1830,hai,O
T1830,main,O
T1830,Madhya,B-STATE
T1830,Pradesh,I-STATE
T1830,ka,O
T1830,rehne,O
T1830,wala,O
T1830,hu,O
T1830,Main,O
T1830,SC,B-CASTE_CATEGORY
T1830,category,O
T1830,se,O
T1830,ek,O
T1830,purush,B-GENDER
T1830,hu,O
T1830,aur,O
T1830,labour,B-OCCUPATION
T1830,hu,O
T1830,Aamdani,O
T1830,600000,B-ANNUAL_INCOME
T1830,per,O
T1830,year,O
T1830,hai,O
T1831,Namaste,O
T1831,main,O
T1831,60,B-AGE
T1831,varsh,O
T1831,ka,O
T1831,artisan,B-OCCUPATION
T1831,hu,O
T1831,West,B-STATE
T1831,Bengal,I-STATE
T1831,se,O
T1831,Meri,O
T1831,income,O
T1831,120000,B-ANNUAL_INCOME
T1831,rupaye,O
T1831,hai,O
T1831,aur,O
T1831,main,O
T1831,General,B-CASTE_CATEGORY
T1831,varg,O
T1831,se,O
T1831,hoon,O
T1831,Main,O
T1831,divyang,B-DISABILITY
T1831,hu,O
T1832,I,O
T1832,am,O
T1832,a,O
T1832,50,B-AGE
T1832,year,O
T1832,old,O
T1832,female,B-GENDER
T1832,street,B-OCCUPATION
T1832,vendor,I-OCCUPATION
T1832,living,O
T1832,in,O
T1832,West,B-STATE
T1832,Bengal,I-STATE
T1832,My,O
T1832,annual,O
T1832,household,O
T1832,income,O
T1832,is,O
T1832,45000,B-ANNUAL_INCOME
T1832,rupees,O
T1833,Hi,O
T1833,I,O
T1833,am,O
T1833,60,B-AGE
T1833,years,O
T1833,old,O
T1833,student,O
T1833,from,O
T1833,Rajasthan,B-STATE
T1833,My,O
T1833,family,O
T1833,income,O
T1833,is,O
T1833,45000,B-ANNUAL_INCOME
T1833,and,O
T1833,I,O
T1833,am,O
T1833,differently,B-DISABILITY
T1833,abled,I-DISABILITY
T1834,Namaste,O
T1834,main,O
T1834,40,B-AGE
T1834,varsh,O
T1834,ka,O
T1834,weaver,B-OCCUPATION
T1834,hu,O
T1834,Tamil,B-STATE
T1834,Nadu,I-STATE
T1834,se,O
T1834,Meri,O
T1834,income,O
T1834,45000,B-ANNUAL_INCOME
T1834,rupaye,O
T1834,hai,O
T1834,aur,O
T1834,main,O
T1834,ST,B-CASTE_CATEGORY
T1834,varg,O
T1834,se,O
T1834,hoon,O
T1834,Main,O
T1834,divyang,B-DISABILITY
T1834,hu,O
T1835,Main,O
T1835,Maharashtra,B-STATE
T1835,se,O
T1835,ek,O
T1835,labour,B-OCCUPATION
T1835,hu,O
T1835,meri,O
T1835,umar,O
T1835,24,B-AGE
T1835,saal,O
T1835,hai,O
T1835,aur,O
T1835,saalana,O
T1835,kamai,O
T1835,120000,B-ANNUAL_INCOME
T1835,rupe,O
T1835,hai,O
T1836,I,O
T1836,belong,O
T1836,to,O
T1836,SC,B-CASTE_CATEGORY
T1836,category,O
T1836,from,O
T1836,Tamil,B-STATE
T1836,Nadu,I-STATE
T1836,Age,O
T1836,is,O
T1836,65,B-AGE
T1836,profession,O
T1836,is,O
T1836,street,B-OCCUPATION
T1836,vendor,I-OCCUPATION
T1836,income,O
T1836,around,O
T1836,45000,B-ANNUAL_INCOME
T1837,Main,O
T1837,Bihar,B-STATE
T1837,se,O
T1837,ek,O
T1837,mazdoor,B-OCCUPATION
T1837,hu,O
T1837,meri,O
T1837,umar,O
T1837,32,B-AGE
T1837,saal,O
T1837,hai,O
T1837,aur,O
T1837,saalana,O
T1837,kamai,O
T1837,600000,B-ANNUAL_INCOME
T1837,rupe,O
T1837,hai,O
T1838,Mera,O
T1838,naam,O
T1838,Ramesh,O
T1838,hai,O
T1838,main,O
T1838,Uttar,B-STATE
T1838,Pradesh,I-STATE
T1838,ka,O
T1838,rehne,O
T1838,wala,O
T1838,hu,O
T1838,Main,O
T1838,OBC,B-CASTE_CATEGORY
T1838,category,O
T1838,se,O
T1838,ek,O
T1838,purush,B-GENDER
T1838,hu,O
T1838,aur,O
T1838,unemployed,B-OCCUPATION
T1838,hu,O
T1838,Aamdani,O
T1838,45000,B-ANNUAL_INCOME
T1838,per,O
T1838,year,O
T1838,hai,O
T1839,Main,O
T1839,Karnataka,B-STATE
T1839,se,O
T1839,ek,O
T1839,rehri,B-OCCUPATION
T1839,wala,I-OCCUPATION
T1839,hu,O
T1839,meri,O
T1839,umar,O
T1839,32,B-AGE
T1839,saal,O
T1839,hai,O
T1839,aur,O
T1839,saalana,O
T1839,kamai,O
T1839,600000,B-ANNUAL_INCOME
T1839,rupe,O
T1839,hai,O
T1840,I,O
T1840,belong,O
T1840,to,O
T1840,SC,B-CASTE_CATEGORY
T1840,category,O
T1840,from,O
T1840,Maharashtra,B-STATE
T1840,Age,O
T1840,is,O
T1840,44,B-AGE
T1840,profession,O
T1840,is,O
T1840,chhatra,B-OCCUPATION
T1840,income,O
T1840,around,O
T1840,200000,B-ANNUAL_INCOME
T1841,Namaste,O
T1841,main,O
T1841,31,B-AGE
T1841,varsh,O
T1841,ka,O
T1841,weaver,B-OCCUPATION
T1841,hu,O
T1841,Karnataka,B-STATE
T1841,se,O
T1841,Meri,O
T1841,income,O
T1841,80000,B-ANNUAL_INCOME
T1841,rupaye,O
T1841,hai,O
T1841,aur,O
T1841,main,O
T1841,ST,B-CASTE_CATEGORY
T1841,varg,O
T1841,se,O
T1841,hoon,O
T1841,Main,O
T1841,divyang,B-DISABILITY
T1841,hu,O
T1842,I,O
T1842,belong,O
T1842,to,O
T1842,General,B-CASTE_CATEGORY
T1842,category,O
T1842,from,O
T1842,Rajasthan,B-STATE
T1842,Age,O
T1842,is,O
T1842,44,B-AGE
T1842,profession,O
T1842,is,O
T1842,kisan,B-OCCUPATION
T1842,income,O
T1842,around,O
T1842,600000,B-ANNUAL_INCOME
T1843,Hi,O
T1843,I,O
T1843,am,O
T1843,33,B-AGE
T1843,years,O
T1843,old,O
T1843,student,B-OCCUPATION
T1843,from,O
T1843,Maharashtra,B-STATE
T1843,My,O
T1843,family,O
T1843,income,O
T1843,is,O
T1843,0,B-ANNUAL_INCOME
T1843,and,O
T1843,I,O
T1843,am,O
T1843,differently,B-DISABILITY
T1843,abled,I-DISABILITY
T1844,Namaste,O
T1844,main,O
T1844,44,B-AGE
T1844,varsh,O
T1844,ka,O
T1844,bunkar,B-OCCUPATION
T1844,hu,O
T1844,Rajasthan,B-STATE
T1844,se,O
T1844,Meri,O
T1844,income,O
T1844,45000,B-ANNUAL_INCOME
T1844,rupaye,O
T1844,hai,O
T1844,aur,O
T1844,main,O
T1844,General,B-CASTE_CATEGORY
T1844,varg,O
T1844,se,O
T1844,hoon,O
T1844,Main,O
T1844,divyang,B-DISABILITY
T1844,hu,O
T1845,I,O
T1845,am,O
T1845,a,O
T1845,59,B-AGE
T1845,year,O
T1845,old,O
T1845,female,B-GENDER
T1845,weaver,B-OCCUPATION
T1845,living,O
T1845,in,O
T1845,Uttar,B-STATE
T1845,Pradesh,I-STATE
T1845,My,O
T1845,annual,O
T1845,household,O
T1845,income,O
T1845,is,O
T1845,120000,B-ANNUAL_INCOME
T1845,rupees,O
T1846,I,O
T1846,am,O
T1846,a,O
T1846,43,B-AGE
T1846,year,O
T1846,old,O
T1846,female,B-GENDER
T1846,mazdoor,B-OCCUPATION
T1846,living,O
T1846,in,O
T1846,Karnataka,B-STATE
T1846,My,O
T1846,annual,O
T1846,household,O
T1846,income,O
T1846,is,O
T1846,350000,B-ANNUAL_INCOME
T1846,rupees,O
T1847,Mera,O
T1847,naam,O
T1847,Ramesh,O
T1847,hai,O
T1847,main,O
T1847,Madhya,B-STATE
T1847,Pradesh,I-STATE
T1847,ka,O
T1847,rehne,O
T1847,wala,O
T1847,hu,O
T1847,Main,O
T1847,General,B-CASTE_CATEGORY
T1847,category,O
T1847,se,O
T1847,ek,O
T1847,purush,B-GENDER
T1847,hu,O
T1847,aur,O
T1847,mazdoor,B-OCCUPATION
T1847,hu,O
T1847,Aamdani,O
T1847,120000,B-ANNUAL_INCOME
T1847,per,O
T1847,year,O
T1847,hai,O
T1848,Hi,O
T1848,I,O
T1848,am,O
T1848,35,B-AGE
T1848,years,O
T1848,old,O
T1848,student,O
T1848,from,O
T1848,Karnataka,B-STATE
T1848,My,O
T1848,family,O
T1848,income,O
T1848,is,O
T1848,0,B-ANNUAL_INCOME
T1848,and,O
T1848,I,O
T1848,am,O
T1848,differently,B-DISABILITY
T1848,abled,I-DISABILITY
T1849,Mera,O
T1849,naam,O
T1849,Ramesh,O
T1849,hai,O
T1849,main,O
T1849,Rajasthan,B-STATE
T1849,ka,O
T1849,rehne,O
T1849,wala,O
T1849,hu,O
T1849,Main,O
T1849,SC,B-CASTE_CATEGORY
T1849,category,O
T1849,se,O
T1849,ek,O
T1849,mahila,B-GENDER
T1849,hu,O
T1849,aur,O
T1849,student,B-OCCUPATION
T1849,hu,O
T1849,Aamdani,O
T1849,0,B-ANNUAL_INCOME
T1849,per,O
T1849,year,O
T1849,hai,O
T1850,I,O
T1850,belong,O
T1850,to,O
T1850,ST,B-CASTE_CATEGORY
T1850,category,O
T1850,from,O
T1850,Karnataka,B-STATE
T1850,Age,O
T1850,is,O
T1850,50,B-AGE
T1850,profession,O
T1850,is,O
T1850,kisan,B-OCCUPATION
T1850,income,O
T1850,around,O
T1850,0,B-ANNUAL_INCOME
T1851,Namaste,O
T1851,main,O
T1851,22,B-AGE
T1851,varsh,O
T1851,ka,O
T1851,farmer,B-OCCUPATION
T1851,hu,O
T1851,Bihar,B-STATE
T1851,se,O
T1851,Meri,O
T1851,income,O
T1851,80000,B-ANNUAL_INCOME
T1851,rupaye,O
T1851,hai,O
T1851,aur,O
T1851,main,O
T1851,ST,B-CASTE_CATEGORY
T1851,varg,O
T1851,se,O
T1851,hoon,O
T1851,Main,O
T1851,divyang,B-DISABILITY
T1851,hu,O
T1852,I,O
T1852,belong,O
T1852,to,O
T1852,General,B-CASTE_CATEGORY
T1852,category,O
T1852,from,O
T1852,Maharashtra,B-STATE
T1852,Age,O
T1852,is,O
T1852,31,B-AGE
T1852,profession,O
T1852,is,O
T1852,labour,B-OCCUPATION
T1852,income,O
T1852,around,O
T1852,200000,B-ANNUAL_INCOME
T1853,I,O
T1853,belong,O
T1853,to,O
T1853,ST,B-CASTE_CATEGORY
T1853,category,O
T1853,from,O
T1853,Madhya,B-STATE
T1853,Pradesh,I-STATE
T1853,Age,O
T1853,is,O
T1853,19,B-AGE
T1853,profession,O
T1853,is,O
T1853,artisan,B-OCCUPATION
T1853,income,O
T1853,around,O
T1853,120000,B-ANNUAL_INCOME
T1854,Main,O
T1854,Bihar,B-STATE
T1854,se,O
T1854,ek,O
T1854,bunkar,B-OCCUPATION
T1854,hu,O
T1854,meri,O
T1854,umar,O
T1854,22,B-AGE
T1854,saal,O
T1854,hai,O
T1854,aur,O
T1854,saalana,O
T1854,kamai,O
T1854,600000,B-ANNUAL_INCOME
T1854,rupe,O
T1854,hai,O
T1855,Main,O
T1855,Tamil,B-STATE
T1855,Nadu,I-STATE
T1855,se,O
T1855,ek,O
T1855,kisan,B-OCCUPATION
T1855,hu,O
T1855,meri,O
T1855,umar,O
T1855,44,B-AGE
T1855,saal,O
T1855,hai,O
T1855,aur,O
T1855,saalana,O
T1855,kamai,O
T1855,200000,B-ANNUAL_INCOME
T1855,rupe,O
T1855,hai,O
T1856,Namaste,O
T1856,main,O
T1856,22,B-AGE
T1856,varsh,O
T1856,ka,O
T1856,farmer,B-OCCUPATION
T1856,hu,O
T1856,Rajasthan,B-STATE
T1856,se,O
T1856,Meri,O
T1856,income,O
T1856,350000,B-ANNUAL_INCOME
T1856,rupaye,O
T1856,hai,O
T1856,aur,O
T1856,main,O
T1856,SC,B-CASTE_CATEGORY
T1856,varg,O
T1856,se,O
T1856,hoon,O
T1856,Main,O
T1856,divyang,B-DISABILITY
T1856,hu,O
T1857,Hi,O
T1857,I,O
T1857,am,O
T1857,54,B-AGE
T1857,years,O
T1857,old,O
T1857,student,B-OCCUPATION
T1857,from,O
T1857,Tamil,B-STATE
T1857,Nadu,I-STATE
T1857,My,O
T1857,family,O
T1857,income,O
T1857,is,O
T1857,600000,B-ANNUAL_INCOME
T1857,and,O
T1857,I,O
T1857,am,O
T1857,differently,B-DISABILITY
T1857,abled,I-DISABILITY
T1858,Hi,O
T1858,I,O
T1858,am,O
T1858,49,B-AGE
T1858,years,O
T1858,old,O
T1858,student,B-OCCUPATION
T1858,from,O
T1858,Bihar,B-STATE
T1858,My,O
T1858,family,O
T1858,income,O
T1858,is,O
T1858,120000,B-ANNUAL_INCOME
T1858,and,O
T1858,I,O
T1858,am,O
T1858,differently,B-DISABILITY
T1858,abled,I-DISABILITY
T1859,I,O
T1859,belong,O
T1859,to,O
T1859,OBC,B-CASTE_CATEGORY
T1859,category,O
T1859,from,O
T1859,Maharashtra,B-STATE
T1859,Age,O
T1859,is,O
T1859,46,B-AGE
T1859,profession,O
T1859,is,O
T1859,berojgar,B-OCCUPATION
T1859,income,O
T1859,around,O
T1859,0,B-ANNUAL_INCOME
T1860,I,O
T1860,am,O
T1860,a,O
T1860,39,B-AGE
T1860,year,O
T1860,old,O
T1860,female,B-GENDER
T1860,kisan,B-OCCUPATION
T1860,living,O
T1860,in,O
T1860,Uttar,B-STATE
T1860,Pradesh,I-STATE
T1860,My,O
T1860,annual,O
T1860,household,O
T1860,income,O
T1860,is,O
T1860,120000,B-ANNUAL_INCOME
T1860,rupees,O
T1861,Hi,O
T1861,I,O
T1861,am,O
T1861,38,B-AGE
T1861,years,O
T1861,old,O
T1861,student,O
T1861,from,O
T1861,West,B-STATE
T1861,Bengal,I-STATE
T1861,My,O
T1861,family,O
T1861,income,O
T1861,is,O
T1861,45000,B-ANNUAL_INCOME
T1861,and,O
T1861,I,O
T1861,am,O
T1861,differently,B-DISABILITY
T1861,abled,I-DISABILITY
T1862,Namaste,O
T1862,main,O
T1862,21,B-AGE
T1862,varsh,O
T1862,ka,O
T1862,bunkar,B-OCCUPATION
T1862,hu,O
T1862,Madhya,B-STATE
T1862,Pradesh,I-STATE
T1862,se,O
T1862,Meri,O
T1862,income,O
T1862,120000,B-ANNUAL_INCOME
T1862,rupaye,O
T1862,hai,O
T1862,aur,O
T1862,main,O
T1862,ST,B-CASTE_CATEGORY
T1862,varg,O
T1862,se,O
T1862,hoon,O
T1862,Main,O
T1862,divyang,B-DISABILITY
T1862,hu,O
T1863,I,O
T1863,belong,O
T1863,to,O
T1863,General,B-CASTE_CATEGORY
T1863,category,O
T1863,from,O
T1863,Bihar,B-STATE
T1863,Age,O
T1863,is,O
T1863,34,B-AGE
T1863,profession,O
T1863,is,O
T1863,chhatra,B-OCCUPATION
T1863,income,O
T1863,around,O
T1863,200000,B-ANNUAL_INCOME
T1864,Hi,O
T1864,I,O
T1864,am,O
T1864,61,B-AGE
T1864,years,O
T1864,old,O
T1864,student,O
T1864,from,O
T1864,Maharashtra,B-STATE
T1864,My,O
T1864,family,O
T1864,income,O
T1864,is,O
T1864,200000,B-ANNUAL_INCOME
T1864,and,O
T1864,I,O
T1864,am,O
T1864,differently,B-DISABILITY
T1864,abled,I-DISABILITY
T1865,I,O
T1865,belong,O
T1865,to,O
T1865,ST,B-CASTE_CATEGORY
T1865,category,O
T1865,from,O
T1865,Tamil,B-STATE
T1865,Nadu,I-STATE
T1865,Age,O
T1865,is,O
T1865,19,B-AGE
T1865,profession,O
T1865,is,O
T1865,berojgar,B-OCCUPATION
T1865,income,O
T1865,around,O
T1865,200000,B-ANNUAL_INCOME
T1866,Main,O
T1866,Karnataka,B-STATE
T1866,se,O
T1866,ek,O
T1866,unemployed,B-OCCUPATION
T1866,hu,O
T1866,meri,O
T1866,umar,O
T1866,63,B-AGE
T1866,saal,O
T1866,hai,O
T1866,aur,O
T1866,saalana,O
T1866,kamai,O
T1866,120000,B-ANNUAL_INCOME
T1866,rupe,O
T1866,hai,O
T1867,Mera,O
T1867,naam,O
T1867,Ramesh,O
T1867,hai,O
T1867,main,O
T1867,West,B-STATE
T1867,Bengal,I-STATE
T1867,ka,O
T1867,rehne,O
T1867,wala,O
T1867,hu,O
T1867,Main,O
T1867,SC,B-CASTE_CATEGORY
T1867,category,O
T1867,se,O
T1867,ek,O
T1867,purush,B-GENDER
T1867,hu,O
T1867,aur,O
T1867,berojgar,B-OCCUPATION
T1867,hu,O
T1867,Aamdani,O
T1867,120000,B-ANNUAL_INCOME
T1867,per,O
T1867,year,O
T1867,hai,O
T1868,Mera,O
T1868,naam,O
T1868,Ramesh,O
T1868,hai,O
T1868,main,O
T1868,Uttar,B-STATE
T1868,Pradesh,I-STATE
T1868,ka,O
T1868,rehne,O
T1868,wala,O
T1868,hu,O
T1868,Main,O
T1868,SC,B-CASTE_CATEGORY
T1868,category,O
T1868,se,O
T1868,ek,O
T1868,mahila,B-GENDER
T1868,hu,O
T1868,aur,O
T1868,kisan,B-OCCUPATION
T1868,hu,O
T1868,Aamdani,O
T1868,200000,B-ANNUAL_INCOME
T1868,per,O
T1868,year,O
T1868,hai,O
T1869,Main,O
T1869,Tamil,B-STATE
T1869,Nadu,I-STATE
T1869,se,O
T1869,ek,O
T1869,berojgar,B-OCCUPATION
T1869,hu,O
T1869,meri,O
T1869,umar,O
T1869,27,B-AGE
T1869,saal,O
T1869,hai,O
T1869,aur,O
T1869,saalana,O
T1869,kamai,O
T1869,120000,B-ANNUAL_INCOME
T1869,rupe,O
T1869,hai,O
T1870,I,O
T1870,am,O
T1870,a,O
T1870,35,B-AGE
T1870,year,O
T1870,old,O
T1870,female,B-GENDER
T1870,farmer,B-OCCUPATION
T1870,living,O
T1870,in,O
T1870,Maharashtra,B-STATE
T1870,My,O
T1870,annual,O
T1870,household,O
T1870,income,O
T1870,is,O
T1870,200000,B-ANNUAL_INCOME
T1870,rupees,O
T1871,I,O
T1871,belong,O
T1871,to,O
T1871,SC,B-CASTE_CATEGORY
T1871,category,O
T1871,from,O
T1871,Tamil,B-STATE
T1871,Nadu,I-STATE
T1871,Age,O
T1871,is,O
T1871,48,B-AGE
T1871,profession,O
T1871,is,O
T1871,unemployed,B-OCCUPATION
T1871,income,O
T1871,around,O
T1871,200000,B-ANNUAL_INCOME
T1872,Hi,O
T1872,I,O
T1872,am,O
T1872,49,B-AGE
T1872,years,O
T1872,old,O
T1872,student,O
T1872,from,O
T1872,Bihar,B-STATE
T1872,My,O
T1872,family,O
T1872,income,O
T1872,is,O
T1872,350000,B-ANNUAL_INCOME
T1872,and,O
T1872,I,O
T1872,am,O
T1872,differently,B-DISABILITY
T1872,abled,I-DISABILITY
T1873,I,O
T1873,am,O
T1873,a,O
T1873,65,B-AGE
T1873,year,O
T1873,old,O
T1873,female,B-GENDER
T1873,labour,B-OCCUPATION
T1873,living,O
T1873,in,O
T1873,Tamil,B-STATE
T1873,Nadu,I-STATE
T1873,My,O
T1873,annual,O
T1873,household,O
T1873,income,O
T1873,is,O
T1873,120000,B-ANNUAL_INCOME
T1873,rupees,O
T1874,I,O
T1874,am,O
T1874,a,O
T1874,54,B-AGE
T1874,year,O
T1874,old,O
T1874,male,B-GENDER
T1874,chhatra,B-OCCUPATION
T1874,living,O
T1874,in,O
T1874,Rajasthan,B-STATE
T1874,My,O
T1874,annual,O
T1874,household,O
T1874,income,O
T1874,is,O
T1874,350000,B-ANNUAL_INCOME
T1874,rupees,O
T1875,I,O
T1875,am,O
T1875,a,O
T1875,52,B-AGE
T1875,year,O
T1875,old,O
T1875,male,B-GENDER
T1875,farmer,B-OCCUPATION
T1875,living,O
T1875,in,O
T1875,Uttar,B-STATE
T1875,Pradesh,I-STATE
T1875,My,O
T1875,annual,O
T1875,household,O
T1875,income,O
T1875,is,O
T1875,200000,B-ANNUAL_INCOME
T1875,rupees,O
T1876,Namaste,O
T1876,main,O
T1876,27,B-AGE
T1876,varsh,O
T1876,ka,O
T1876,chhatra,B-OCCUPATION
T1876,hu,O
T1876,Madhya,B-STATE
T1876,Pradesh,I-STATE
T1876,se,O
T1876,Meri,O
T1876,income,O
T1876,600000,B-ANNUAL_INCOME
T1876,rupaye,O
T1876,hai,O
T1876,aur,O
T1876,main,O
T1876,General,B-CASTE_CATEGORY
T1876,varg,O
T1876,se,O
T1876,hoon,O
T1876,Main,O
T1876,divyang,B-DISABILITY
T1876,hu,O
T1877,Mera,O
T1877,naam,O
T1877,Ramesh,O
T1877,hai,O
T1877,main,O
T1877,Bihar,B-STATE
T1877,ka,O
T1877,rehne,O
T1877,wala,O
T1877,hu,O
T1877,Main,O
T1877,ST,B-CASTE_CATEGORY
T1877,category,O
T1877,se,O
T1877,ek,O
T1877,mahila,B-GENDER
T1877,hu,O
T1877,aur,O
T1877,artisan,B-OCCUPATION
T1877,hu,O
T1877,Aamdani,O
T1877,80000,B-ANNUAL_INCOME
T1877,per,O
T1877,year,O
T1877,hai,O
T1878,Main,O
T1878,Rajasthan,B-STATE
T1878,se,O
T1878,ek,O
T1878,kisan,B-OCCUPATION
T1878,hu,O
T1878,meri,O
T1878,umar,O
T1878,49,B-AGE
T1878,saal,O
T1878,hai,O
T1878,aur,O
T1878,saalana,O
T1878,kamai,O
T1878,200000,B-ANNUAL_INCOME
T1878,rupe,O
T1878,hai,O
T1879,Mera,O
T1879,naam,O
T1879,Ramesh,O
T1879,hai,O
T1879,main,O
T1879,Madhya,B-STATE
T1879,Pradesh,I-STATE
T1879,ka,O
T1879,rehne,O
T1879,wala,O
T1879,hu,O
T1879,Main,O
T1879,ST,B-CASTE_CATEGORY
T1879,category,O
T1879,se,O
T1879,ek,O
T1879,mahila,B-GENDER
T1879,hu,O
T1879,aur,O
T1879,unemployed,B-OCCUPATION
T1879,hu,O
T1879,Aamdani,O
T1879,120000,B-ANNUAL_INCOME
T1879,per,O
T1879,year,O
T1879,hai,O
T1880,I,O
T1880,am,O
T1880,a,O
T1880,41,B-AGE
T1880,year,O
T1880,old,O
T1880,male,B-GENDER
T1880,daily,B-OCCUPATION
T1880,wage,I-OCCUPATION
T1880,worker,I-OCCUPATION
T1880,living,O
T1880,in,O
T1880,Karnataka,B-STATE
T1880,My,O
T1880,annual,O
T1880,household,O
T1880,income,O
T1880,is,O
T1880,80000,B-ANNUAL_INCOME
T1880,rupees,O
T1881,Hi,O
T1881,I,O
T1881,am,O
T1881,21,B-AGE
T1881,years,O
T1881,old,O
T1881,student,O
T1881,from,O
T1881,Maharashtra,B-STATE
T1881,My,O
T1881,family,O
T1881,income,O
T1881,is,O
T1881,350000,B-ANNUAL_INCOME
T1881,and,O
T1881,I,O
T1881,am,O
T1881,differently,B-DISABILITY
T1881,abled,I-DISABILITY
T1882,I,O
T1882,am,O
T1882,a,O
T1882,58,B-AGE
T1882,year,O
T1882,old,O
T1882,male,B-GENDER
T1882,bunkar,B-OCCUPATION
T1882,living,O
T1882,in,O
T1882,West,B-STATE
T1882,Bengal,I-STATE
T1882,My,O
T1882,annual,O
T1882,household,O
T1882,income,O
T1882,is,O
T1882,45000,B-ANNUAL_INCOME
T1882,rupees,O
T1883,Main,O
T1883,Uttar,B-STATE
T1883,Pradesh,I-STATE
T1883,se,O
T1883,ek,O
T1883,unemployed,B-OCCUPATION
T1883,hu,O
T1883,meri,O
T1883,umar,O
T1883,33,B-AGE
T1883,saal,O
T1883,hai,O
T1883,aur,O
T1883,saalana,O
T1883,kamai,O
T1883,120000,B-ANNUAL_INCOME
T1883,rupe,O
T1883,hai,O
T1884,Main,O
T1884,Uttar,B-STATE
T1884,Pradesh,I-STATE
T1884,se,O
T1884,ek,O
T1884,labour,B-OCCUPATION
T1884,hu,O
T1884,meri,O
T1884,umar,O
T1884,22,B-AGE
T1884,saal,O
T1884,hai,O
T1884,aur,O
T1884,saalana,O
T1884,kamai,O
T1884,45000,B-ANNUAL_INCOME
T1884,rupe,O
T1884,hai,O
T1885,I,O
T1885,am,O
T1885,a,O
T1885,21,B-AGE
T1885,year,O
T1885,old,O
T1885,female,B-GENDER
T1885,mazdoor,B-OCCUPATION
T1885,living,O
T1885,in,O
T1885,Rajasthan,B-STATE
T1885,My,O
T1885,annual,O
T1885,household,O
T1885,income,O
T1885,is,O
T1885,0,B-ANNUAL_INCOME
T1885,rupees,O
T1886,Hi,O
T1886,I,O
T1886,am,O
T1886,41,B-AGE
T1886,years,O
T1886,old,O
T1886,student,O
T1886,from,O
T1886,Maharashtra,B-STATE
T1886,My,O
T1886,family,O
T1886,income,O
T1886,is,O
T1886,600000,B-ANNUAL_INCOME
T1886,and,O
T1886,I,O
T1886,am,O
T1886,differently,B-DISABILITY
T1886,abled,I-DISABILITY
T1887,Namaste,O
T1887,main,O
T1887,65,B-AGE
T1887,varsh,O
T1887,ka,O
T1887,weaver,B-OCCUPATION
T1887,hu,O
T1887,Tamil,B-STATE
T1887,Nadu,I-STATE
T1887,se,O
T1887,Meri,O
T1887,income,O
T1887,0,B-ANNUAL_INCOME
T1887,rupaye,O
T1887,hai,O
T1887,aur,O
T1887,main,O
T1887,ST,B-CASTE_CATEGORY
T1887,varg,O
T1887,se,O
T1887,hoon,O
T1887,Main,O
T1887,divyang,B-DISABILITY
T1887,hu,O
T1888,I,O
T1888,belong,O
T1888,to,O
T1888,SC,B-CASTE_CATEGORY
T1888,category,O
T1888,from,O
T1888,Uttar,B-STATE
T1888,Pradesh,I-STATE
T1888,Age,O
T1888,is,O
T1888,39,B-AGE
T1888,profession,O
T1888,is,O
T1888,berojgar,B-OCCUPATION
T1888,income,O
T1888,around,O
T1888,45000,B-ANNUAL_INCOME
T1889,I,O
T1889,belong,O
T1889,to,O
T1889,ST,B-CASTE_CATEGORY
T1889,category,O
T1889,from,O
T1889,Madhya,B-STATE
T1889,Pradesh,I-STATE
T1889,Age,O
T1889,is,O
T1889,28,B-AGE
T1889,profession,O
T1889,is,O
T1889,kisan,B-OCCUPATION
T1889,income,O
T1889,around,O
T1889,200000,B-ANNUAL_INCOME
T1890,Hi,O
T1890,I,O
T1890,am,O
T1890,26,B-AGE
T1890,years,O
T1890,old,O
T1890,student,O
T1890,from,O
T1890,Maharashtra,B-STATE
T1890,My,O
T1890,family,O
T1890,income,O
T1890,is,O
T1890,350000,B-ANNUAL_INCOME
T1890,and,O
T1890,I,O
T1890,am,O
T1890,differently,B-DISABILITY
T1890,abled,I-DISABILITY
T1891,Mera,O
T1891,naam,O
T1891,Ramesh,O
T1891,hai,O
T1891,main,O
T1891,Karnataka,B-STATE
T1891,ka,O
T1891,rehne,O
T1891,wala,O
T1891,hu,O
T1891,Main,O
T1891,ST,B-CASTE_CATEGORY
T1891,category,O
T1891,se,O
T1891,ek,O
T1891,purush,B-GENDER
T1891,hu,O
T1891,aur,O
T1891,daily,B-OCCUPATION
T1891,wage,I-OCCUPATION
T1891,worker,I-OCCUPATION
T1891,hu,O
T1891,Aamdani,O
T1891,45000,B-ANNUAL_INCOME
T1891,per,O
T1891,year,O
T1891,hai,O
T1892,I,O
T1892,belong,O
T1892,to,O
T1892,ST,B-CASTE_CATEGORY
T1892,category,O
T1892,from,O
T1892,Karnataka,B-STATE
T1892,Age,O
T1892,is,O
T1892,26,B-AGE
T1892,profession,O
T1892,is,O
T1892,unemployed,B-OCCUPATION
T1892,income,O
T1892,around,O
T1892,80000,B-ANNUAL_INCOME
T1893,Mera,O
T1893,naam,O
T1893,Ramesh,O
T1893,hai,O
T1893,main,O
T1893,Maharashtra,B-STATE
T1893,ka,O
T1893,rehne,O
T1893,wala,O
T1893,hu,O
T1893,Main,O
T1893,ST,B-CASTE_CATEGORY
T1893,category,O
T1893,se,O
T1893,ek,O
T1893,mahila,B-GENDER
T1893,hu,O
T1893,aur,O
T1893,weaver,B-OCCUPATION
T1893,hu,O
T1893,Aamdani,O
T1893,600000,B-ANNUAL_INCOME
T1893,per,O
T1893,year,O
T1893,hai,O
T1894,Mera,O
T1894,naam,O
T1894,Ramesh,O
T1894,hai,O
T1894,main,O
T1894,Karnataka,B-STATE
T1894,ka,O
T1894,rehne,O
T1894,wala,O
T1894,hu,O
T1894,Main,O
T1894,OBC,B-CASTE_CATEGORY
T1894,category,O
T1894,se,O
T1894,ek,O
T1894,mahila,B-GENDER
T1894,hu,O
T1894,aur,O
T1894,artisan,B-OCCUPATION
T1894,hu,O
T1894,Aamdani,O
T1894,45000,B-ANNUAL_INCOME
T1894,per,O
T1894,year,O
T1894,hai,O
T1895,I,O
T1895,belong,O
T1895,to,O
T1895,ST,B-CASTE_CATEGORY
T1895,category,O
T1895,from,O
T1895,Tamil,B-STATE
T1895,Nadu,I-STATE
T1895,Age,O
T1895,is,O
T1895,19,B-AGE
T1895,profession,O
T1895,is,O
T1895,berojgar,B-OCCUPATION
T1895,income,O
T1895,around,O
T1895,120000,B-ANNUAL_INCOME
T1896,Main,O
T1896,Maharashtra,B-STATE
T1896,se,O
T1896,ek,O
T1896,bunkar,B-OCCUPATION
T1896,hu,O
T1896,meri,O
T1896,umar,O
T1896,62,B-AGE
T1896,saal,O
T1896,hai,O
T1896,aur,O
T1896,saalana,O
T1896,kamai,O
T1896,120000,B-ANNUAL_INCOME
T1896,rupe,O
T1896,hai,O
T1897,Namaste,O
T1897,main,O
T1897,54,B-AGE
T1897,varsh,O
T1897,ka,O
T1897,street,B-OCCUPATION
T1897,vendor,I-OCCUPATION
T1897,hu,O
T1897,Maharashtra,B-STATE
T1897,se,O
T1897,Meri,O
T1897,income,O
T1897,0,B-ANNUAL_INCOME
T1897,rupaye,O
T1897,hai,O
T1897,aur,O
T1897,main,O
T1897,ST,B-CASTE_CATEGORY
T1897,varg,O
T1897,se,O
T1897,hoon,O
T1897,Main,O
T1897,divyang,B-DISABILITY
T1897,hu,O
T1898,I,O
T1898,am,O
T1898,a,O
T1898,55,B-AGE
T1898,year,O
T1898,old,O
T1898,male,B-GENDER
T1898,rehri,B-OCCUPATION
T1898,wala,I-OCCUPATION
T1898,living,O
T1898,in,O
T1898,Uttar,B-STATE
T1898,Pradesh,I-STATE
T1898,My,O
T1898,annual,O
T1898,household,O
T1898,income,O
T1898,is,O
T1898,80000,B-ANNUAL_INCOME
T1898,rupees,O
T1899,I,O
T1899,am,O
T1899,a,O
T1899,55,B-AGE
T1899,year,O
T1899,old,O
T1899,female,B-GENDER
T1899,bunkar,B-OCCUPATION
T1899,living,O
T1899,in,O
T1899,West,B-STATE
T1899,Bengal,I-STATE
T1899,My,O
T1899,annual,O
T1899,household,O
T1899,income,O
T1899,is,O
T1899,120000,B-ANNUAL_INCOME
T1899,rupees,O
T1900,Main,O
T1900,Karnataka,B-STATE
T1900,se,O
T1900,ek,O
T1900,farmer,B-OCCUPATION
T1900,hu,O
T1900,meri,O
T1900,umar,O
T1900,58,B-AGE
T1900,saal,O
T1900,hai,O
T1900,aur,O
T1900,saalana,O
T1900,kamai,O
T1900,45000,B-ANNUAL_INCOME
T1900,rupe,O
T1900,hai,O
T1901,Mera,O
T1901,naam,O
T1901,Ramesh,O
T1901,hai,O
T1901,main,O
T1901,Bihar,B-STATE
T1901,ka,O
T1901,rehne,O
T1901,wala,O
T1901,hu,O
T1901,Main,O
T1901,OBC,B-CASTE_CATEGORY
T1901,category,O
T1901,se,O
T1901,ek,O
T1901,purush,B-GENDER
T1901,hu,O
T1901,aur,O
T1901,street,B-OCCUPATION
T1901,vendor,I-OCCUPATION
T1901,hu,O
T1901,Aamdani,O
T1901,600000,B-ANNUAL_INCOME
T1901,per,O
T1901,year,O
T1901,hai,O
T1902,Mera,O
T1902,naam,O
T1902,Ramesh,O
T1902,hai,O
T1902,main,O
T1902,West,B-STATE
T1902,Bengal,I-STATE
T1902,ka,O
T1902,rehne,O
T1902,wala,O
T1902,hu,O
T1902,Main,O
T1902,ST,B-CASTE_CATEGORY
T1902,category,O
T1902,se,O
T1902,ek,O
T1902,mahila,B-GENDER
T1902,hu,O
T1902,aur,O
T1902,berojgar,B-OCCUPATION
T1902,hu,O
T1902,Aamdani,O
T1902,600000,B-ANNUAL_INCOME
T1902,per,O
T1902,year,O
T1902,hai,O
T1903,I,O
T1903,am,O
T1903,a,O
T1903,24,B-AGE
T1903,year,O
T1903,old,O
T1903,female,B-GENDER
T1903,unemployed,B-OCCUPATION
T1903,living,O
T1903,in,O
T1903,Karnataka,B-STATE
T1903,My,O
T1903,annual,O
T1903,household,O
T1903,income,O
T1903,is,O
T1903,350000,B-ANNUAL_INCOME
T1903,rupees,O
T1904,I,O
T1904,belong,O
T1904,to,O
T1904,ST,B-CASTE_CATEGORY
T1904,category,O
T1904,from,O
T1904,Karnataka,B-STATE
T1904,Age,O
T1904,is,O
T1904,59,B-AGE
T1904,profession,O
T1904,is,O
T1904,unemployed,B-OCCUPATION
T1904,income,O
T1904,around,O
T1904,200000,B-ANNUAL_INCOME
T1905,Namaste,O
T1905,main,O
T1905,55,B-AGE
T1905,varsh,O
T1905,ka,O
T1905,daily,B-OCCUPATION
T1905,wage,I-OCCUPATION
T1905,worker,I-OCCUPATION
T1905,hu,O
T1905,Bihar,B-STATE
T1905,se,O
T1905,Meri,O
T1905,income,O
T1905,0,B-ANNUAL_INCOME
T1905,rupaye,O
T1905,hai,O
T1905,aur,O
T1905,main,O
T1905,OBC,B-CASTE_CATEGORY
T1905,varg,O
T1905,se,O
T1905,hoon,O
T1905,Main,O
T1905,divyang,B-DISABILITY
T1905,hu,O
T1906,Namaste,O
T1906,main,O
T1906,34,B-AGE
T1906,varsh,O
T1906,ka,O
T1906,bunkar,B-OCCUPATION
T1906,hu,O
T1906,West,B-STATE
T1906,Bengal,I-STATE
T1906,se,O
T1906,Meri,O
T1906,income,O
T1906,120000,B-ANNUAL_INCOME
T1906,rupaye,O
T1906,hai,O
T1906,aur,O
T1906,main,O
T1906,OBC,B-CASTE_CATEGORY
T1906,varg,O
T1906,se,O
T1906,hoon,O
T1906,Main,O
T1906,divyang,B-DISABILITY
T1906,hu,O
T1907,I,O
T1907,belong,O
T1907,to,O
T1907,General,B-CASTE_CATEGORY
T1907,category,O
T1907,from,O
T1907,Tamil,B-STATE
T1907,Nadu,I-STATE
T1907,Age,O
T1907,is,O
T1907,58,B-AGE
T1907,profession,O
T1907,is,O
T1907,daily,B-OCCUPATION
T1907,wage,I-OCCUPATION
T1907,worker,I-OCCUPATION
T1907,income,O
T1907,around,O
T1907,600000,B-ANNUAL_INCOME
T1908,Namaste,O
T1908,main,O
T1908,42,B-AGE
T1908,varsh,O
T1908,ka,O
T1908,daily,B-OCCUPATION
T1908,wage,I-OCCUPATION
T1908,worker,I-OCCUPATION
T1908,hu,O
T1908,Uttar,B-STATE
T1908,Pradesh,I-STATE
T1908,se,O
T1908,Meri,O
T1908,income,O
T1908,200000,B-ANNUAL_INCOME
T1908,rupaye,O
T1908,hai,O
T1908,aur,O
T1908,main,O
T1908,ST,B-CASTE_CATEGORY
T1908,varg,O
T1908,se,O
T1908,hoon,O
T1908,Main,O
T1908,divyang,B-DISABILITY
T1908,hu,O
T1909,I,O
T1909,am,O
T1909,a,O
T1909,32,B-AGE
T1909,year,O
T1909,old,O
T1909,male,B-GENDER
T1909,mazdoor,B-OCCUPATION
T1909,living,O
T1909,in,O
T1909,Uttar,B-STATE
T1909,Pradesh,I-STATE
T1909,My,O
T1909,annual,O
T1909,household,O
T1909,income,O
T1909,is,O
T1909,350000,B-ANNUAL_INCOME
T1909,rupees,O
T1910,Main,O
T1910,Maharashtra,B-STATE
T1910,se,O
T1910,ek,O
T1910,rehri,B-OCCUPATION
T1910,wala,I-OCCUPATION
T1910,hu,O
T1910,meri,O
T1910,umar,O
T1910,40,B-AGE
T1910,saal,O
T1910,hai,O
T1910,aur,O
T1910,saalana,O
T1910,kamai,O
T1910,120000,B-ANNUAL_INCOME
T1910,rupe,O
T1910,hai,O
T1911,Main,O
T1911,Bihar,B-STATE
T1911,se,O
T1911,ek,O
T1911,street,B-OCCUPATION
T1911,vendor,I-OCCUPATION
T1911,hu,O
T1911,meri,O
T1911,umar,O
T1911,63,B-AGE
T1911,saal,O
T1911,hai,O
T1911,aur,O
T1911,saalana,O
T1911,kamai,O
T1911,0,B-ANNUAL_INCOME
T1911,rupe,O
T1911,hai,O
T1912,Main,O
T1912,Madhya,B-STATE
T1912,Pradesh,I-STATE
T1912,se,O
T1912,ek,O
T1912,chhatra,B-OCCUPATION
T1912,hu,O
T1912,meri,O
T1912,umar,O
T1912,56,B-AGE
T1912,saal,O
T1912,hai,O
T1912,aur,O
T1912,saalana,O
T1912,kamai,O
T1912,120000,B-ANNUAL_INCOME
T1912,rupe,O
T1912,hai,O
T1913,I,O
T1913,belong,O
T1913,to,O
T1913,SC,B-CASTE_CATEGORY
T1913,category,O
T1913,from,O
T1913,Bihar,B-STATE
T1913,Age,O
T1913,is,O
T1913,45,B-AGE
T1913,profession,O
T1913,is,O
T1913,bunkar,B-OCCUPATION
T1913,income,O
T1913,around,O
T1913,45000,B-ANNUAL_INCOME
T1914,Main,O
T1914,West,B-STATE
T1914,Bengal,I-STATE
T1914,se,O
T1914,ek,O
T1914,street,B-OCCUPATION
T1914,vendor,I-OCCUPATION
T1914,hu,O
T1914,meri,O
T1914,umar,O
T1914,39,B-AGE
T1914,saal,O
T1914,hai,O
T1914,aur,O
T1914,saalana,O
T1914,kamai,O
T1914,80000,B-ANNUAL_INCOME
T1914,rupe,O
T1914,hai,O
T1915,I,O
T1915,am,O
T1915,a,O
T1915,36,B-AGE
T1915,year,O
T1915,old,O
T1915,male,B-GENDER
T1915,unemployed,B-OCCUPATION
T1915,living,O
T1915,in,O
T1915,Tamil,B-STATE
T1915,Nadu,I-STATE
T1915,My,O
T1915,annual,O
T1915,household,O
T1915,income,O
T1915,is,O
T1915,120000,B-ANNUAL_INCOME
T1915,rupees,O
T1916,I,O
T1916,belong,O
T1916,to,O
T1916,General,B-CASTE_CATEGORY
T1916,category,O
T1916,from,O
T1916,Madhya,B-STATE
T1916,Pradesh,I-STATE
T1916,Age,O
T1916,is,O
T1916,44,B-AGE
T1916,profession,O
T1916,is,O
T1916,street,B-OCCUPATION
T1916,vendor,I-OCCUPATION
T1916,income,O
T1916,around,O
T1916,0,B-ANNUAL_INCOME
T1917,Main,O
T1917,Madhya,B-STATE
T1917,Pradesh,I-STATE
T1917,se,O
T1917,ek,O
T1917,daily,B-OCCUPATION
T1917,wage,I-OCCUPATION
T1917,worker,I-OCCUPATION
T1917,hu,O
T1917,meri,O
T1917,umar,O
T1917,60,B-AGE
T1917,saal,O
T1917,hai,O
T1917,aur,O
T1917,saalana,O
T1917,kamai,O
T1917,200000,B-ANNUAL_INCOME
T1917,rupe,O
T1917,hai,O
T1918,I,O
T1918,belong,O
T1918,to,O
T1918,ST,B-CASTE_CATEGORY
T1918,category,O
T1918,from,O
T1918,Rajasthan,B-STATE
T1918,Age,O
T1918,is,O
T1918,59,B-AGE
T1918,profession,O
T1918,is,O
T1918,mazdoor,B-OCCUPATION
T1918,income,O
T1918,around,O
T1918,350000,B-ANNUAL_INCOME
T1919,Mera,O
T1919,naam,O
T1919,Ramesh,O
T1919,hai,O
T1919,main,O
T1919,Karnataka,B-STATE
T1919,ka,O
T1919,rehne,O
T1919,wala,O
T1919,hu,O
T1919,Main,O
T1919,General,B-CASTE_CATEGORY
T1919,category,O
T1919,se,O
T1919,ek,O
T1919,mahila,B-GENDER
T1919,hu,O
T1919,aur,O
T1919,artisan,B-OCCUPATION
T1919,hu,O
T1919,Aamdani,O
T1919,200000,B-ANNUAL_INCOME
T1919,per,O
T1919,year,O
T1919,hai,O
T1920,Namaste,O
T1920,main,O
T1920,49,B-AGE
T1920,varsh,O
T1920,ka,O
T1920,bunkar,B-OCCUPATION
T1920,hu,O
T1920,Rajasthan,B-STATE
T1920,se,O
T1920,Meri,O
T1920,income,O
T1920,120000,B-ANNUAL_INCOME
T1920,rupaye,O
T1920,hai,O
T1920,aur,O
T1920,main,O
T1920,OBC,B-CASTE_CATEGORY
T1920,varg,O
T1920,se,O
T1920,hoon,O
T1920,Main,O
T1920,divyang,B-DISABILITY
T1920,hu,O
T1921,Namaste,O
T1921,main,O
T1921,56,B-AGE
T1921,varsh,O
T1921,ka,O
T1921,weaver,B-OCCUPATION
T1921,hu,O
T1921,West,B-STATE
T1921,Bengal,I-STATE
T1921,se,O
T1921,Meri,O
T1921,income,O
T1921,80000,B-ANNUAL_INCOME
T1921,rupaye,O
T1921,hai,O
T1921,aur,O
T1921,main,O
T1921,ST,B-CASTE_CATEGORY
T1921,varg,O
T1921,se,O
T1921,hoon,O
T1921,Main,O
T1921,divyang,B-DISABILITY
T1921,hu,O
T1922,I,O
T1922,am,O
T1922,a,O
T1922,46,B-AGE
T1922,year,O
T1922,old,O
T1922,male,B-GENDER
T1922,bunkar,B-OCCUPATION
T1922,living,O
T1922,in,O
T1922,West,B-STATE
T1922,Bengal,I-STATE
T1922,My,O
T1922,annual,O
T1922,household,O
T1922,income,O
T1922,is,O
T1922,80000,B-ANNUAL_INCOME
T1922,rupees,O
T1923,Mera,O
T1923,naam,O
T1923,Ramesh,O
T1923,hai,O
T1923,main,O
T1923,Madhya,B-STATE
T1923,Pradesh,I-STATE
T1923,ka,O
T1923,rehne,O
T1923,wala,O
T1923,hu,O
T1923,Main,O
T1923,OBC,B-CASTE_CATEGORY
T1923,category,O
T1923,se,O
T1923,ek,O
T1923,purush,B-GENDER
T1923,hu,O
T1923,aur,O
T1923,unemployed,B-OCCUPATION
T1923,hu,O
T1923,Aamdani,O
T1923,80000,B-ANNUAL_INCOME
T1923,per,O
T1923,year,O
T1923,hai,O
T1924,I,O
T1924,belong,O
T1924,to,O
T1924,SC,B-CASTE_CATEGORY
T1924,category,O
T1924,from,O
T1924,Madhya,B-STATE
T1924,Pradesh,I-STATE
T1924,Age,O
T1924,is,O
T1924,22,B-AGE
T1924,profession,O
T1924,is,O
T1924,bunkar,B-OCCUPATION
T1924,income,O
T1924,around,O
T1924,0,B-ANNUAL_INCOME
T1925,I,O
T1925,belong,O
T1925,to,O
T1925,SC,B-CASTE_CATEGORY
T1925,category,O
T1925,from,O
T1925,Karnataka,B-STATE
T1925,Age,O
T1925,is,O
T1925,21,B-AGE
T1925,profession,O
T1925,is,O
T1925,mazdoor,B-OCCUPATION
T1925,income,O
T1925,around,O
T1925,200000,B-ANNUAL_INCOME
T1926,I,O
T1926,am,O
T1926,a,O
T1926,41,B-AGE
T1926,year,O
T1926,old,O
T1926,female,B-GENDER
T1926,unemployed,B-OCCUPATION
T1926,living,O
T1926,in,O
T1926,West,B-STATE
T1926,Bengal,I-STATE
T1926,My,O
T1926,annual,O
T1926,household,O
T1926,income,O
T1926,is,O
T1926,45000,B-ANNUAL_INCOME
T1926,rupees,O
T1927,I,O
T1927,am,O
T1927,a,O
T1927,64,B-AGE
T1927,year,O
T1927,old,O
T1927,female,B-GENDER
T1927,daily,B-OCCUPATION
T1927,wage,I-OCCUPATION
T1927,worker,I-OCCUPATION
T1927,living,O
T1927,in,O
T1927,Madhya,B-STATE
T1927,Pradesh,I-STATE
T1927,My,O
T1927,annual,O
T1927,household,O
T1927,income,O
T1927,is,O
T1927,600000,B-ANNUAL_INCOME
T1927,rupees,O
T1928,Namaste,O
T1928,main,O
T1928,33,B-AGE
T1928,varsh,O
T1928,ka,O
T1928,kisan,B-OCCUPATION
T1928,hu,O
T1928,West,B-STATE
T1928,Bengal,I-STATE
T1928,se,O
T1928,Meri,O
T1928,income,O
T1928,80000,B-ANNUAL_INCOME
T1928,rupaye,O
T1928,hai,O
T1928,aur,O
T1928,main,O
T1928,SC,B-CASTE_CATEGORY
T1928,varg,O
T1928,se,O
T1928,hoon,O
T1928,Main,O
T1928,divyang,B-DISABILITY
T1928,hu,O
T1929,Main,O
T1929,Bihar,B-STATE
T1929,se,O
T1929,ek,O
T1929,unemployed,B-OCCUPATION
T1929,hu,O
T1929,meri,O
T1929,umar,O
T1929,34,B-AGE
T1929,saal,O
T1929,hai,O
T1929,aur,O
T1929,saalana,O
T1929,kamai,O
T1929,80000,B-ANNUAL_INCOME
T1929,rupe,O
T1929,hai,O
T1930,I,O
T1930,am,O
T1930,a,O
T1930,19,B-AGE
T1930,year,O
T1930,old,O
T1930,male,B-GENDER
T1930,mazdoor,B-OCCUPATION
T1930,living,O
T1930,in,O
T1930,West,B-STATE
T1930,Bengal,I-STATE
T1930,My,O
T1930,annual,O
T1930,household,O
T1930,income,O
T1930,is,O
T1930,600000,B-ANNUAL_INCOME
T1930,rupees,O
T1931,I,O
T1931,belong,O
T1931,to,O
T1931,SC,B-CASTE_CATEGORY
T1931,category,O
T1931,from,O
T1931,Karnataka,B-STATE
T1931,Age,O
T1931,is,O
T1931,57,B-AGE
T1931,profession,O
T1931,is,O
T1931,daily,B-OCCUPATION
T1931,wage,I-OCCUPATION
T1931,worker,I-OCCUPATION
T1931,income,O
T1931,around,O
T1931,120000,B-ANNUAL_INCOME
T1932,Mera,O
T1932,naam,O
T1932,Ramesh,O
T1932,hai,O
T1932,main,O
T1932,West,B-STATE
T1932,Bengal,I-STATE
T1932,ka,O
T1932,rehne,O
T1932,wala,O
T1932,hu,O
T1932,Main,O
T1932,ST,B-CASTE_CATEGORY
T1932,category,O
T1932,se,O
T1932,ek,O
T1932,purush,B-GENDER
T1932,hu,O
T1932,aur,O
T1932,rehri,B-OCCUPATION
T1932,wala,I-OCCUPATION
T1932,hu,O
T1932,Aamdani,O
T1932,600000,B-ANNUAL_INCOME
T1932,per,O
T1932,year,O
T1932,hai,O
T1933,I,O
T1933,am,O
T1933,a,O
T1933,18,B-AGE
T1933,year,O
T1933,old,O
T1933,male,B-GENDER
T1933,daily,B-OCCUPATION
T1933,wage,I-OCCUPATION
T1933,worker,I-OCCUPATION
T1933,living,O
T1933,in,O
T1933,Rajasthan,B-STATE
T1933,My,O
T1933,annual,O
T1933,household,O
T1933,income,O
T1933,is,O
T1933,45000,B-ANNUAL_INCOME
T1933,rupees,O
T1934,Namaste,O
T1934,main,O
T1934,43,B-AGE
T1934,varsh,O
T1934,ka,O
T1934,bunkar,B-OCCUPATION
T1934,hu,O
T1934,Uttar,B-STATE
T1934,Pradesh,I-STATE
T1934,se,O
T1934,Meri,O
T1934,income,O
T1934,600000,B-ANNUAL_INCOME
T1934,rupaye,O
T1934,hai,O
T1934,aur,O
T1934,main,O
T1934,ST,B-CASTE_CATEGORY
T1934,varg,O
T1934,se,O
T1934,hoon,O
T1934,Main,O
T1934,divyang,B-DISABILITY
T1934,hu,O
T1935,Main,O
T1935,Rajasthan,B-STATE
T1935,se,O
T1935,ek,O
T1935,weaver,B-OCCUPATION
T1935,hu,O
T1935,meri,O
T1935,umar,O
T1935,33,B-AGE
T1935,saal,O
T1935,hai,O
T1935,aur,O
T1935,saalana,O
T1935,kamai,O
T1935,600000,B-ANNUAL_INCOME
T1935,rupe,O
T1935,hai,O
T1936,Hi,O
T1936,I,O
T1936,am,O
T1936,39,B-AGE
T1936,years,O
T1936,old,O
T1936,student,O
T1936,from,O
T1936,Madhya,B-STATE
T1936,Pradesh,I-STATE
T1936,My,O
T1936,family,O
T1936,income,O
T1936,is,O
T1936,120000,B-ANNUAL_INCOME
T1936,and,O
T1936,I,O
T1936,am,O
T1936,differently,B-DISABILITY
T1936,abled,I-DISABILITY
T1937,Namaste,O
T1937,main,O
T1937,26,B-AGE
T1937,varsh,O
T1937,ka,O
T1937,rehri,B-OCCUPATION
T1937,wala,I-OCCUPATION
T1937,hu,O
T1937,Uttar,B-STATE
T1937,Pradesh,I-STATE
T1937,se,O
T1937,Meri,O
T1937,income,O
T1937,80000,B-ANNUAL_INCOME
T1937,rupaye,O
T1937,hai,O
T1937,aur,O
T1937,main,O
T1937,ST,B-CASTE_CATEGORY
T1937,varg,O
T1937,se,O
T1937,hoon,O
T1937,Main,O
T1937,divyang,B-DISABILITY
T1937,hu,O
T1938,Main,O
T1938,Madhya,B-STATE
T1938,Pradesh,I-STATE
T1938,se,O
T1938,ek,O
T1938,mazdoor,B-OCCUPATION
T1938,hu,O
T1938,meri,O
T1938,umar,O
T1938,18,B-AGE
T1938,saal,O
T1938,hai,O
T1938,aur,O
T1938,saalana,O
T1938,kamai,O
T1938,120000,B-ANNUAL_INCOME
T1938,rupe,O
T1938,hai,O
T1939,I,O
T1939,am,O
T1939,a,O
T1939,64,B-AGE
T1939,year,O
T1939,old,O
T1939,male,B-GENDER
T1939,chhatra,B-OCCUPATION
T1939,living,O
T1939,in,O
T1939,Bihar,B-STATE
T1939,My,O
T1939,annual,O
T1939,household,O
T1939,income,O
T1939,is,O
T1939,120000,B-ANNUAL_INCOME
T1939,rupees,O
T1940,I,O
T1940,am,O
T1940,a,O
T1940,20,B-AGE
T1940,year,O
T1940,old,O
T1940,female,B-GENDER
T1940,rehri,B-OCCUPATION
T1940,wala,I-OCCUPATION
T1940,living,O
T1940,in,O
T1940,Bihar,B-STATE
T1940,My,O
T1940,annual,O
T1940,household,O
T1940,income,O
T1940,is,O
T1940,350000,B-ANNUAL_INCOME
T1940,rupees,O
T1941,Main,O
T1941,Madhya,B-STATE
T1941,Pradesh,I-STATE
T1941,se,O
T1941,ek,O
T1941,farmer,B-OCCUPATION
T1941,hu,O
T1941,meri,O
T1941,umar,O
T1941,53,B-AGE
T1941,saal,O
T1941,hai,O
T1941,aur,O
T1941,saalana,O
T1941,kamai,O
T1941,200000,B-ANNUAL_INCOME
T1941,rupe,O
T1941,hai,O
T1942,Namaste,O
T1942,main,O
T1942,22,B-AGE
T1942,varsh,O
T1942,ka,O
T1942,student,B-OCCUPATION
T1942,hu,O
T1942,West,B-STATE
T1942,Bengal,I-STATE
T1942,se,O
T1942,Meri,O
T1942,income,O
T1942,45000,B-ANNUAL_INCOME
T1942,rupaye,O
T1942,hai,O
T1942,aur,O
T1942,main,O
T1942,ST,B-CASTE_CATEGORY
T1942,varg,O
T1942,se,O
T1942,hoon,O
T1942,Main,O
T1942,divyang,B-DISABILITY
T1942,hu,O
T1943,Namaste,O
T1943,main,O
T1943,32,B-AGE
T1943,varsh,O
T1943,ka,O
T1943,student,B-OCCUPATION
T1943,hu,O
T1943,Maharashtra,B-STATE
T1943,se,O
T1943,Meri,O
T1943,income,O
T1943,120000,B-ANNUAL_INCOME
T1943,rupaye,O
T1943,hai,O
T1943,aur,O
T1943,main,O
T1943,General,B-CASTE_CATEGORY
T1943,varg,O
T1943,se,O
T1943,hoon,O
T1943,Main,O
T1943,divyang,B-DISABILITY
T1943,hu,O
T1944,I,O
T1944,belong,O
T1944,to,O
T1944,SC,B-CASTE_CATEGORY
T1944,category,O
T1944,from,O
T1944,Uttar,B-STATE
T1944,Pradesh,I-STATE
T1944,Age,O
T1944,is,O
T1944,59,B-AGE
T1944,profession,O
T1944,is,O
T1944,chhatra,B-OCCUPATION
T1944,income,O
T1944,around,O
T1944,45000,B-ANNUAL_INCOME
T1945,Namaste,O
T1945,main,O
T1945,40,B-AGE
T1945,varsh,O
T1945,ka,O
T1945,bunkar,B-OCCUPATION
T1945,hu,O
T1945,Madhya,B-STATE
T1945,Pradesh,I-STATE
T1945,se,O
T1945,Meri,O
T1945,income,O
T1945,350000,B-ANNUAL_INCOME
T1945,rupaye,O
T1945,hai,O
T1945,aur,O
T1945,main,O
T1945,OBC,B-CASTE_CATEGORY
T1945,varg,O
T1945,se,O
T1945,hoon,O
T1945,Main,O
T1945,divyang,B-DISABILITY
T1945,hu,O
T1946,Main,O
T1946,Uttar,B-STATE
T1946,Pradesh,I-STATE
T1946,se,O
T1946,ek,O
T1946,student,B-OCCUPATION
T1946,hu,O
T1946,meri,O
T1946,umar,O
T1946,26,B-AGE
T1946,saal,O
T1946,hai,O
T1946,aur,O
T1946,saalana,O
T1946,kamai,O
T1946,350000,B-ANNUAL_INCOME
T1946,rupe,O
T1946,hai,O
T1947,Mera,O
T1947,naam,O
T1947,Ramesh,O
T1947,hai,O
T1947,main,O
T1947,Uttar,B-STATE
T1947,Pradesh,I-STATE
T1947,ka,O
T1947,rehne,O
T1947,wala,O
T1947,hu,O
T1947,Main,O
T1947,General,B-CASTE_CATEGORY
T1947,category,O
T1947,se,O
T1947,ek,O
T1947,purush,B-GENDER
T1947,hu,O
T1947,aur,O
T1947,farmer,B-OCCUPATION
T1947,hu,O
T1947,Aamdani,O
T1947,600000,B-ANNUAL_INCOME
T1947,per,O
T1947,year,O
T1947,hai,O
T1948,Main,O
T1948,Uttar,B-STATE
T1948,Pradesh,I-STATE
T1948,se,O
T1948,ek,O
T1948,bunkar,B-OCCUPATION
T1948,hu,O
T1948,meri,O
T1948,umar,O
T1948,51,B-AGE
T1948,saal,O
T1948,hai,O
T1948,aur,O
T1948,saalana,O
T1948,kamai,O
T1948,0,B-ANNUAL_INCOME
T1948,rupe,O
T1948,hai,O
T1949,Namaste,O
T1949,main,O
T1949,39,B-AGE
T1949,varsh,O
T1949,ka,O
T1949,street,B-OCCUPATION
T1949,vendor,I-OCCUPATION
T1949,hu,O
T1949,Karnataka,B-STATE
T1949,se,O
T1949,Meri,O
T1949,income,O
T1949,45000,B-ANNUAL_INCOME
T1949,rupaye,O
T1949,hai,O
T1949,aur,O
T1949,main,O
T1949,OBC,B-CASTE_CATEGORY
T1949,varg,O
T1949,se,O
T1949,hoon,O
T1949,Main,O
T1949,divyang,B-DISABILITY
T1949,hu,O
T1950,I,O
T1950,belong,O
T1950,to,O
T1950,ST,B-CASTE_CATEGORY
T1950,category,O
T1950,from,O
T1950,Rajasthan,B-STATE
T1950,Age,O
T1950,is,O
T1950,25,B-AGE
T1950,profession,O
T1950,is,O
T1950,artisan,B-OCCUPATION
T1950,income,O
T1950,around,O
T1950,0,B-ANNUAL_INCOME
T1951,Hi,O
T1951,I,O
T1951,am,O
T1951,64,B-AGE
T1951,years,O
T1951,old,O
T1951,student,B-OCCUPATION
T1951,from,O
T1951,Rajasthan,B-STATE
T1951,My,O
T1951,family,O
T1951,income,O
T1951,is,O
T1951,45000,B-ANNUAL_INCOME
T1951,and,O
T1951,I,O
T1951,am,O
T1951,differently,B-DISABILITY
T1951,abled,I-DISABILITY
T1952,Mera,O
T1952,naam,O
T1952,Ramesh,O
T1952,hai,O
T1952,main,O
T1952,Tamil,B-STATE
T1952,Nadu,I-STATE
T1952,ka,O
T1952,rehne,O
T1952,wala,O
T1952,hu,O
T1952,Main,O
T1952,General,B-CASTE_CATEGORY
T1952,category,O
T1952,se,O
T1952,ek,O
T1952,purush,B-GENDER
T1952,hu,O
T1952,aur,O
T1952,street,B-OCCUPATION
T1952,vendor,I-OCCUPATION
T1952,hu,O
T1952,Aamdani,O
T1952,0,B-ANNUAL_INCOME
T1952,per,O
T1952,year,O
T1952,hai,O
T1953,Main,O
T1953,Uttar,B-STATE
T1953,Pradesh,I-STATE
T1953,se,O
T1953,ek,O
T1953,farmer,B-OCCUPATION
T1953,hu,O
T1953,meri,O
T1953,umar,O
T1953,20,B-AGE
T1953,saal,O
T1953,hai,O
T1953,aur,O
T1953,saalana,O
T1953,kamai,O
T1953,80000,B-ANNUAL_INCOME
T1953,rupe,O
T1953,hai,O
T1954,Namaste,O
T1954,main,O
T1954,63,B-AGE
T1954,varsh,O
T1954,ka,O
T1954,berojgar,B-OCCUPATION
T1954,hu,O
T1954,Maharashtra,B-STATE
T1954,se,O
T1954,Meri,O
T1954,income,O
T1954,80000,B-ANNUAL_INCOME
T1954,rupaye,O
T1954,hai,O
T1954,aur,O
T1954,main,O
T1954,OBC,B-CASTE_CATEGORY
T1954,varg,O
T1954,se,O
T1954,hoon,O
T1954,Main,O
T1954,divyang,B-DISABILITY
T1954,hu,O
T1955,I,O
T1955,belong,O
T1955,to,O
T1955,OBC,B-CASTE_CATEGORY
T1955,category,O
T1955,from,O
T1955,Rajasthan,B-STATE
T1955,Age,O
T1955,is,O
T1955,49,B-AGE
T1955,profession,O
T1955,is,O
T1955,artisan,B-OCCUPATION
T1955,income,O
T1955,around,O
T1955,0,B-ANNUAL_INCOME
T1956,Namaste,O
T1956,main,O
T1956,20,B-AGE
T1956,varsh,O
T1956,ka,O
T1956,labour,B-OCCUPATION
T1956,hu,O
T1956,Tamil,B-STATE
T1956,Nadu,I-STATE
T1956,se,O
T1956,Meri,O
T1956,income,O
T1956,45000,B-ANNUAL_INCOME
T1956,rupaye,O
T1956,hai,O
T1956,aur,O
T1956,main,O
T1956,SC,B-CASTE_CATEGORY
T1956,varg,O
T1956,se,O
T1956,hoon,O
T1956,Main,O
T1956,divyang,B-DISABILITY
T1956,hu,O
T1957,Namaste,O
T1957,main,O
T1957,31,B-AGE
T1957,varsh,O
T1957,ka,O
T1957,kisan,B-OCCUPATION
T1957,hu,O
T1957,Karnataka,B-STATE
T1957,se,O
T1957,Meri,O
T1957,income,O
T1957,120000,B-ANNUAL_INCOME
T1957,rupaye,O
T1957,hai,O
T1957,aur,O
T1957,main,O
T1957,OBC,B-CASTE_CATEGORY
T1957,varg,O
T1957,se,O
T1957,hoon,O
T1957,Main,O
T1957,divyang,B-DISABILITY
T1957,hu,O
T1958,I,O
T1958,am,O
T1958,a,O
T1958,59,B-AGE
T1958,year,O
T1958,old,O
T1958,male,B-GENDER
T1958,berojgar,B-OCCUPATION
T1958,living,O
T1958,in,O
T1958,Karnataka,B-STATE
T1958,My,O
T1958,annual,O
T1958,household,O
T1958,income,O
T1958,is,O
T1958,350000,B-ANNUAL_INCOME
T1958,rupees,O
T1959,Namaste,O
T1959,main,O
T1959,59,B-AGE
T1959,varsh,O
T1959,ka,O
T1959,unemployed,B-OCCUPATION
T1959,hu,O
T1959,Tamil,B-STATE
T1959,Nadu,I-STATE
T1959,se,O
T1959,Meri,O
T1959,income,O
T1959,0,B-ANNUAL_INCOME
T1959,rupaye,O
T1959,hai,O
T1959,aur,O
T1959,main,O
T1959,OBC,B-CASTE_CATEGORY
T1959,varg,O
T1959,se,O
T1959,hoon,O
T1959,Main,O
T1959,divyang,B-DISABILITY
T1959,hu,O
T1960,Main,O
T1960,Karnataka,B-STATE
T1960,se,O
T1960,ek,O
T1960,artisan,B-OCCUPATION
T1960,hu,O
T1960,meri,O
T1960,umar,O
T1960,63,B-AGE
T1960,saal,O
T1960,hai,O
T1960,aur,O
T1960,saalana,O
T1960,kamai,O
T1960,80000,B-ANNUAL_INCOME
T1960,rupe,O
T1960,hai,O
T1961,Namaste,O
T1961,main,O
T1961,25,B-AGE
T1961,varsh,O
T1961,ka,O
T1961,daily,B-OCCUPATION
T1961,wage,I-OCCUPATION
T1961,worker,I-OCCUPATION
T1961,hu,O
T1961,Bihar,B-STATE
T1961,se,O
T1961,Meri,O
T1961,income,O
T1961,45000,B-ANNUAL_INCOME
T1961,rupaye,O
T1961,hai,O
T1961,aur,O
T1961,main,O
T1961,General,B-CASTE_CATEGORY
T1961,varg,O
T1961,se,O
T1961,hoon,O
T1961,Main,O
T1961,divyang,B-DISABILITY
T1961,hu,O
T1962,Main,O
T1962,Tamil,B-STATE
T1962,Nadu,I-STATE
T1962,se,O
T1962,ek,O
T1962,unemployed,B-OCCUPATION
T1962,hu,O
T1962,meri,O
T1962,umar,O
T1962,64,B-AGE
T1962,saal,O
T1962,hai,O
T1962,aur,O
T1962,saalana,O
T1962,kamai,O
T1962,350000,B-ANNUAL_INCOME
T1962,rupe,O
T1962,hai,O
T1963,I,O
T1963,belong,O
T1963,to,O
T1963,ST,B-CASTE_CATEGORY
T1963,category,O
T1963,from,O
T1963,Tamil,B-STATE
T1963,Nadu,I-STATE
T1963,Age,O
T1963,is,O
T1963,58,B-AGE
T1963,profession,O
T1963,is,O
T1963,berojgar,B-OCCUPATION
T1963,income,O
T1963,around,O
T1963,350000,B-ANNUAL_INCOME
T1964,Main,O
T1964,Bihar,B-STATE
T1964,se,O
T1964,ek,O
T1964,labour,B-OCCUPATION
T1964,hu,O
T1964,meri,O
T1964,umar,O
T1964,40,B-AGE
T1964,saal,O
T1964,hai,O
T1964,aur,O
T1964,saalana,O
T1964,kamai,O
T1964,600000,B-ANNUAL_INCOME
T1964,rupe,O
T1964,hai,O
T1965,I,O
T1965,belong,O
T1965,to,O
T1965,General,B-CASTE_CATEGORY
T1965,category,O
T1965,from,O
T1965,Madhya,B-STATE
T1965,Pradesh,I-STATE
T1965,Age,O
T1965,is,O
T1965,29,B-AGE
T1965,profession,O
T1965,is,O
T1965,labour,B-OCCUPATION
T1965,income,O
T1965,around,O
T1965,600000,B-ANNUAL_INCOME
T1966,I,O
T1966,am,O
T1966,a,O
T1966,41,B-AGE
T1966,year,O
T1966,old,O
T1966,female,B-GENDER
T1966,unemployed,B-OCCUPATION
T1966,living,O
T1966,in,O
T1966,Rajasthan,B-STATE
T1966,My,O
T1966,annual,O
T1966,household,O
T1966,income,O
T1966,is,O
T1966,45000,B-ANNUAL_INCOME
T1966,rupees,O
T1967,Namaste,O
T1967,main,O
T1967,61,B-AGE
T1967,varsh,O
T1967,ka,O
T1967,chhatra,B-OCCUPATION
T1967,hu,O
T1967,West,B-STATE
T1967,Bengal,I-STATE
T1967,se,O
T1967,Meri,O
T1967,income,O
T1967,80000,B-ANNUAL_INCOME
T1967,rupaye,O
T1967,hai,O
T1967,aur,O
T1967,main,O
T1967,OBC,B-CASTE_CATEGORY
T1967,varg,O
T1967,se,O
T1967,hoon,O
T1967,Main,O
T1967,divyang,B-DISABILITY
T1967,hu,O
T1968,Namaste,O
T1968,main,O
T1968,62,B-AGE
T1968,varsh,O
T1968,ka,O
T1968,labour,B-OCCUPATION
T1968,hu,O
T1968,Rajasthan,B-STATE
T1968,se,O
T1968,Meri,O
T1968,income,O
T1968,45000,B-ANNUAL_INCOME
T1968,rupaye,O
T1968,hai,O
T1968,aur,O
T1968,main,O
T1968,OBC,B-CASTE_CATEGORY
T1968,varg,O
T1968,se,O
T1968,hoon,O
T1968,Main,O
T1968,divyang,B-DISABILITY
T1968,hu,O
T1969,Hi,O
T1969,I,O
T1969,am,O
T1969,44,B-AGE
T1969,years,O
T1969,old,O
T1969,student,O
T1969,from,O
T1969,Rajasthan,B-STATE
T1969,My,O
T1969,family,O
T1969,income,O
T1969,is,O
T1969,350000,B-ANNUAL_INCOME
T1969,and,O
T1969,I,O
T1969,am,O
T1969,differently,B-DISABILITY
T1969,abled,I-DISABILITY
T1970,Mera,O
T1970,naam,O
T1970,Ramesh,O
T1970,hai,O
T1970,main,O
T1970,Bihar,B-STATE
T1970,ka,O
T1970,rehne,O
T1970,wala,O
T1970,hu,O
T1970,Main,O
T1970,SC,B-CASTE_CATEGORY
T1970,category,O
T1970,se,O
T1970,ek,O
T1970,mahila,B-GENDER
T1970,hu,O
T1970,aur,O
T1970,student,B-OCCUPATION
T1970,hu,O
T1970,Aamdani,O
T1970,0,B-ANNUAL_INCOME
T1970,per,O
T1970,year,O
T1970,hai,O
T1971,Namaste,O
T1971,main,O
T1971,57,B-AGE
T1971,varsh,O
T1971,ka,O
T1971,unemployed,B-OCCUPATION
T1971,hu,O
T1971,Bihar,B-STATE
T1971,se,O
T1971,Meri,O
T1971,income,O
T1971,350000,B-ANNUAL_INCOME
T1971,rupaye,O
T1971,hai,O
T1971,aur,O
T1971,main,O
T1971,ST,B-CASTE_CATEGORY
T1971,varg,O
T1971,se,O
T1971,hoon,O
T1971,Main,O
T1971,divyang,B-DISABILITY
T1971,hu,O
T1972,Namaste,O
T1972,main,O
T1972,48,B-AGE
T1972,varsh,O
T1972,ka,O
T1972,rehri,B-OCCUPATION
T1972,wala,I-OCCUPATION
T1972,hu,O
T1972,Bihar,B-STATE
T1972,se,O
T1972,Meri,O
T1972,income,O
T1972,350000,B-ANNUAL_INCOME
T1972,rupaye,O
T1972,hai,O
T1972,aur,O
T1972,main,O
T1972,General,B-CASTE_CATEGORY
T1972,varg,O
T1972,se,O
T1972,hoon,O
T1972,Main,O
T1972,divyang,B-DISABILITY
T1972,hu,O
T1973,Hi,O
T1973,I,O
T1973,am,O
T1973,38,B-AGE
T1973,years,O
T1973,old,O
T1973,student,O
T1973,from,O
T1973,West,B-STATE
T1973,Bengal,I-STATE
T1973,My,O
T1973,family,O
T1973,income,O
T1973,is,O
T1973,80000,B-ANNUAL_INCOME
T1973,and,O
T1973,I,O
T1973,am,O
T1973,differently,B-DISABILITY
T1973,abled,I-DISABILITY
T1974,Hi,O
T1974,I,O
T1974,am,O
T1974,41,B-AGE
T1974,years,O
T1974,old,O
T1974,student,B-OCCUPATION
T1974,from,O
T1974,Uttar,B-STATE
T1974,Pradesh,I-STATE
T1974,My,O
T1974,family,O
T1974,income,O
T1974,is,O
T1974,0,B-ANNUAL_INCOME
T1974,and,O
T1974,I,O
T1974,am,O
T1974,differently,B-DISABILITY
T1974,abled,I-DISABILITY
T1975,Main,O
T1975,West,B-STATE
T1975,Bengal,I-STATE
T1975,se,O
T1975,ek,O
T1975,farmer,B-OCCUPATION
T1975,hu,O
T1975,meri,O
T1975,umar,O
T1975,24,B-AGE
T1975,saal,O
T1975,hai,O
T1975,aur,O
T1975,saalana,O
T1975,kamai,O
T1975,200000,B-ANNUAL_INCOME
T1975,rupe,O
T1975,hai,O
T1976,Namaste,O
T1976,main,O
T1976,54,B-AGE
T1976,varsh,O
T1976,ka,O
T1976,berojgar,B-OCCUPATION
T1976,hu,O
T1976,Maharashtra,B-STATE
T1976,se,O
T1976,Meri,O
T1976,income,O
T1976,45000,B-ANNUAL_INCOME
T1976,rupaye,O
T1976,hai,O
T1976,aur,O
T1976,main,O
T1976,OBC,B-CASTE_CATEGORY
T1976,varg,O
T1976,se,O
T1976,hoon,O
T1976,Main,O
T1976,divyang,B-DISABILITY
T1976,hu,O
T1977,Hi,O
T1977,I,O
T1977,am,O
T1977,49,B-AGE
T1977,years,O
T1977,old,O
T1977,student,O
T1977,from,O
T1977,West,B-STATE
T1977,Bengal,I-STATE
T1977,My,O
T1977,family,O
T1977,income,O
T1977,is,O
T1977,350000,B-ANNUAL_INCOME
T1977,and,O
T1977,I,O
T1977,am,O
T1977,differently,B-DISABILITY
T1977,abled,I-DISABILITY
T1978,Hi,O
T1978,I,O
T1978,am,O
T1978,44,B-AGE
T1978,years,O
T1978,old,O
T1978,student,O
T1978,from,O
T1978,Tamil,B-STATE
T1978,Nadu,I-STATE
T1978,My,O
T1978,family,O
T1978,income,O
T1978,is,O
T1978,0,B-ANNUAL_INCOME
T1978,and,O
T1978,I,O
T1978,am,O
T1978,differently,B-DISABILITY
T1978,abled,I-DISABILITY
T1979,I,O
T1979,am,O
T1979,a,O
T1979,21,B-AGE
T1979,year,O
T1979,old,O
T1979,female,B-GENDER
T1979,unemployed,B-OCCUPATION
T1979,living,O
T1979,in,O
T1979,Uttar,B-STATE
T1979,Pradesh,I-STATE
T1979,My,O
T1979,annual,O
T1979,household,O
T1979,income,O
T1979,is,O
T1979,200000,B-ANNUAL_INCOME
T1979,rupees,O
T1980,I,O
T1980,belong,O
T1980,to,O
T1980,SC,B-CASTE_CATEGORY
T1980,category,O
T1980,from,O
T1980,Madhya,B-STATE
T1980,Pradesh,I-STATE
T1980,Age,O
T1980,is,O
T1980,48,B-AGE
T1980,profession,O
T1980,is,O
T1980,rehri,B-OCCUPATION
T1980,wala,I-OCCUPATION
T1980,income,O
T1980,around,O
T1980,120000,B-ANNUAL_INCOME
T1981,I,O
T1981,belong,O
T1981,to,O
T1981,ST,B-CASTE_CATEGORY
T1981,category,O
T1981,from,O
T1981,Rajasthan,B-STATE
T1981,Age,O
T1981,is,O
T1981,38,B-AGE
T1981,profession,O
T1981,is,O
T1981,rehri,B-OCCUPATION
T1981,wala,I-OCCUPATION
T1981,income,O
T1981,around,O
T1981,45000,B-ANNUAL_INCOME
T1982,Main,O
T1982,Rajasthan,B-STATE
T1982,se,O
T1982,ek,O
T1982,labour,B-OCCUPATION
T1982,hu,O
T1982,meri,O
T1982,umar,O
T1982,59,B-AGE
T1982,saal,O
T1982,hai,O
T1982,aur,O
T1982,saalana,O
T1982,kamai,O
T1982,200000,B-ANNUAL_INCOME
T1982,rupe,O
T1982,hai,O
T1983,I,O
T1983,am,O
T1983,a,O
T1983,26,B-AGE
T1983,year,O
T1983,old,O
T1983,male,B-GENDER
T1983,mazdoor,B-OCCUPATION
T1983,living,O
T1983,in,O
T1983,Uttar,B-STATE
T1983,Pradesh,I-STATE
T1983,My,O
T1983,annual,O
T1983,household,O
T1983,income,O
T1983,is,O
T1983,120000,B-ANNUAL_INCOME
T1983,rupees,O
T1984,I,O
T1984,belong,O
T1984,to,O
T1984,SC,B-CASTE_CATEGORY
T1984,category,O
T1984,from,O
T1984,Karnataka,B-STATE
T1984,Age,O
T1984,is,O
T1984,31,B-AGE
T1984,profession,O
T1984,is,O
T1984,berojgar,B-OCCUPATION
T1984,income,O
T1984,around,O
T1984,45000,B-ANNUAL_INCOME
T1985,I,O
T1985,belong,O
T1985,to,O
T1985,ST,B-CASTE_CATEGORY
T1985,category,O
T1985,from,O
T1985,Uttar,B-STATE
T1985,Pradesh,I-STATE
T1985,Age,O
T1985,is,O
T1985,39,B-AGE
T1985,profession,O
T1985,is,O
T1985,bunkar,B-OCCUPATION
T1985,income,O
T1985,around,O
T1985,200000,B-ANNUAL_INCOME
T1986,I,O
T1986,am,O
T1986,a,O
T1986,43,B-AGE
T1986,year,O
T1986,old,O
T1986,male,B-GENDER
T1986,farmer,B-OCCUPATION
T1986,living,O
T1986,in,O
T1986,West,B-STATE
T1986,Bengal,I-STATE
T1986,My,O
T1986,annual,O
T1986,household,O
T1986,income,O
T1986,is,O
T1986,0,B-ANNUAL_INCOME
T1986,rupees,O
T1987,Main,O
T1987,Bihar,B-STATE
T1987,se,O
T1987,ek,O
T1987,farmer,B-OCCUPATION
T1987,hu,O
T1987,meri,O
T1987,umar,O
T1987,63,B-AGE
T1987,saal,O
T1987,hai,O
T1987,aur,O
T1987,saalana,O
T1987,kamai,O
T1987,350000,B-ANNUAL_INCOME
T1987,rupe,O
T1987,hai,O
T1988,I,O
T1988,am,O
T1988,a,O
T1988,53,B-AGE
T1988,year,O
T1988,old,O
T1988,male,B-GENDER
T1988,chhatra,B-OCCUPATION
T1988,living,O
T1988,in,O
T1988,Madhya,B-STATE
T1988,Pradesh,I-STATE
T1988,My,O
T1988,annual,O
T1988,household,O
T1988,income,O
T1988,is,O
T1988,80000,B-ANNUAL_INCOME
T1988,rupees,O
T1989,Namaste,O
T1989,main,O
T1989,34,B-AGE
T1989,varsh,O
T1989,ka,O
T1989,unemployed,B-OCCUPATION
T1989,hu,O
T1989,Karnataka,B-STATE
T1989,se,O
T1989,Meri,O
T1989,income,O
T1989,45000,B-ANNUAL_INCOME
T1989,rupaye,O
T1989,hai,O
T1989,aur,O
T1989,main,O
T1989,OBC,B-CASTE_CATEGORY
T1989,varg,O
T1989,se,O
T1989,hoon,O
T1989,Main,O
T1989,divyang,B-DISABILITY
T1989,hu,O
T1990,Hi,O
T1990,I,O
T1990,am,O
T1990,65,B-AGE
T1990,years,O
T1990,old,O
T1990,student,O
T1990,from,O
T1990,Rajasthan,B-STATE
T1990,My,O
T1990,family,O
T1990,income,O
T1990,is,O
T1990,45000,B-ANNUAL_INCOME
T1990,and,O
T1990,I,O
T1990,am,O
T1990,differently,B-DISABILITY
T1990,abled,I-DISABILITY
T1991,Hi,O
T1991,I,O
T1991,am,O
T1991,52,B-AGE
T1991,years,O
T1991,old,O
T1991,student,O
T1991,from,O
T1991,Maharashtra,B-STATE
T1991,My,O
T1991,family,O
T1991,income,O
T1991,is,O
T1991,80000,B-ANNUAL_INCOME
T1991,and,O
T1991,I,O
T1991,am,O
T1991,differently,B-DISABILITY
T1991,abled,I-DISABILITY
T1992,Namaste,O
T1992,main,O
T1992,60,B-AGE
T1992,varsh,O
T1992,ka,O
T1992,berojgar,B-OCCUPATION
T1992,hu,O
T1992,Tamil,B-STATE
T1992,Nadu,I-STATE
T1992,se,O
T1992,Meri,O
T1992,income,O
T1992,80000,B-ANNUAL_INCOME
T1992,rupaye,O
T1992,hai,O
T1992,aur,O
T1992,main,O
T1992,OBC,B-CASTE_CATEGORY
T1992,varg,O
T1992,se,O
T1992,hoon,O
T1992,Main,O
T1992,divyang,B-DISABILITY
T1992,hu,O
T1993,Namaste,O
T1993,main,O
T1993,51,B-AGE
T1993,varsh,O
T1993,ka,O
T1993,berojgar,B-OCCUPATION
T1993,hu,O
T1993,Karnataka,B-STATE
T1993,se,O
T1993,Meri,O
T1993,income,O
T1993,80000,B-ANNUAL_INCOME
T1993,rupaye,O
T1993,hai,O
T1993,aur,O
T1993,main,O
T1993,General,B-CASTE_CATEGORY
T1993,varg,O
T1993,se,O
T1993,hoon,O
T1993,Main,O
T1993,divyang,B-DISABILITY
T1993,hu,O
T1994,Mera,O
T1994,naam,O
T1994,Ramesh,O
T1994,hai,O
T1994,main,O
T1994,Tamil,B-STATE
T1994,Nadu,I-STATE
T1994,ka,O
T1994,rehne,O
T1994,wala,O
T1994,hu,O
T1994,Main,O
T1994,General,B-CASTE_CATEGORY
T1994,category,O
T1994,se,O
T1994,ek,O
T1994,mahila,B-GENDER
T1994,hu,O
T1994,aur,O
T1994,weaver,B-OCCUPATION
T1994,hu,O
T1994,Aamdani,O
T1994,350000,B-ANNUAL_INCOME
T1994,per,O
T1994,year,O
T1994,hai,O
T1995,Main,O
T1995,Rajasthan,B-STATE
T1995,se,O
T1995,ek,O
T1995,unemployed,B-OCCUPATION
T1995,hu,O
T1995,meri,O
T1995,umar,O
T1995,59,B-AGE
T1995,saal,O
T1995,hai,O
T1995,aur,O
T1995,saalana,O
T1995,kamai,O
T1995,350000,B-ANNUAL_INCOME
T1995,rupe,O
T1995,hai,O
T1996,Namaste,O
T1996,main,O
T1996,51,B-AGE
T1996,varsh,O
T1996,ka,O
T1996,student,B-OCCUPATION
T1996,hu,O
T1996,Rajasthan,B-STATE
T1996,se,O
T1996,Meri,O
T1996,income,O
T1996,80000,B-ANNUAL_INCOME
T1996,rupaye,O
T1996,hai,O
T1996,aur,O
T1996,main,O
T1996,OBC,B-CASTE_CATEGORY
T1996,varg,O
T1996,se,O
T1996,hoon,O
T1996,Main,O
T1996,divyang,B-DISABILITY
T1996,hu,O
T1997,Namaste,O
T1997,main,O
T1997,54,B-AGE
T1997,varsh,O
T1997,ka,O
T1997,farmer,B-OCCUPATION
T1997,hu,O
T1997,West,B-STATE
T1997,Bengal,I-STATE
T1997,se,O
T1997,Meri,O
T1997,income,O
T1997,200000,B-ANNUAL_INCOME
T1997,rupaye,O
T1997,hai,O
T1997,aur,O
T1997,main,O
T1997,ST,B-CASTE_CATEGORY
T1997,varg,O
T1997,se,O
T1997,hoon,O
T1997,Main,O
T1997,divyang,B-DISABILITY
T1997,hu,O
T1998,Mera,O
T1998,naam,O
T1998,Ramesh,O
T1998,hai,O
T1998,main,O
T1998,Maharashtra,B-STATE
T1998,ka,O
T1998,rehne,O
T1998,wala,O
T1998,hu,O
T1998,Main,O
T1998,SC,B-CASTE_CATEGORY
T1998,category,O
T1998,se,O
T1998,ek,O
T1998,mahila,B-GENDER
T1998,hu,O
T1998,aur,O
T1998,weaver,B-OCCUPATION
T1998,hu,O
T1998,Aamdani,O
T1998,600000,B-ANNUAL_INCOME
T1998,per,O
T1998,year,O
T1998,hai,O
T1999,Namaste,O
T1999,main,O
T1999,39,B-AGE
T1999,varsh,O
T1999,ka,O
T1999,labour,B-OCCUPATION
T1999,hu,O
T1999,Rajasthan,B-STATE
T1999,se,O
T1999,Meri,O
T1999,income,O
T1999,0,B-ANNUAL_INCOME
T1999,rupaye,O
T1999,hai,O
T1999,aur,O
T1999,main,O
T1999,OBC,B-CASTE_CATEGORY
T1999,varg,O
T1999,se,O
T1999,hoon,O
T1999,Main,O
T1999,divyang,B-DISABILITY
T1999,hu,O
T2000,Namaste,O
T2000,main,O
T2000,21,B-AGE
T2000,varsh,O
T2000,ka,O
T2000,bunkar,B-OCCUPATION
T2000,hu,O
T2000,Maharashtra,B-STATE
T2000,se,O
T2000,Meri,O
T2000,income,O
T2000,200000,B-ANNUAL_INCOME
T2000,rupaye,O
T2000,hai,O
T2000,aur,O
T2000,main,O
T2000,General,B-CASTE_CATEGORY
T2000,varg,O
T2000,se,O
T2000,hoon,O
T2000,Main,O
T2000,divyang,B-DISABILITY
T2000,hu,O
