transcript_id,user_transcript,age,gender,annual_income,occupation,state,caste_category,is_differently_abled
T0001,I am a 60 year old male berojgar living in Madhya Pradesh. My annual household income is 120000 rupees.,60,Male,120000.0,berojgar,Madhya Pradesh,,FALSE
T0002,"Main Uttar Pradesh se ek daily wage worker hu, meri umar 26 saal hai aur saalana kamai 45000 rupe hai.",26,,45000.0,daily wage worker,Uttar Pradesh,,FALSE
T0003,I am a 61 year old female unemployed living in Maharashtra. My annual household income is 350000 rupees.,61,Female,350000.0,unemployed,Maharashtra,,FALSE
T0004,"Namaste, main 25 varsh ka berojgar hu West Bengal se. Meri income 0 rupaye hai, aur main General varg se hoon. Main divyang hu.",25,,0.0,berojgar,West Bengal,General,TRUE
T0005,"Hi, I am 33 years old student from Maharashtra. My family income is 45000 and I am differently abled.",33,,45000.0,kisan,Maharashtra,,TRUE
T0006,"Namaste, main 34 varsh ka berojgar hu Uttar Pradesh se. Meri income 45000 rupaye hai, aur main ST varg se hoon. Main divyang hu.",34,,45000.0,berojgar,Uttar Pradesh,ST,TRUE
T0007,"Namaste, main 63 varsh ka farmer hu Bihar se. Meri income 200000 rupaye hai, aur main General varg se hoon. Main divyang hu.",63,,200000.0,farmer,Bihar,General,TRUE
T0008,I am a 25 year old male labour living in West Bengal. My annual household income is 600000 rupees.,25,Male,600000.0,labour,West Bengal,,FALSE
T0009,"Mera naam Ramesh hai, main Tamil Nadu ka rehne wala hu. Main OBC category se ek mahila hu aur bunkar hu. Aamdani 80000 per year hai.",41,Female,80000.0,bunkar,Tamil Nadu,OBC,FALSE
T0010,"Namaste, main 51 varsh ka artisan hu Uttar Pradesh se. Meri income 350000 rupaye hai, aur main SC varg se hoon. Main divyang hu.",51,,350000.0,artisan,Uttar Pradesh,SC,TRUE
T0011,"I belong to OBC category from West Bengal. Age is 19, profession is artisan, income around 120000.",19,,120000.0,artisan,West Bengal,OBC,FALSE
T0012,"Namaste, main 20 varsh ka weaver hu Uttar Pradesh se. Meri income 45000 rupaye hai, aur main OBC varg se hoon. Main divyang hu.",20,,45000.0,weaver,Uttar Pradesh,OBC,TRUE
T0013,"Mera naam Ramesh hai, main Bihar ka rehne wala hu. Main SC category se ek purush hu aur student hu. Aamdani 350000 per year hai.",31,Male,350000.0,student,Bihar,SC,FALSE
T0014,I am a 43 year old male artisan living in Bihar. My annual household income is 0 rupees.,43,Male,0.0,artisan,Bihar,,FALSE
T0015,"Main Karnataka se ek unemployed hu, meri umar 52 saal hai aur saalana kamai 0 rupe hai.",52,,0.0,unemployed,Karnataka,,FALSE
T0016,"I belong to General category from West Bengal. Age is 28, profession is kisan, income around 0.",28,,0.0,kisan,West Bengal,General,FALSE
T0017,"Namaste, main 62 varsh ka berojgar hu Bihar se. Meri income 80000 rupaye hai, aur main SC varg se hoon. Main divyang hu.",62,,80000.0,berojgar,Bihar,SC,TRUE
T0018,"I belong to SC category from Madhya Pradesh. Age is 21, profession is labour, income around 120000.",21,,120000.0,labour,Madhya Pradesh,SC,FALSE
T0019,"Main Karnataka se ek artisan hu, meri umar 39 saal hai aur saalana kamai 120000 rupe hai.",39,,120000.0,artisan,Karnataka,,FALSE
T0020,I am a 44 year old male mazdoor living in Bihar. My annual household income is 600000 rupees.,44,Male,600000.0,mazdoor,Bihar,,FALSE
T0021,"Main Madhya Pradesh se ek mazdoor hu, meri umar 35 saal hai aur saalana kamai 600000 rupe hai.",35,,600000.0,mazdoor,Madhya Pradesh,,FALSE
T0022,"Hi, I am 58 years old student from West Bengal. My family income is 120000 and I am differently abled.",58,,120000.0,bunkar,West Bengal,,TRUE
T0023,I am a 44 year old male labour living in Maharashtra. My annual household income is 120000 rupees.,44,Male,120000.0,labour,Maharashtra,,FALSE
T0024,"I belong to SC category from Bihar. Age is 20, profession is berojgar, income around 80000.",20,,80000.0,berojgar,Bihar,SC,FALSE
T0025,"Hi, I am 62 years old student from West Bengal. My family income is 120000 and I am differently abled.",62,,120000.0,rehri wala,West Bengal,,TRUE
T0026,"Hi, I am 65 years old student from Uttar Pradesh. My family income is 200000 and I am differently abled.",65,,200000.0,labour,Uttar Pradesh,,TRUE
T0027,"I belong to General category from Rajasthan. Age is 45, profession is street vendor, income around 600000.",45,,600000.0,street vendor,Rajasthan,General,FALSE
T0028,"Hi, I am 51 years old student from Bihar. My family income is 80000 and I am differently abled.",51,,80000.0,bunkar,Bihar,,TRUE
T0029,"Hi, I am 65 years old student from Madhya Pradesh. My family income is 0 and I am differently abled.",65,,0.0,weaver,Madhya Pradesh,,TRUE
T0030,"Main Rajasthan se ek bunkar hu, meri umar 64 saal hai aur saalana kamai 600000 rupe hai.",64,,600000.0,bunkar,Rajasthan,,FALSE
T0031,"Namaste, main 29 varsh ka unemployed hu Karnataka se. Meri income 120000 rupaye hai, aur main OBC varg se hoon. Main divyang hu.",29,,120000.0,unemployed,Karnataka,OBC,TRUE
T0032,I am a 28 year old male student living in Rajasthan. My annual household income is 350000 rupees.,28,Male,350000.0,student,Rajasthan,,FALSE
T0033,"Hi, I am 55 years old student from Maharashtra. My family income is 350000 and I am differently abled.",55,,350000.0,bunkar,Maharashtra,,TRUE
T0034,"Mera naam Ramesh hai, main Tamil Nadu ka rehne wala hu. Main OBC category se ek purush hu aur artisan hu. Aamdani 0 per year hai.",49,Male,0.0,artisan,Tamil Nadu,OBC,FALSE
T0035,"I belong to General category from Uttar Pradesh. Age is 21, profession is weaver, income around 80000.",21,,80000.0,weaver,Uttar Pradesh,General,FALSE
T0036,I am a 34 year old female student living in West Bengal. My annual household income is 200000 rupees.,34,Female,200000.0,student,West Bengal,,FALSE
T0037,I am a 21 year old male weaver living in Madhya Pradesh. My annual household income is 200000 rupees.,21,Male,200000.0,weaver,Madhya Pradesh,,FALSE
T0038,"Hi, I am 54 years old student from Bihar. My family income is 600000 and I am differently abled.",54,,600000.0,bunkar,Bihar,,TRUE
T0039,"Mera naam Ramesh hai, main Karnataka ka rehne wala hu. Main General category se ek mahila hu aur weaver hu. Aamdani 0 per year hai.",39,Female,0.0,weaver,Karnataka,General,FALSE
T0040,I am a 32 year old female weaver living in Madhya Pradesh. My annual household income is 200000 rupees.,32,Female,200000.0,weaver,Madhya Pradesh,,FALSE
T0041,"Main Karnataka se ek rehri wala hu, meri umar 20 saal hai aur saalana kamai 120000 rupe hai.",20,,120000.0,rehri wala,Karnataka,,FALSE
T0042,"Hi, I am 62 years old student from Bihar. My family income is 200000 and I am differently abled.",62,,200000.0,chhatra,Bihar,,TRUE
T0043,"Main Rajasthan se ek street vendor hu, meri umar 39 saal hai aur saalana kamai 200000 rupe hai.",39,,200000.0,street vendor,Rajasthan,,FALSE
T0044,"Mera naam Ramesh hai, main Karnataka ka rehne wala hu. Main ST category se ek purush hu aur street vendor hu. Aamdani 350000 per year hai.",48,Male,350000.0,street vendor,Karnataka,ST,FALSE
T0045,"Main Karnataka se ek student hu, meri umar 54 saal hai aur saalana kamai 80000 rupe hai.",54,,80000.0,student,Karnataka,,FALSE
T0046,I am a 57 year old female weaver living in West Bengal. My annual household income is 200000 rupees.,57,Female,200000.0,weaver,West Bengal,,FALSE
T0047,"Mera naam Ramesh hai, main Bihar ka rehne wala hu. Main General category se ek mahila hu aur bunkar hu. Aamdani 80000 per year hai.",31,Female,80000.0,bunkar,Bihar,General,FALSE
T0048,"Hi, I am 53 years old student from West Bengal. My family income is 350000 and I am differently abled.",53,,350000.0,daily wage worker,West Bengal,,TRUE
T0049,"Main Rajasthan se ek rehri wala hu, meri umar 51 saal hai aur saalana kamai 200000 rupe hai.",51,,200000.0,rehri wala,Rajasthan,,FALSE
T0050,"Hi, I am 51 years old student from Tamil Nadu. My family income is 120000 and I am differently abled.",51,,120000.0,weaver,Tamil Nadu,,TRUE
T0051,"Namaste, main 34 varsh ka mazdoor hu Madhya Pradesh se. Meri income 350000 rupaye hai, aur main SC varg se hoon. Main divyang hu.",34,,350000.0,mazdoor,Madhya Pradesh,SC,TRUE
T0052,"Namaste, main 27 varsh ka student hu Madhya Pradesh se. Meri income 350000 rupaye hai, aur main General varg se hoon. Main divyang hu.",27,,350000.0,student,Madhya Pradesh,General,TRUE
T0053,"Main Rajasthan se ek farmer hu, meri umar 23 saal hai aur saalana kamai 0 rupe hai.",23,,0.0,farmer,Rajasthan,,FALSE
T0054,I am a 46 year old male chhatra living in West Bengal. My annual household income is 600000 rupees.,46,Male,600000.0,chhatra,West Bengal,,FALSE
T0055,I am a 19 year old male bunkar living in West Bengal. My annual household income is 600000 rupees.,19,Male,600000.0,bunkar,West Bengal,,FALSE
T0056,"Mera naam Ramesh hai, main Karnataka ka rehne wala hu. Main General category se ek mahila hu aur daily wage worker hu. Aamdani 200000 per year hai.",62,Female,200000.0,daily wage worker,Karnataka,General,FALSE
T0057,"I belong to OBC category from Karnataka. Age is 41, profession is bunkar, income around 45000.",41,,45000.0,bunkar,Karnataka,OBC,FALSE
T0058,"Main Karnataka se ek rehri wala hu, meri umar 53 saal hai aur saalana kamai 350000 rupe hai.",53,,350000.0,rehri wala,Karnataka,,FALSE
T0059,"Mera naam Ramesh hai, main West Bengal ka rehne wala hu. Main General category se ek mahila hu aur rehri wala hu. Aamdani 600000 per year hai.",36,Female,600000.0,rehri wala,West Bengal,General,FALSE
T0060,"I belong to SC category from Bihar. Age is 45, profession is student, income around 600000.",45,,600000.0,student,Bihar,SC,FALSE
T0061,I am a 30 year old male labour living in Tamil Nadu. My annual household income is 600000 rupees.,30,Male,600000.0,labour,Tamil Nadu,,FALSE
T0062,I am a 51 year old male student living in West Bengal. My annual household income is 45000 rupees.,51,Male,45000.0,student,West Bengal,,FALSE
T0063,"Mera naam Ramesh hai, main Rajasthan ka rehne wala hu. Main OBC category se ek purush hu aur labour hu. Aamdani 350000 per year hai.",30,Male,350000.0,labour,Rajasthan,OBC,FALSE
T0064,"Hi, I am 22 years old student from Madhya Pradesh. My family income is 120000 and I am differently abled.",22,,120000.0,farmer,Madhya Pradesh,,TRUE
T0065,"Namaste, main 33 varsh ka unemployed hu Tamil Nadu se. Meri income 600000 rupaye hai, aur main OBC varg se hoon. Main divyang hu.",33,,600000.0,unemployed,Tamil Nadu,OBC,TRUE
T0066,I am a 44 year old female farmer living in Madhya Pradesh. My annual household income is 0 rupees.,44,Female,0.0,farmer,Madhya Pradesh,,FALSE
T0067,"I belong to ST category from Karnataka. Age is 25, profession is mazdoor, income around 200000.",25,,200000.0,mazdoor,Karnataka,ST,FALSE
T0068,I am a 55 year old female berojgar living in Tamil Nadu. My annual household income is 0 rupees.,55,Female,0.0,berojgar,Tamil Nadu,,FALSE
T0069,"Main Karnataka se ek bunkar hu, meri umar 42 saal hai aur saalana kamai 0 rupe hai.",42,,0.0,bunkar,Karnataka,,FALSE
T0070,I am a 58 year old female artisan living in Madhya Pradesh. My annual household income is 45000 rupees.,58,Female,45000.0,artisan,Madhya Pradesh,,FALSE
T0071,I am a 24 year old male kisan living in Rajasthan. My annual household income is 80000 rupees.,24,Male,80000.0,kisan,Rajasthan,,FALSE
T0072,"Main Bihar se ek kisan hu, meri umar 20 saal hai aur saalana kamai 350000 rupe hai.",20,,350000.0,kisan,Bihar,,FALSE
T0073,"Mera naam Ramesh hai, main Uttar Pradesh ka rehne wala hu. Main General category se ek purush hu aur student hu. Aamdani 120000 per year hai.",43,Male,120000.0,student,Uttar Pradesh,General,FALSE
T0074,"Namaste, main 59 varsh ka rehri wala hu Rajasthan se. Meri income 80000 rupaye hai, aur main General varg se hoon. Main divyang hu.",59,,80000.0,rehri wala,Rajasthan,General,TRUE
T0075,"Mera naam Ramesh hai, main Madhya Pradesh ka rehne wala hu. Main General category se ek mahila hu aur mazdoor hu. Aamdani 120000 per year hai.",39,Female,120000.0,mazdoor,Madhya Pradesh,General,FALSE
T0076,"Main Tamil Nadu se ek student hu, meri umar 19 saal hai aur saalana kamai 600000 rupe hai.",19,,600000.0,student,Tamil Nadu,,FALSE
T0077,"I belong to OBC category from Uttar Pradesh. Age is 25, profession is bunkar, income around 120000.",25,,120000.0,bunkar,Uttar Pradesh,OBC,FALSE
T0078,I am a 38 year old female street vendor living in Tamil Nadu. My annual household income is 600000 rupees.,38,Female,600000.0,street vendor,Tamil Nadu,,FALSE
T0079,"Main Bihar se ek artisan hu, meri umar 42 saal hai aur saalana kamai 200000 rupe hai.",42,,200000.0,artisan,Bihar,,FALSE
T0080,"Namaste, main 50 varsh ka berojgar hu Rajasthan se. Meri income 45000 rupaye hai, aur main SC varg se hoon. Main divyang hu.",50,,45000.0,berojgar,Rajasthan,SC,TRUE
T0081,"Mera naam Ramesh hai, main Rajasthan ka rehne wala hu. Main ST category se ek mahila hu aur labour hu. Aamdani 350000 per year hai.",42,Female,350000.0,labour,Rajasthan,ST,FALSE
T0082,"Hi, I am 38 years old student from Tamil Nadu. My family income is 200000 and I am differently abled.",38,,200000.0,daily wage worker,Tamil Nadu,,TRUE
T0083,"Namaste, main 31 varsh ka street vendor hu Karnataka se. Meri income 0 rupaye hai, aur main OBC varg se hoon. Main divyang hu.",31,,0.0,street vendor,Karnataka,OBC,TRUE
T0084,"I belong to OBC category from Maharashtra. Age is 24, profession is unemployed, income around 200000.",24,,200000.0,unemployed,Maharashtra,OBC,FALSE
T0085,"Hi, I am 25 years old student from West Bengal. My family income is 0 and I am differently abled.",25,,0.0,student,West Bengal,,TRUE
T0086,"Hi, I am 43 years old student from Madhya Pradesh. My family income is 350000 and I am differently abled.",43,,350000.0,unemployed,Madhya Pradesh,,TRUE
T0087,"I belong to OBC category from Tamil Nadu. Age is 33, profession is artisan, income around 0.",33,,0.0,artisan,Tamil Nadu,OBC,FALSE
T0088,"Main Uttar Pradesh se ek rehri wala hu, meri umar 39 saal hai aur saalana kamai 120000 rupe hai.",39,,120000.0,rehri wala,Uttar Pradesh,,FALSE
T0089,"Hi, I am 65 years old student from Uttar Pradesh. My family income is 600000 and I am differently abled.",65,,600000.0,bunkar,Uttar Pradesh,,TRUE
T0090,"Hi, I am 60 years old student from West Bengal. My family income is 600000 and I am differently abled.",60,,600000.0,rehri wala,West Bengal,,TRUE
T0091,"I belong to General category from Uttar Pradesh. Age is 36, profession is mazdoor, income around 80000.",36,,80000.0,mazdoor,Uttar Pradesh,General,FALSE
T0092,"Main Madhya Pradesh se ek artisan hu, meri umar 55 saal hai aur saalana kamai 0 rupe hai.",55,,0.0,artisan,Madhya Pradesh,,FALSE
T0093,"Hi, I am 26 years old student from Madhya Pradesh. My family income is 45000 and I am differently abled.",26,,45000.0,unemployed,Madhya Pradesh,,TRUE
T0094,I am a 56 year old female daily wage worker living in Maharashtra. My annual household income is 200000 rupees.,56,Female,200000.0,daily wage worker,Maharashtra,,FALSE
T0095,"Mera naam Ramesh hai, main Uttar Pradesh ka rehne wala hu. Main ST category se ek mahila hu aur unemployed hu. Aamdani 45000 per year hai.",56,Female,45000.0,unemployed,Uttar Pradesh,ST,FALSE
T0096,"Mera naam Ramesh hai, main Uttar Pradesh ka rehne wala hu. Main OBC category se ek mahila hu aur unemployed hu. Aamdani 600000 per year hai.",18,Female,600000.0,unemployed,Uttar Pradesh,OBC,FALSE
T0097,"Mera naam Ramesh hai, main Tamil Nadu ka rehne wala hu. Main OBC category se ek mahila hu aur farmer hu. Aamdani 80000 per year hai.",45,Female,80000.0,farmer,Tamil Nadu,OBC,FALSE
T0098,"Namaste, main 36 varsh ka berojgar hu West Bengal se. Meri income 0 rupaye hai, aur main SC varg se hoon. Main divyang hu.",36,,0.0,berojgar,West Bengal,SC,TRUE
T0099,I am a 54 year old male artisan living in Maharashtra. My annual household income is 120000 rupees.,54,Male,120000.0,artisan,Maharashtra,,FALSE
T0100,I am a 55 year old male bunkar living in Madhya Pradesh. My annual household income is 120000 rupees.,55,Male,120000.0,bunkar,Madhya Pradesh,,FALSE
T0101,I am a 40 year old male rehri wala living in Rajasthan. My annual household income is 80000 rupees.,40,Male,80000.0,rehri wala,Rajasthan,,FALSE
T0102,"I belong to OBC category from Rajasthan. Age is 28, profession is berojgar, income around 80000.",28,,80000.0,berojgar,Rajasthan,OBC,FALSE
T0103,"Hi, I am 18 years old student from Rajasthan. My family income is 120000 and I am differently abled.",18,,120000.0,rehri wala,Rajasthan,,TRUE
T0104,I am a 62 year old female chhatra living in West Bengal. My annual household income is 200000 rupees.,62,Female,200000.0,chhatra,West Bengal,,FALSE
T0105,I am a 48 year old female mazdoor living in Bihar. My annual household income is 80000 rupees.,48,Female,80000.0,mazdoor,Bihar,,FALSE
T0106,"Namaste, main 25 varsh ka unemployed hu Bihar se. Meri income 600000 rupaye hai, aur main SC varg se hoon. Main divyang hu.",25,,600000.0,unemployed,Bihar,SC,TRUE
T0107,"I belong to General category from Bihar. Age is 34, profession is student, income around 350000.",34,,350000.0,student,Bihar,General,FALSE
T0108,"Hi, I am 54 years old student from Bihar. My family income is 45000 and I am differently abled.",54,,45000.0,farmer,Bihar,,TRUE
T0109,"Namaste, main 46 varsh ka berojgar hu Rajasthan se. Meri income 0 rupaye hai, aur main ST varg se hoon. Main divyang hu.",46,,0.0,berojgar,Rajasthan,ST,TRUE
T0110,"Hi, I am 63 years old student from Maharashtra. My family income is 80000 and I am differently abled.",63,,80000.0,daily wage worker,Maharashtra,,TRUE
T0111,"Hi, I am 35 years old student from Maharashtra. My family income is 120000 and I am differently abled.",35,,120000.0,farmer,Maharashtra,,TRUE
T0112,"Hi, I am 45 years old student from Karnataka. My family income is 120000 and I am differently abled.",45,,120000.0,farmer,Karnataka,,TRUE
T0113,"Main West Bengal se ek street vendor hu, meri umar 33 saal hai aur saalana kamai 120000 rupe hai.",33,,120000.0,street vendor,West Bengal,,FALSE
T0114,I am a 42 year old female chhatra living in Bihar. My annual household income is 600000 rupees.,42,Female,600000.0,chhatra,Bihar,,FALSE
T0115,"Hi, I am 64 years old student from Madhya Pradesh. My family income is 0 and I am differently abled.",64,,0.0,unemployed,Madhya Pradesh,,TRUE
T0116,"Namaste, main 60 varsh ka chhatra hu Rajasthan se. Meri income 350000 rupaye hai, aur main ST varg se hoon. Main divyang hu.",60,,350000.0,chhatra,Rajasthan,ST,TRUE
T0117,"Namaste, main 50 varsh ka farmer hu Tamil Nadu se. Meri income 350000 rupaye hai, aur main ST varg se hoon. Main divyang hu.",50,,350000.0,farmer,Tamil Nadu,ST,TRUE
T0118,"Namaste, main 54 varsh ka unemployed hu West Bengal se. Meri income 120000 rupaye hai, aur main OBC varg se hoon. Main divyang hu.",54,,120000.0,unemployed,West Bengal,OBC,TRUE
T0119,"Main Tamil Nadu se ek chhatra hu, meri umar 47 saal hai aur saalana kamai 200000 rupe hai.",47,,200000.0,chhatra,Tamil Nadu,,FALSE
T0120,"Mera naam Ramesh hai, main Karnataka ka rehne wala hu. Main ST category se ek purush hu aur mazdoor hu. Aamdani 600000 per year hai.",65,Male,600000.0,mazdoor,Karnataka,ST,FALSE
T0121,"I belong to OBC category from Karnataka. Age is 25, profession is bunkar, income around 600000.",25,,600000.0,bunkar,Karnataka,OBC,FALSE
T0122,"I belong to OBC category from Madhya Pradesh. Age is 64, profession is labour, income around 600000.",64,,600000.0,labour,Madhya Pradesh,OBC,FALSE
T0123,"Hi, I am 47 years old student from Karnataka. My family income is 600000 and I am differently abled.",47,,600000.0,mazdoor,Karnataka,,TRUE
T0124,"Main Karnataka se ek daily wage worker hu, meri umar 40 saal hai aur saalana kamai 0 rupe hai.",40,,0.0,daily wage worker,Karnataka,,FALSE
T0125,"I belong to General category from Maharashtra. Age is 31, profession is chhatra, income around 120000.",31,,120000.0,chhatra,Maharashtra,General,FALSE
T0126,I am a 65 year old female unemployed living in West Bengal. My annual household income is 600000 rupees.,65,Female,600000.0,unemployed,West Bengal,,FALSE
T0127,"Hi, I am 50 years old student from Bihar. My family income is 200000 and I am differently abled.",50,,200000.0,student,Bihar,,TRUE
T0128,"Mera naam Ramesh hai, main Uttar Pradesh ka rehne wala hu. Main ST category se ek mahila hu aur kisan hu. Aamdani 120000 per year hai.",32,Female,120000.0,kisan,Uttar Pradesh,ST,FALSE
T0129,"I belong to General category from Maharashtra. Age is 59, profession is daily wage worker, income around 120000.",59,,120000.0,daily wage worker,Maharashtra,General,FALSE
T0130,"Mera naam Ramesh hai, main Rajasthan ka rehne wala hu. Main ST category se ek purush hu aur weaver hu. Aamdani 0 per year hai.",42,Male,0.0,weaver,Rajasthan,ST,FALSE
T0131,"Mera naam Ramesh hai, main Bihar ka rehne wala hu. Main ST category se ek mahila hu aur rehri wala hu. Aamdani 350000 per year hai.",42,Female,350000.0,rehri wala,Bihar,ST,FALSE
T0132,"Namaste, main 29 varsh ka berojgar hu Uttar Pradesh se. Meri income 200000 rupaye hai, aur main OBC varg se hoon. Main divyang hu.",29,,200000.0,berojgar,Uttar Pradesh,OBC,TRUE
T0133,"Mera naam Ramesh hai, main Bihar ka rehne wala hu. Main ST category se ek mahila hu aur bunkar hu. Aamdani 600000 per year hai.",45,Female,600000.0,bunkar,Bihar,ST,FALSE
T0134,I am a 62 year old female artisan living in Tamil Nadu. My annual household income is 45000 rupees.,62,Female,45000.0,artisan,Tamil Nadu,,FALSE
T0135,I am a 61 year old female unemployed living in Karnataka. My annual household income is 45000 rupees.,61,Female,45000.0,unemployed,Karnataka,,FALSE
T0136,"Mera naam Ramesh hai, main Madhya Pradesh ka rehne wala hu. Main OBC category se ek mahila hu aur labour hu. Aamdani 200000 per year hai.",60,Female,200000.0,labour,Madhya Pradesh,OBC,FALSE
T0137,"Hi, I am 26 years old student from Madhya Pradesh. My family income is 80000 and I am differently abled.",26,,80000.0,street vendor,Madhya Pradesh,,TRUE
T0138,"Main Karnataka se ek bunkar hu, meri umar 31 saal hai aur saalana kamai 0 rupe hai.",31,,0.0,bunkar,Karnataka,,FALSE
T0139,"I belong to SC category from Madhya Pradesh. Age is 25, profession is weaver, income around 600000.",25,,600000.0,weaver,Madhya Pradesh,SC,FALSE
T0140,"I belong to General category from Maharashtra. Age is 49, profession is labour, income around 45000.",49,,45000.0,labour,Maharashtra,General,FALSE
T0141,"Mera naam Ramesh hai, main Madhya Pradesh ka rehne wala hu. Main General category se ek purush hu aur weaver hu. Aamdani 0 per year hai.",32,Male,0.0,weaver,Madhya Pradesh,General,FALSE
T0142,"I belong to General category from Maharashtra. Age is 45, profession is kisan, income around 350000.",45,,350000.0,kisan,Maharashtra,General,FALSE
T0143,"Namaste, main 64 varsh ka berojgar hu Karnataka se. Meri income 45000 rupaye hai, aur main SC varg se hoon. Main divyang hu.",64,,45000.0,berojgar,Karnataka,SC,TRUE
T0144,"Namaste, main 44 varsh ka bunkar hu Maharashtra se. Meri income 45000 rupaye hai, aur main General varg se hoon. Main divyang hu.",44,,45000.0,bunkar,Maharashtra,General,TRUE
T0145,"Main Tamil Nadu se ek bunkar hu, meri umar 23 saal hai aur saalana kamai 45000 rupe hai.",23,,45000.0,bunkar,Tamil Nadu,,FALSE
T0146,"Hi, I am 40 years old student from Bihar. My family income is 0 and I am differently abled.",40,,0.0,kisan,Bihar,,TRUE
T0147,"Namaste, main 58 varsh ka unemployed hu Rajasthan se. Meri income 45000 rupaye hai, aur main SC varg se hoon. Main divyang hu.",58,,45000.0,unemployed,Rajasthan,SC,TRUE
T0148,"Mera naam Ramesh hai, main Uttar Pradesh ka rehne wala hu. Main OBC category se ek purush hu aur labour hu. Aamdani 0 per year hai.",23,Male,0.0,labour,Uttar Pradesh,OBC,FALSE
T0149,"Hi, I am 29 years old student from Rajasthan. My family income is 0 and I am differently abled.",29,,0.0,labour,Rajasthan,,TRUE
T0150,"Hi, I am 36 years old student from Madhya Pradesh. My family income is 0 and I am differently abled.",36,,0.0,street vendor,Madhya Pradesh,,TRUE
T0151,I am a 30 year old female weaver living in Tamil Nadu. My annual household income is 0 rupees.,30,Female,0.0,weaver,Tamil Nadu,,FALSE
T0152,"Namaste, main 47 varsh ka farmer hu Madhya Pradesh se. Meri income 45000 rupaye hai, aur main General varg se hoon. Main divyang hu.",47,,45000.0,farmer,Madhya Pradesh,General,TRUE
T0153,"Mera naam Ramesh hai, main Uttar Pradesh ka rehne wala hu. Main General category se ek mahila hu aur artisan hu. Aamdani 350000 per year hai.",34,Female,350000.0,artisan,Uttar Pradesh,General,FALSE
T0154,"I belong to OBC category from Rajasthan. Age is 38, profession is chhatra, income around 80000.",38,,80000.0,chhatra,Rajasthan,OBC,FALSE
T0155,"Mera naam Ramesh hai, main Bihar ka rehne wala hu. Main SC category se ek mahila hu aur kisan hu. Aamdani 600000 per year hai.",34,Female,600000.0,kisan,Bihar,SC,FALSE
T0156,I am a 23 year old male chhatra living in Karnataka. My annual household income is 80000 rupees.,23,Male,80000.0,chhatra,Karnataka,,FALSE
T0157,"I belong to OBC category from Karnataka. Age is 20, profession is bunkar, income around 350000.",20,,350000.0,bunkar,Karnataka,OBC,FALSE
T0158,"Namaste, main 50 varsh ka mazdoor hu Bihar se. Meri income 80000 rupaye hai, aur main SC varg se hoon. Main divyang hu.",50,,80000.0,mazdoor,Bihar,SC,TRUE
T0159,"I belong to OBC category from Madhya Pradesh. Age is 64, profession is daily wage worker, income around 80000.",64,,80000.0,daily wage worker,Madhya Pradesh,OBC,FALSE
T0160,I am a 18 year old male chhatra living in Rajasthan. My annual household income is 0 rupees.,18,Male,0.0,chhatra,Rajasthan,,FALSE
T0161,"Hi, I am 58 years old student from Maharashtra. My family income is 600000 and I am differently abled.",58,,600000.0,kisan,Maharashtra,,TRUE
T0162,"I belong to SC category from Maharashtra. Age is 46, profession is student, income around 600000.",46,,600000.0,student,Maharashtra,SC,FALSE
T0163,"Mera naam Ramesh hai, main Karnataka ka rehne wala hu. Main ST category se ek purush hu aur chhatra hu. Aamdani 120000 per year hai.",22,Male,120000.0,chhatra,Karnataka,ST,FALSE
T0164,"Mera naam Ramesh hai, main Karnataka ka rehne wala hu. Main ST category se ek purush hu aur unemployed hu. Aamdani 45000 per year hai.",23,Male,45000.0,unemployed,Karnataka,ST,FALSE
T0165,"Namaste, main 27 varsh ka rehri wala hu Bihar se. Meri income 600000 rupaye hai, aur main OBC varg se hoon. Main divyang hu.",27,,600000.0,rehri wala,Bihar,OBC,TRUE
T0166,"Hi, I am 65 years old student from Uttar Pradesh. My family income is 350000 and I am differently abled.",65,,350000.0,bunkar,Uttar Pradesh,,TRUE
T0167,I am a 21 year old male labour living in Bihar. My annual household income is 120000 rupees.,21,Male,120000.0,labour,Bihar,,FALSE
T0168,"Namaste, main 54 varsh ka street vendor hu Madhya Pradesh se. Meri income 600000 rupaye hai, aur main General varg se hoon. Main divyang hu.",54,,600000.0,street vendor,Madhya Pradesh,General,TRUE
T0169,"Mera naam Ramesh hai, main Tamil Nadu ka rehne wala hu. Main SC category se ek mahila hu aur student hu. Aamdani 45000 per year hai.",37,Female,45000.0,student,Tamil Nadu,SC,FALSE
T0170,"Main Maharashtra se ek berojgar hu, meri umar 24 saal hai aur saalana kamai 200000 rupe hai.",24,,200000.0,berojgar,Maharashtra,,FALSE
T0171,"Hi, I am 46 years old student from Uttar Pradesh. My family income is 0 and I am differently abled.",46,,0.0,labour,Uttar Pradesh,,TRUE
T0172,"Namaste, main 44 varsh ka rehri wala hu Maharashtra se. Meri income 200000 rupaye hai, aur main ST varg se hoon. Main divyang hu.",44,,200000.0,rehri wala,Maharashtra,ST,TRUE
T0173,"Mera naam Ramesh hai, main West Bengal ka rehne wala hu. Main General category se ek mahila hu aur chhatra hu. Aamdani 0 per year hai.",24,Female,0.0,chhatra,West Bengal,General,FALSE
T0174,I am a 29 year old male labour living in West Bengal. My annual household income is 200000 rupees.,29,Male,200000.0,labour,West Bengal,,FALSE
T0175,"Hi, I am 58 years old student from Rajasthan. My family income is 600000 and I am differently abled.",58,,600000.0,unemployed,Rajasthan,,TRUE
T0176,"Hi, I am 31 years old student from Bihar. My family income is 80000 and I am differently abled.",31,,80000.0,student,Bihar,,TRUE
T0177,"Mera naam Ramesh hai, main Rajasthan ka rehne wala hu. Main General category se ek purush hu aur bunkar hu. Aamdani 350000 per year hai.",43,Male,350000.0,bunkar,Rajasthan,General,FALSE
T0178,I am a 52 year old male rehri wala living in West Bengal. My annual household income is 120000 rupees.,52,Male,120000.0,rehri wala,West Bengal,,FALSE
T0179,"Mera naam Ramesh hai, main West Bengal ka rehne wala hu. Main OBC category se ek purush hu aur bunkar hu. Aamdani 0 per year hai.",28,Male,0.0,bunkar,West Bengal,OBC,FALSE
T0180,"Main Maharashtra se ek chhatra hu, meri umar 52 saal hai aur saalana kamai 600000 rupe hai.",52,,600000.0,chhatra,Maharashtra,,FALSE
T0181,"Hi, I am 28 years old student from Maharashtra. My family income is 600000 and I am differently abled.",28,,600000.0,rehri wala,Maharashtra,,TRUE
T0182,"Namaste, main 65 varsh ka kisan hu Uttar Pradesh se. Meri income 80000 rupaye hai, aur main ST varg se hoon. Main divyang hu.",65,,80000.0,kisan,Uttar Pradesh,ST,TRUE
T0183,"Mera naam Ramesh hai, main Uttar Pradesh ka rehne wala hu. Main General category se ek purush hu aur weaver hu. Aamdani 120000 per year hai.",30,Male,120000.0,weaver,Uttar Pradesh,General,FALSE
T0184,"I belong to OBC category from Bihar. Age is 59, profession is weaver, income around 120000.",59,,120000.0,weaver,Bihar,OBC,FALSE
T0185,"Hi, I am 18 years old student from Karnataka. My family income is 350000 and I am differently abled.",18,,350000.0,chhatra,Karnataka,,TRUE
T0186,"Mera naam Ramesh hai, main Bihar ka rehne wala hu. Main SC category se ek purush hu aur bunkar hu. Aamdani 600000 per year hai.",23,Male,600000.0,bunkar,Bihar,SC,FALSE
T0187,"I belong to SC category from Uttar Pradesh. Age is 31, profession is mazdoor, income around 200000.",31,,200000.0,mazdoor,Uttar Pradesh,SC,FALSE
T0188,I am a 34 year old male daily wage worker living in Bihar. My annual household income is 0 rupees.,34,Male,0.0,daily wage worker,Bihar,,FALSE
T0189,I am a 31 year old female kisan living in Tamil Nadu. My annual household income is 80000 rupees.,31,Female,80000.0,kisan,Tamil Nadu,,FALSE
T0190,"Hi, I am 55 years old student from Uttar Pradesh. My family income is 0 and I am differently abled.",55,,0.0,weaver,Uttar Pradesh,,TRUE
T0191,"Namaste, main 58 varsh ka labour hu West Bengal se. Meri income 80000 rupaye hai, aur main SC varg se hoon. Main divyang hu.",58,,80000.0,labour,West Bengal,SC,TRUE
T0192,"I belong to OBC category from Maharashtra. Age is 18, profession is bunkar, income around 120000.",18,,120000.0,bunkar,Maharashtra,OBC,FALSE
T0193,"I belong to General category from Madhya Pradesh. Age is 50, profession is bunkar, income around 0.",50,,0.0,bunkar,Madhya Pradesh,General,FALSE
T0194,"Main Madhya Pradesh se ek farmer hu, meri umar 55 saal hai aur saalana kamai 80000 rupe hai.",55,,80000.0,farmer,Madhya Pradesh,,FALSE
T0195,"Hi, I am 35 years old student from Karnataka. My family income is 200000 and I am differently abled.",35,,200000.0,rehri wala,Karnataka,,TRUE
T0196,"Namaste, main 48 varsh ka bunkar hu Maharashtra se. Meri income 600000 rupaye hai, aur main General varg se hoon. Main divyang hu.",48,,600000.0,bunkar,Maharashtra,General,TRUE
T0197,"Hi, I am 49 years old student from Uttar Pradesh. My family income is 120000 and I am differently abled.",49,,120000.0,kisan,Uttar Pradesh,,TRUE
T0198,"Main Karnataka se ek daily wage worker hu, meri umar 32 saal hai aur saalana kamai 600000 rupe hai.",32,,600000.0,daily wage worker,Karnataka,,FALSE
T0199,"I belong to SC category from Uttar Pradesh. Age is 43, profession is rehri wala, income around 80000.",43,,80000.0,rehri wala,Uttar Pradesh,SC,FALSE
T0200,"Namaste, main 18 varsh ka daily wage worker hu Karnataka se. Meri income 0 rupaye hai, aur main General varg se hoon. Main divyang hu.",18,,0.0,daily wage worker,Karnataka,General,TRUE
T0201,"Mera naam Ramesh hai, main Rajasthan ka rehne wala hu. Main General category se ek mahila hu aur student hu. Aamdani 45000 per year hai.",54,Female,45000.0,student,Rajasthan,General,FALSE
T0202,"I belong to ST category from West Bengal. Age is 18, profession is mazdoor, income around 120000.",18,,120000.0,mazdoor,West Bengal,ST,FALSE
T0203,"Mera naam Ramesh hai, main West Bengal ka rehne wala hu. Main General category se ek purush hu aur farmer hu. Aamdani 350000 per year hai.",51,Male,350000.0,farmer,West Bengal,General,FALSE
T0204,"Mera naam Ramesh hai, main Karnataka ka rehne wala hu. Main SC category se ek mahila hu aur rehri wala hu. Aamdani 45000 per year hai.",37,Female,45000.0,rehri wala,Karnataka,SC,FALSE
T0205,"Main Madhya Pradesh se ek labour hu, meri umar 60 saal hai aur saalana kamai 200000 rupe hai.",60,,200000.0,labour,Madhya Pradesh,,FALSE
T0206,"Namaste, main 42 varsh ka berojgar hu Uttar Pradesh se. Meri income 120000 rupaye hai, aur main SC varg se hoon. Main divyang hu.",42,,120000.0,berojgar,Uttar Pradesh,SC,TRUE
T0207,I am a 47 year old male mazdoor living in West Bengal. My annual household income is 45000 rupees.,47,Male,45000.0,mazdoor,West Bengal,,FALSE
T0208,I am a 39 year old female unemployed living in West Bengal. My annual household income is 120000 rupees.,39,Female,120000.0,unemployed,West Bengal,,FALSE
T0209,I am a 65 year old female artisan living in Tamil Nadu. My annual household income is 45000 rupees.,65,Female,45000.0,artisan,Tamil Nadu,,FALSE
T0210,"Main Uttar Pradesh se ek weaver hu, meri umar 40 saal hai aur saalana kamai 120000 rupe hai.",40,,120000.0,weaver,Uttar Pradesh,,FALSE
T0211,"I belong to General category from Maharashtra. Age is 49, profession is street vendor, income around 350000.",49,,350000.0,street vendor,Maharashtra,General,FALSE
T0212,"Namaste, main 21 varsh ka student hu Maharashtra se. Meri income 120000 rupaye hai, aur main General varg se hoon. Main divyang hu.",21,,120000.0,student,Maharashtra,General,TRUE
T0213,"Namaste, main 47 varsh ka student hu Uttar Pradesh se. Meri income 0 rupaye hai, aur main General varg se hoon. Main divyang hu.",47,,0.0,student,Uttar Pradesh,General,TRUE
T0214,"Hi, I am 35 years old student from Karnataka. My family income is 200000 and I am differently abled.",35,,200000.0,kisan,Karnataka,,TRUE
T0215,"I belong to OBC category from Maharashtra. Age is 52, profession is student, income around 120000.",52,,120000.0,student,Maharashtra,OBC,FALSE
T0216,"I belong to OBC category from Tamil Nadu. Age is 59, profession is bunkar, income around 600000.",59,,600000.0,bunkar,Tamil Nadu,OBC,FALSE
T0217,"Namaste, main 20 varsh ka labour hu Bihar se. Meri income 0 rupaye hai, aur main SC varg se hoon. Main divyang hu.",20,,0.0,labour,Bihar,SC,TRUE
T0218,"Namaste, main 46 varsh ka unemployed hu West Bengal se. Meri income 45000 rupaye hai, aur main ST varg se hoon. Main divyang hu.",46,,45000.0,unemployed,West Bengal,ST,TRUE
T0219,"I belong to SC category from West Bengal. Age is 55, profession is artisan, income around 80000.",55,,80000.0,artisan,West Bengal,SC,FALSE
T0220,"Mera naam Ramesh hai, main Tamil Nadu ka rehne wala hu. Main ST category se ek purush hu aur street vendor hu. Aamdani 0 per year hai.",33,Male,0.0,street vendor,Tamil Nadu,ST,FALSE
T0221,"I belong to OBC category from Bihar. Age is 19, profession is chhatra, income around 120000.",19,,120000.0,chhatra,Bihar,OBC,FALSE
T0222,"Mera naam Ramesh hai, main Tamil Nadu ka rehne wala hu. Main SC category se ek purush hu aur kisan hu. Aamdani 200000 per year hai.",29,Male,200000.0,kisan,Tamil Nadu,SC,FALSE
T0223,I am a 62 year old female artisan living in Tamil Nadu. My annual household income is 120000 rupees.,62,Female,120000.0,artisan,Tamil Nadu,,FALSE
T0224,"Main Bihar se ek mazdoor hu, meri umar 34 saal hai aur saalana kamai 45000 rupe hai.",34,,45000.0,mazdoor,Bihar,,FALSE
T0225,"Main Rajasthan se ek kisan hu, meri umar 59 saal hai aur saalana kamai 45000 rupe hai.",59,,45000.0,kisan,Rajasthan,,FALSE
T0226,"Main Madhya Pradesh se ek unemployed hu, meri umar 23 saal hai aur saalana kamai 350000 rupe hai.",23,,350000.0,unemployed,Madhya Pradesh,,FALSE
T0227,"Namaste, main 51 varsh ka chhatra hu Karnataka se. Meri income 45000 rupaye hai, aur main SC varg se hoon. Main divyang hu.",51,,45000.0,chhatra,Karnataka,SC,TRUE
T0228,"Namaste, main 44 varsh ka farmer hu Maharashtra se. Meri income 200000 rupaye hai, aur main General varg se hoon. Main divyang hu.",44,,200000.0,farmer,Maharashtra,General,TRUE
T0229,"Namaste, main 35 varsh ka artisan hu Tamil Nadu se. Meri income 600000 rupaye hai, aur main OBC varg se hoon. Main divyang hu.",35,,600000.0,artisan,Tamil Nadu,OBC,TRUE
T0230,I am a 45 year old male kisan living in Bihar. My annual household income is 0 rupees.,45,Male,0.0,kisan,Bihar,,FALSE
T0231,"Hi, I am 45 years old student from Tamil Nadu. My family income is 350000 and I am differently abled.",45,,350000.0,bunkar,Tamil Nadu,,TRUE
T0232,"Namaste, main 20 varsh ka weaver hu Karnataka se. Meri income 200000 rupaye hai, aur main General varg se hoon. Main divyang hu.",20,,200000.0,weaver,Karnataka,General,TRUE
T0233,"Namaste, main 47 varsh ka farmer hu Uttar Pradesh se. Meri income 600000 rupaye hai, aur main General varg se hoon. Main divyang hu.",47,,600000.0,farmer,Uttar Pradesh,General,TRUE
T0234,I am a 22 year old female unemployed living in Karnataka. My annual household income is 45000 rupees.,22,Female,45000.0,unemployed,Karnataka,,FALSE
T0235,"Mera naam Ramesh hai, main Rajasthan ka rehne wala hu. Main SC category se ek purush hu aur bunkar hu. Aamdani 45000 per year hai.",28,Male,45000.0,bunkar,Rajasthan,SC,FALSE
T0236,"Namaste, main 28 varsh ka chhatra hu Bihar se. Meri income 120000 rupaye hai, aur main General varg se hoon. Main divyang hu.",28,,120000.0,chhatra,Bihar,General,TRUE
T0237,"Main Maharashtra se ek unemployed hu, meri umar 40 saal hai aur saalana kamai 0 rupe hai.",40,,0.0,unemployed,Maharashtra,,FALSE
T0238,"Namaste, main 64 varsh ka chhatra hu West Bengal se. Meri income 45000 rupaye hai, aur main ST varg se hoon. Main divyang hu.",64,,45000.0,chhatra,West Bengal,ST,TRUE
T0239,"I belong to General category from Madhya Pradesh. Age is 21, profession is daily wage worker, income around 0.",21,,0.0,daily wage worker,Madhya Pradesh,General,FALSE
T0240,I am a 29 year old female weaver living in Uttar Pradesh. My annual household income is 0 rupees.,29,Female,0.0,weaver,Uttar Pradesh,,FALSE
T0241,"Namaste, main 26 varsh ka artisan hu Uttar Pradesh se. Meri income 350000 rupaye hai, aur main General varg se hoon. Main divyang hu.",26,,350000.0,artisan,Uttar Pradesh,General,TRUE
T0242,"Mera naam Ramesh hai, main Madhya Pradesh ka rehne wala hu. Main OBC category se ek mahila hu aur unemployed hu. Aamdani 200000 per year hai.",49,Female,200000.0,unemployed,Madhya Pradesh,OBC,FALSE
T0243,"Main Madhya Pradesh se ek bunkar hu, meri umar 43 saal hai aur saalana kamai 120000 rupe hai.",43,,120000.0,bunkar,Madhya Pradesh,,FALSE
T0244,"Namaste, main 35 varsh ka labour hu Uttar Pradesh se. Meri income 120000 rupaye hai, aur main ST varg se hoon. Main divyang hu.",35,,120000.0,labour,Uttar Pradesh,ST,TRUE
T0245,"Namaste, main 44 varsh ka artisan hu Karnataka se. Meri income 350000 rupaye hai, aur main General varg se hoon. Main divyang hu.",44,,350000.0,artisan,Karnataka,General,TRUE
T0246,"Hi, I am 45 years old student from Uttar Pradesh. My family income is 350000 and I am differently abled.",45,,350000.0,bunkar,Uttar Pradesh,,TRUE
T0247,"Main Maharashtra se ek artisan hu, meri umar 46 saal hai aur saalana kamai 45000 rupe hai.",46,,45000.0,artisan,Maharashtra,,FALSE
T0248,I am a 21 year old male artisan living in Madhya Pradesh. My annual household income is 120000 rupees.,21,Male,120000.0,artisan,Madhya Pradesh,,FALSE
T0249,"Main Madhya Pradesh se ek student hu, meri umar 39 saal hai aur saalana kamai 200000 rupe hai.",39,,200000.0,student,Madhya Pradesh,,FALSE
T0250,I am a 32 year old female artisan living in Karnataka. My annual household income is 0 rupees.,32,Female,0.0,artisan,Karnataka,,FALSE
T0251,"Hi, I am 36 years old student from Bihar. My family income is 80000 and I am differently abled.",36,,80000.0,weaver,Bihar,,TRUE
T0252,"Main Madhya Pradesh se ek labour hu, meri umar 38 saal hai aur saalana kamai 120000 rupe hai.",38,,120000.0,labour,Madhya Pradesh,,FALSE
T0253,"Main West Bengal se ek street vendor hu, meri umar 59 saal hai aur saalana kamai 200000 rupe hai.",59,,200000.0,street vendor,West Bengal,,FALSE
T0254,"I belong to ST category from Rajasthan. Age is 53, profession is unemployed, income around 200000.",53,,200000.0,unemployed,Rajasthan,ST,FALSE
T0255,"Main Tamil Nadu se ek daily wage worker hu, meri umar 49 saal hai aur saalana kamai 45000 rupe hai.",49,,45000.0,daily wage worker,Tamil Nadu,,FALSE
T0256,"Hi, I am 34 years old student from Maharashtra. My family income is 45000 and I am differently abled.",34,,45000.0,student,Maharashtra,,TRUE
T0257,"Mera naam Ramesh hai, main Karnataka ka rehne wala hu. Main SC category se ek mahila hu aur labour hu. Aamdani 45000 per year hai.",19,Female,45000.0,labour,Karnataka,SC,FALSE
T0258,"Hi, I am 19 years old student from Karnataka. My family income is 200000 and I am differently abled.",19,,200000.0,chhatra,Karnataka,,TRUE
T0259,"Namaste, main 29 varsh ka labour hu Madhya Pradesh se. Meri income 200000 rupaye hai, aur main OBC varg se hoon. Main divyang hu.",29,,200000.0,labour,Madhya Pradesh,OBC,TRUE
T0260,I am a 47 year old female weaver living in West Bengal. My annual household income is 80000 rupees.,47,Female,80000.0,weaver,West Bengal,,FALSE
T0261,"Hi, I am 61 years old student from Uttar Pradesh. My family income is 120000 and I am differently abled.",61,,120000.0,weaver,Uttar Pradesh,,TRUE
T0262,"Main West Bengal se ek berojgar hu, meri umar 56 saal hai aur saalana kamai 45000 rupe hai.",56,,45000.0,berojgar,West Bengal,,FALSE
T0263,"Main Rajasthan se ek street vendor hu, meri umar 38 saal hai aur saalana kamai 200000 rupe hai.",38,,200000.0,street vendor,Rajasthan,,FALSE
T0264,"Namaste, main 36 varsh ka student hu Maharashtra se. Meri income 120000 rupaye hai, aur main ST varg se hoon. Main divyang hu.",36,,120000.0,student,Maharashtra,ST,TRUE
T0265,"Mera naam Ramesh hai, main Maharashtra ka rehne wala hu. Main ST category se ek purush hu aur berojgar hu. Aamdani 45000 per year hai.",25,Male,45000.0,berojgar,Maharashtra,ST,FALSE
T0266,"Mera naam Ramesh hai, main Rajasthan ka rehne wala hu. Main OBC category se ek mahila hu aur chhatra hu. Aamdani 200000 per year hai.",60,Female,200000.0,chhatra,Rajasthan,OBC,FALSE
T0267,"Hi, I am 59 years old student from Uttar Pradesh. My family income is 0 and I am differently abled.",59,,0.0,farmer,Uttar Pradesh,,TRUE
T0268,"Namaste, main 65 varsh ka unemployed hu Rajasthan se. Meri income 45000 rupaye hai, aur main SC varg se hoon. Main divyang hu.",65,,45000.0,unemployed,Rajasthan,SC,TRUE
T0269,"Hi, I am 44 years old student from Maharashtra. My family income is 45000 and I am differently abled.",44,,45000.0,bunkar,Maharashtra,,TRUE
T0270,"Namaste, main 43 varsh ka daily wage worker hu Madhya Pradesh se. Meri income 45000 rupaye hai, aur main SC varg se hoon. Main divyang hu.",43,,45000.0,daily wage worker,Madhya Pradesh,SC,TRUE
T0271,"Hi, I am 61 years old student from Rajasthan. My family income is 0 and I am differently abled.",61,,0.0,rehri wala,Rajasthan,,TRUE
T0272,"Main Madhya Pradesh se ek bunkar hu, meri umar 23 saal hai aur saalana kamai 80000 rupe hai.",23,,80000.0,bunkar,Madhya Pradesh,,FALSE
T0273,"Hi, I am 33 years old student from Rajasthan. My family income is 80000 and I am differently abled.",33,,80000.0,farmer,Rajasthan,,TRUE
T0274,"Hi, I am 27 years old student from Uttar Pradesh. My family income is 0 and I am differently abled.",27,,0.0,chhatra,Uttar Pradesh,,TRUE
T0275,"I belong to OBC category from West Bengal. Age is 27, profession is mazdoor, income around 600000.",27,,600000.0,mazdoor,West Bengal,OBC,FALSE
T0276,"Mera naam Ramesh hai, main Uttar Pradesh ka rehne wala hu. Main OBC category se ek purush hu aur unemployed hu. Aamdani 80000 per year hai.",62,Male,80000.0,unemployed,Uttar Pradesh,OBC,FALSE
T0277,"Mera naam Ramesh hai, main West Bengal ka rehne wala hu. Main General category se ek mahila hu aur berojgar hu. Aamdani 0 per year hai.",52,Female,0.0,berojgar,West Bengal,General,FALSE
T0278,"Mera naam Ramesh hai, main Uttar Pradesh ka rehne wala hu. Main SC category se ek mahila hu aur farmer hu. Aamdani 80000 per year hai.",58,Female,80000.0,farmer,Uttar Pradesh,SC,FALSE
T0279,I am a 25 year old male student living in Uttar Pradesh. My annual household income is 45000 rupees.,25,Male,45000.0,student,Uttar Pradesh,,FALSE
T0280,"Main Bihar se ek weaver hu, meri umar 31 saal hai aur saalana kamai 200000 rupe hai.",31,,200000.0,weaver,Bihar,,FALSE
T0281,"Main Bihar se ek artisan hu, meri umar 25 saal hai aur saalana kamai 45000 rupe hai.",25,,45000.0,artisan,Bihar,,FALSE
T0282,I am a 55 year old male student living in Madhya Pradesh. My annual household income is 600000 rupees.,55,Male,600000.0,student,Madhya Pradesh,,FALSE
T0283,"Namaste, main 48 varsh ka weaver hu Maharashtra se. Meri income 45000 rupaye hai, aur main ST varg se hoon. Main divyang hu.",48,,45000.0,weaver,Maharashtra,ST,TRUE
T0284,"I belong to OBC category from West Bengal. Age is 42, profession is farmer, income around 80000.",42,,80000.0,farmer,West Bengal,OBC,FALSE
T0285,I am a 27 year old male daily wage worker living in Maharashtra. My annual household income is 45000 rupees.,27,Male,45000.0,daily wage worker,Maharashtra,,FALSE
T0286,"Hi, I am 19 years old student from Bihar. My family income is 80000 and I am differently abled.",19,,80000.0,unemployed,Bihar,,TRUE
T0287,"I belong to SC category from Madhya Pradesh. Age is 37, profession is farmer, income around 80000.",37,,80000.0,farmer,Madhya Pradesh,SC,FALSE
T0288,"Namaste, main 60 varsh ka labour hu West Bengal se. Meri income 600000 rupaye hai, aur main General varg se hoon. Main divyang hu.",60,,600000.0,labour,West Bengal,General,TRUE
T0289,"Main Uttar Pradesh se ek berojgar hu, meri umar 37 saal hai aur saalana kamai 350000 rupe hai.",37,,350000.0,berojgar,Uttar Pradesh,,FALSE
T0290,"Main Tamil Nadu se ek labour hu, meri umar 59 saal hai aur saalana kamai 350000 rupe hai.",59,,350000.0,labour,Tamil Nadu,,FALSE
T0291,"Mera naam Ramesh hai, main Tamil Nadu ka rehne wala hu. Main ST category se ek purush hu aur daily wage worker hu. Aamdani 200000 per year hai.",23,Male,200000.0,daily wage worker,Tamil Nadu,ST,FALSE
T0292,"Main West Bengal se ek rehri wala hu, meri umar 28 saal hai aur saalana kamai 45000 rupe hai.",28,,45000.0,rehri wala,West Bengal,,FALSE
T0293,"Main Rajasthan se ek berojgar hu, meri umar 28 saal hai aur saalana kamai 0 rupe hai.",28,,0.0,berojgar,Rajasthan,,FALSE
T0294,"I belong to SC category from Rajasthan. Age is 26, profession is unemployed, income around 45000.",26,,45000.0,unemployed,Rajasthan,SC,FALSE
T0295,"Namaste, main 21 varsh ka unemployed hu Rajasthan se. Meri income 80000 rupaye hai, aur main OBC varg se hoon. Main divyang hu.",21,,80000.0,unemployed,Rajasthan,OBC,TRUE
T0296,"I belong to OBC category from Rajasthan. Age is 51, profession is unemployed, income around 45000.",51,,45000.0,unemployed,Rajasthan,OBC,FALSE
T0297,"Hi, I am 63 years old student from Madhya Pradesh. My family income is 0 and I am differently abled.",63,,0.0,weaver,Madhya Pradesh,,TRUE
T0298,"Main Maharashtra se ek unemployed hu, meri umar 18 saal hai aur saalana kamai 600000 rupe hai.",18,,600000.0,unemployed,Maharashtra,,FALSE
T0299,"Main Uttar Pradesh se ek bunkar hu, meri umar 34 saal hai aur saalana kamai 45000 rupe hai.",34,,45000.0,bunkar,Uttar Pradesh,,FALSE
T0300,"Namaste, main 32 varsh ka mazdoor hu West Bengal se. Meri income 600000 rupaye hai, aur main OBC varg se hoon. Main divyang hu.",32,,600000.0,mazdoor,West Bengal,OBC,TRUE
T0301,"Mera naam Ramesh hai, main West Bengal ka rehne wala hu. Main SC category se ek mahila hu aur berojgar hu. Aamdani 45000 per year hai.",23,Female,45000.0,berojgar,West Bengal,SC,FALSE
T0302,"I belong to SC category from Maharashtra. Age is 31, profession is daily wage worker, income around 600000.",31,,600000.0,daily wage worker,Maharashtra,SC,FALSE
T0303,I am a 55 year old male artisan living in Tamil Nadu. My annual household income is 0 rupees.,55,Male,0.0,artisan,Tamil Nadu,,FALSE
T0304,"I belong to SC category from Uttar Pradesh. Age is 49, profession is student, income around 0.",49,,0.0,student,Uttar Pradesh,SC,FALSE
T0305,"I belong to OBC category from Madhya Pradesh. Age is 33, profession is bunkar, income around 600000.",33,,600000.0,bunkar,Madhya Pradesh,OBC,FALSE
T0306,I am a 37 year old female farmer living in Tamil Nadu. My annual household income is 80000 rupees.,37,Female,80000.0,farmer,Tamil Nadu,,FALSE
T0307,"Mera naam Ramesh hai, main Rajasthan ka rehne wala hu. Main General category se ek mahila hu aur mazdoor hu. Aamdani 80000 per year hai.",47,Female,80000.0,mazdoor,Rajasthan,General,FALSE
T0308,"Hi, I am 30 years old student from Madhya Pradesh. My family income is 45000 and I am differently abled.",30,,45000.0,mazdoor,Madhya Pradesh,,TRUE
T0309,"Main Karnataka se ek street vendor hu, meri umar 21 saal hai aur saalana kamai 80000 rupe hai.",21,,80000.0,street vendor,Karnataka,,FALSE
T0310,"Namaste, main 49 varsh ka rehri wala hu Uttar Pradesh se. Meri income 600000 rupaye hai, aur main OBC varg se hoon. Main divyang hu.",49,,600000.0,rehri wala,Uttar Pradesh,OBC,TRUE
T0311,"Hi, I am 25 years old student from Karnataka. My family income is 350000 and I am differently abled.",25,,350000.0,chhatra,Karnataka,,TRUE
T0312,"Mera naam Ramesh hai, main Tamil Nadu ka rehne wala hu. Main General category se ek mahila hu aur bunkar hu. Aamdani 600000 per year hai.",64,Female,600000.0,bunkar,Tamil Nadu,General,FALSE
T0313,I am a 62 year old male street vendor living in Bihar. My annual household income is 45000 rupees.,62,Male,45000.0,street vendor,Bihar,,FALSE
T0314,"Hi, I am 48 years old student from Bihar. My family income is 45000 and I am differently abled.",48,,45000.0,farmer,Bihar,,TRUE
T0315,"Main Bihar se ek rehri wala hu, meri umar 53 saal hai aur saalana kamai 600000 rupe hai.",53,,600000.0,rehri wala,Bihar,,FALSE
T0316,"Namaste, main 46 varsh ka chhatra hu Uttar Pradesh se. Meri income 600000 rupaye hai, aur main ST varg se hoon. Main divyang hu.",46,,600000.0,chhatra,Uttar Pradesh,ST,TRUE
T0317,"Main Karnataka se ek rehri wala hu, meri umar 44 saal hai aur saalana kamai 600000 rupe hai.",44,,600000.0,rehri wala,Karnataka,,FALSE
T0318,I am a 20 year old female street vendor living in Karnataka. My annual household income is 600000 rupees.,20,Female,600000.0,street vendor,Karnataka,,FALSE
T0319,"Main Karnataka se ek bunkar hu, meri umar 54 saal hai aur saalana kamai 600000 rupe hai.",54,,600000.0,bunkar,Karnataka,,FALSE
T0320,"Main Uttar Pradesh se ek kisan hu, meri umar 29 saal hai aur saalana kamai 200000 rupe hai.",29,,200000.0,kisan,Uttar Pradesh,,FALSE
T0321,I am a 25 year old female student living in Maharashtra. My annual household income is 350000 rupees.,25,Female,350000.0,student,Maharashtra,,FALSE
T0322,"Namaste, main 43 varsh ka weaver hu Tamil Nadu se. Meri income 45000 rupaye hai, aur main General varg se hoon. Main divyang hu.",43,,45000.0,weaver,Tamil Nadu,General,TRUE
T0323,"Namaste, main 62 varsh ka berojgar hu Uttar Pradesh se. Meri income 120000 rupaye hai, aur main ST varg se hoon. Main divyang hu.",62,,120000.0,berojgar,Uttar Pradesh,ST,TRUE
T0324,"I belong to SC category from Bihar. Age is 39, profession is street vendor, income around 80000.",39,,80000.0,street vendor,Bihar,SC,FALSE
T0325,I am a 36 year old female unemployed living in Bihar. My annual household income is 45000 rupees.,36,Female,45000.0,unemployed,Bihar,,FALSE
T0326,"Mera naam Ramesh hai, main Uttar Pradesh ka rehne wala hu. Main ST category se ek mahila hu aur mazdoor hu. Aamdani 80000 per year hai.",23,Female,80000.0,mazdoor,Uttar Pradesh,ST,FALSE
T0327,I am a 44 year old male street vendor living in Bihar. My annual household income is 350000 rupees.,44,Male,350000.0,street vendor,Bihar,,FALSE
T0328,"Hi, I am 55 years old student from Rajasthan. My family income is 80000 and I am differently abled.",55,,80000.0,street vendor,Rajasthan,,TRUE
T0329,I am a 34 year old male daily wage worker living in West Bengal. My annual household income is 80000 rupees.,34,Male,80000.0,daily wage worker,West Bengal,,FALSE
T0330,I am a 28 year old male student living in Madhya Pradesh. My annual household income is 45000 rupees.,28,Male,45000.0,student,Madhya Pradesh,,FALSE
T0331,"I belong to OBC category from Maharashtra. Age is 61, profession is weaver, income around 600000.",61,,600000.0,weaver,Maharashtra,OBC,FALSE
T0332,I am a 36 year old male berojgar living in Rajasthan. My annual household income is 120000 rupees.,36,Male,120000.0,berojgar,Rajasthan,,FALSE
T0333,"Namaste, main 58 varsh ka berojgar hu Rajasthan se. Meri income 200000 rupaye hai, aur main ST varg se hoon. Main divyang hu.",58,,200000.0,berojgar,Rajasthan,ST,TRUE
T0334,"Namaste, main 47 varsh ka mazdoor hu Uttar Pradesh se. Meri income 600000 rupaye hai, aur main OBC varg se hoon. Main divyang hu.",47,,600000.0,mazdoor,Uttar Pradesh,OBC,TRUE
T0335,"Mera naam Ramesh hai, main Madhya Pradesh ka rehne wala hu. Main General category se ek mahila hu aur mazdoor hu. Aamdani 600000 per year hai.",41,Female,600000.0,mazdoor,Madhya Pradesh,General,FALSE
T0336,I am a 63 year old male mazdoor living in Maharashtra. My annual household income is 350000 rupees.,63,Male,350000.0,mazdoor,Maharashtra,,FALSE
T0337,"Main Bihar se ek daily wage worker hu, meri umar 26 saal hai aur saalana kamai 120000 rupe hai.",26,,120000.0,daily wage worker,Bihar,,FALSE
T0338,"Mera naam Ramesh hai, main Madhya Pradesh ka rehne wala hu. Main General category se ek mahila hu aur bunkar hu. Aamdani 80000 per year hai.",63,Female,80000.0,bunkar,Madhya Pradesh,General,FALSE
T0339,I am a 21 year old female student living in Bihar. My annual household income is 600000 rupees.,21,Female,600000.0,student,Bihar,,FALSE
T0340,I am a 61 year old male chhatra living in Bihar. My annual household income is 45000 rupees.,61,Male,45000.0,chhatra,Bihar,,FALSE
T0341,"Mera naam Ramesh hai, main Karnataka ka rehne wala hu. Main SC category se ek mahila hu aur berojgar hu. Aamdani 45000 per year hai.",42,Female,45000.0,berojgar,Karnataka,SC,FALSE
T0342,"Hi, I am 53 years old student from Karnataka. My family income is 45000 and I am differently abled.",53,,45000.0,daily wage worker,Karnataka,,TRUE
T0343,"I belong to OBC category from Tamil Nadu. Age is 61, profession is weaver, income around 120000.",61,,120000.0,weaver,Tamil Nadu,OBC,FALSE
T0344,I am a 58 year old male weaver living in Maharashtra. My annual household income is 350000 rupees.,58,Male,350000.0,weaver,Maharashtra,,FALSE
T0345,"Main Rajasthan se ek weaver hu, meri umar 29 saal hai aur saalana kamai 600000 rupe hai.",29,,600000.0,weaver,Rajasthan,,FALSE
T0346,"Main Madhya Pradesh se ek street vendor hu, meri umar 56 saal hai aur saalana kamai 600000 rupe hai.",56,,600000.0,street vendor,Madhya Pradesh,,FALSE
T0347,"Hi, I am 34 years old student from Uttar Pradesh. My family income is 200000 and I am differently abled.",34,,200000.0,mazdoor,Uttar Pradesh,,TRUE
T0348,"Namaste, main 58 varsh ka rehri wala hu Karnataka se. Meri income 600000 rupaye hai, aur main ST varg se hoon. Main divyang hu.",58,,600000.0,rehri wala,Karnataka,ST,TRUE
T0349,"Hi, I am 26 years old student from Tamil Nadu. My family income is 80000 and I am differently abled.",26,,80000.0,artisan,Tamil Nadu,,TRUE
T0350,"Namaste, main 28 varsh ka berojgar hu West Bengal se. Meri income 0 rupaye hai, aur main SC varg se hoon. Main divyang hu.",28,,0.0,berojgar,West Bengal,SC,TRUE
T0351,"I belong to ST category from Karnataka. Age is 44, profession is rehri wala, income around 120000.",44,,120000.0,rehri wala,Karnataka,ST,FALSE
T0352,"Hi, I am 21 years old student from Madhya Pradesh. My family income is 600000 and I am differently abled.",21,,600000.0,daily wage worker,Madhya Pradesh,,TRUE
T0353,"I belong to SC category from Rajasthan. Age is 27, profession is student, income around 120000.",27,,120000.0,student,Rajasthan,SC,FALSE
T0354,"Hi, I am 25 years old student from Karnataka. My family income is 45000 and I am differently abled.",25,,45000.0,student,Karnataka,,TRUE
T0355,"Namaste, main 27 varsh ka student hu Madhya Pradesh se. Meri income 600000 rupaye hai, aur main OBC varg se hoon. Main divyang hu.",27,,600000.0,student,Madhya Pradesh,OBC,TRUE
T0356,I am a 23 year old male chhatra living in Rajasthan. My annual household income is 45000 rupees.,23,Male,45000.0,chhatra,Rajasthan,,FALSE
T0357,"Hi, I am 57 years old student from Uttar Pradesh. My family income is 80000 and I am differently abled.",57,,80000.0,daily wage worker,Uttar Pradesh,,TRUE
T0358,I am a 65 year old female daily wage worker living in Maharashtra. My annual household income is 600000 rupees.,65,Female,600000.0,daily wage worker,Maharashtra,,FALSE
T0359,I am a 31 year old male daily wage worker living in Bihar. My annual household income is 0 rupees.,31,Male,0.0,daily wage worker,Bihar,,FALSE
T0360,"Hi, I am 26 years old student from Rajasthan. My family income is 0 and I am differently abled.",26,,0.0,labour,Rajasthan,,TRUE
T0361,"I belong to ST category from Madhya Pradesh. Age is 65, profession is farmer, income around 200000.",65,,200000.0,farmer,Madhya Pradesh,ST,FALSE
T0362,"Namaste, main 35 varsh ka rehri wala hu Bihar se. Meri income 120000 rupaye hai, aur main SC varg se hoon. Main divyang hu.",35,,120000.0,rehri wala,Bihar,SC,TRUE
T0363,"Hi, I am 29 years old student from Madhya Pradesh. My family income is 600000 and I am differently abled.",29,,600000.0,daily wage worker,Madhya Pradesh,,TRUE
T0364,"Namaste, main 29 varsh ka street vendor hu Karnataka se. Meri income 200000 rupaye hai, aur main OBC varg se hoon. Main divyang hu.",29,,200000.0,street vendor,Karnataka,OBC,TRUE
T0365,"I belong to SC category from Maharashtra. Age is 47, profession is rehri wala, income around 80000.",47,,80000.0,rehri wala,Maharashtra,SC,FALSE
T0366,"Main Madhya Pradesh se ek street vendor hu, meri umar 26 saal hai aur saalana kamai 350000 rupe hai.",26,,350000.0,street vendor,Madhya Pradesh,,FALSE
T0367,"I belong to SC category from West Bengal. Age is 31, profession is labour, income around 80000.",31,,80000.0,labour,West Bengal,SC,FALSE
T0368,"Namaste, main 60 varsh ka student hu Rajasthan se. Meri income 200000 rupaye hai, aur main SC varg se hoon. Main divyang hu.",60,,200000.0,student,Rajasthan,SC,TRUE
T0369,I am a 44 year old female berojgar living in Rajasthan. My annual household income is 120000 rupees.,44,Female,120000.0,berojgar,Rajasthan,,FALSE
T0370,"Namaste, main 30 varsh ka kisan hu Tamil Nadu se. Meri income 45000 rupaye hai, aur main ST varg se hoon. Main divyang hu.",30,,45000.0,kisan,Tamil Nadu,ST,TRUE
T0371,"Mera naam Ramesh hai, main Bihar ka rehne wala hu. Main SC category se ek mahila hu aur farmer hu. Aamdani 350000 per year hai.",41,Female,350000.0,farmer,Bihar,SC,FALSE
T0372,"Main Madhya Pradesh se ek unemployed hu, meri umar 35 saal hai aur saalana kamai 200000 rupe hai.",35,,200000.0,unemployed,Madhya Pradesh,,FALSE
T0373,I am a 62 year old male bunkar living in Rajasthan. My annual household income is 600000 rupees.,62,Male,600000.0,bunkar,Rajasthan,,FALSE
T0374,"Namaste, main 50 varsh ka labour hu Madhya Pradesh se. Meri income 200000 rupaye hai, aur main General varg se hoon. Main divyang hu.",50,,200000.0,labour,Madhya Pradesh,General,TRUE
T0375,"Hi, I am 19 years old student from Tamil Nadu. My family income is 600000 and I am differently abled.",19,,600000.0,berojgar,Tamil Nadu,,TRUE
T0376,I am a 35 year old male weaver living in West Bengal. My annual household income is 45000 rupees.,35,Male,45000.0,weaver,West Bengal,,FALSE
T0377,"Main Tamil Nadu se ek student hu, meri umar 33 saal hai aur saalana kamai 45000 rupe hai.",33,,45000.0,student,Tamil Nadu,,FALSE
T0378,I am a 51 year old male street vendor living in Bihar. My annual household income is 120000 rupees.,51,Male,120000.0,street vendor,Bihar,,FALSE
T0379,"Main Uttar Pradesh se ek rehri wala hu, meri umar 61 saal hai aur saalana kamai 350000 rupe hai.",61,,350000.0,rehri wala,Uttar Pradesh,,FALSE
T0380,"Namaste, main 55 varsh ka student hu Maharashtra se. Meri income 45000 rupaye hai, aur main SC varg se hoon. Main divyang hu.",55,,45000.0,student,Maharashtra,SC,TRUE
T0381,"Mera naam Ramesh hai, main Tamil Nadu ka rehne wala hu. Main General category se ek mahila hu aur bunkar hu. Aamdani 80000 per year hai.",21,Female,80000.0,bunkar,Tamil Nadu,General,FALSE
T0382,"I belong to General category from Madhya Pradesh. Age is 45, profession is mazdoor, income around 120000.",45,,120000.0,mazdoor,Madhya Pradesh,General,FALSE
T0383,"Namaste, main 42 varsh ka kisan hu Bihar se. Meri income 0 rupaye hai, aur main SC varg se hoon. Main divyang hu.",42,,0.0,kisan,Bihar,SC,TRUE
T0384,"I belong to General category from Karnataka. Age is 33, profession is farmer, income around 200000.",33,,200000.0,farmer,Karnataka,General,FALSE
T0385,"Mera naam Ramesh hai, main Uttar Pradesh ka rehne wala hu. Main General category se ek purush hu aur farmer hu. Aamdani 120000 per year hai.",26,Male,120000.0,farmer,Uttar Pradesh,General,FALSE
T0386,"Main Maharashtra se ek labour hu, meri umar 45 saal hai aur saalana kamai 0 rupe hai.",45,,0.0,labour,Maharashtra,,FALSE
T0387,"Mera naam Ramesh hai, main Maharashtra ka rehne wala hu. Main ST category se ek mahila hu aur berojgar hu. Aamdani 600000 per year hai.",33,Female,600000.0,berojgar,Maharashtra,ST,FALSE
T0388,I am a 24 year old female labour living in Tamil Nadu. My annual household income is 0 rupees.,24,Female,0.0,labour,Tamil Nadu,,FALSE
T0389,"I belong to General category from Rajasthan. Age is 47, profession is berojgar, income around 200000.",47,,200000.0,berojgar,Rajasthan,General,FALSE
T0390,"Mera naam Ramesh hai, main Karnataka ka rehne wala hu. Main ST category se ek mahila hu aur mazdoor hu. Aamdani 45000 per year hai.",23,Female,45000.0,mazdoor,Karnataka,ST,FALSE
T0391,"Main Bihar se ek artisan hu, meri umar 31 saal hai aur saalana kamai 80000 rupe hai.",31,,80000.0,artisan,Bihar,,FALSE
T0392,"Main Bihar se ek mazdoor hu, meri umar 53 saal hai aur saalana kamai 80000 rupe hai.",53,,80000.0,mazdoor,Bihar,,FALSE
T0393,"Main Rajasthan se ek labour hu, meri umar 52 saal hai aur saalana kamai 0 rupe hai.",52,,0.0,labour,Rajasthan,,FALSE
T0394,"Namaste, main 54 varsh ka weaver hu Tamil Nadu se. Meri income 80000 rupaye hai, aur main General varg se hoon. Main divyang hu.",54,,80000.0,weaver,Tamil Nadu,General,TRUE
T0395,"Main West Bengal se ek weaver hu, meri umar 43 saal hai aur saalana kamai 600000 rupe hai.",43,,600000.0,weaver,West Bengal,,FALSE
T0396,"Namaste, main 64 varsh ka daily wage worker hu Madhya Pradesh se. Meri income 0 rupaye hai, aur main OBC varg se hoon. Main divyang hu.",64,,0.0,daily wage worker,Madhya Pradesh,OBC,TRUE
T0397,"Hi, I am 19 years old student from Madhya Pradesh. My family income is 0 and I am differently abled.",19,,0.0,kisan,Madhya Pradesh,,TRUE
T0398,"Mera naam Ramesh hai, main West Bengal ka rehne wala hu. Main OBC category se ek purush hu aur mazdoor hu. Aamdani 200000 per year hai.",61,Male,200000.0,mazdoor,West Bengal,OBC,FALSE
T0399,I am a 51 year old female weaver living in Bihar. My annual household income is 120000 rupees.,51,Female,120000.0,weaver,Bihar,,FALSE
T0400,"Mera naam Ramesh hai, main Karnataka ka rehne wala hu. Main General category se ek mahila hu aur rehri wala hu. Aamdani 600000 per year hai.",57,Female,600000.0,rehri wala,Karnataka,General,FALSE
T0401,I am a 59 year old female unemployed living in Madhya Pradesh. My annual household income is 0 rupees.,59,Female,0.0,unemployed,Madhya Pradesh,,FALSE
T0402,"I belong to OBC category from Madhya Pradesh. Age is 49, profession is daily wage worker, income around 600000.",49,,600000.0,daily wage worker,Madhya Pradesh,OBC,FALSE
T0403,"Main West Bengal se ek berojgar hu, meri umar 36 saal hai aur saalana kamai 200000 rupe hai.",36,,200000.0,berojgar,West Bengal,,FALSE
T0404,I am a 21 year old male unemployed living in Maharashtra. My annual household income is 200000 rupees.,21,Male,200000.0,unemployed,Maharashtra,,FALSE
T0405,"Main Madhya Pradesh se ek mazdoor hu, meri umar 26 saal hai aur saalana kamai 0 rupe hai.",26,,0.0,mazdoor,Madhya Pradesh,,FALSE
T0406,"Main West Bengal se ek daily wage worker hu, meri umar 56 saal hai aur saalana kamai 600000 rupe hai.",56,,600000.0,daily wage worker,West Bengal,,FALSE
T0407,"Mera naam Ramesh hai, main Tamil Nadu ka rehne wala hu. Main OBC category se ek purush hu aur street vendor hu. Aamdani 120000 per year hai.",20,Male,120000.0,street vendor,Tamil Nadu,OBC,FALSE
T0408,I am a 40 year old male chhatra living in Maharashtra. My annual household income is 200000 rupees.,40,Male,200000.0,chhatra,Maharashtra,,FALSE
T0409,"I belong to General category from Bihar. Age is 45, profession is daily wage worker, income around 45000.",45,,45000.0,daily wage worker,Bihar,General,FALSE
T0410,"I belong to SC category from Maharashtra. Age is 19, profession is bunkar, income around 350000.",19,,350000.0,bunkar,Maharashtra,SC,FALSE
T0411,"Main Bihar se ek berojgar hu, meri umar 51 saal hai aur saalana kamai 80000 rupe hai.",51,,80000.0,berojgar,Bihar,,FALSE
T0412,I am a 59 year old female labour living in Bihar. My annual household income is 200000 rupees.,59,Female,200000.0,labour,Bihar,,FALSE
T0413,"Hi, I am 57 years old student from Madhya Pradesh. My family income is 200000 and I am differently abled.",57,,200000.0,chhatra,Madhya Pradesh,,TRUE
T0414,"Main Maharashtra se ek student hu, meri umar 22 saal hai aur saalana kamai 120000 rupe hai.",22,,120000.0,student,Maharashtra,,FALSE
T0415,"I belong to OBC category from West Bengal. Age is 26, profession is daily wage worker, income around 120000.",26,,120000.0,daily wage worker,West Bengal,OBC,FALSE
T0416,"Main Bihar se ek kisan hu, meri umar 41 saal hai aur saalana kamai 120000 rupe hai.",41,,120000.0,kisan,Bihar,,FALSE
T0417,I am a 36 year old male labour living in Karnataka. My annual household income is 350000 rupees.,36,Male,350000.0,labour,Karnataka,,FALSE
T0418,"Mera naam Ramesh hai, main West Bengal ka rehne wala hu. Main General category se ek mahila hu aur bunkar hu. Aamdani 350000 per year hai.",30,Female,350000.0,bunkar,West Bengal,General,FALSE
T0419,I am a 40 year old male farmer living in Uttar Pradesh. My annual household income is 200000 rupees.,40,Male,200000.0,farmer,Uttar Pradesh,,FALSE
T0420,"Namaste, main 42 varsh ka kisan hu Maharashtra se. Meri income 80000 rupaye hai, aur main OBC varg se hoon. Main divyang hu.",42,,80000.0,kisan,Maharashtra,OBC,TRUE
T0421,I am a 29 year old male labour living in Rajasthan. My annual household income is 200000 rupees.,29,Male,200000.0,labour,Rajasthan,,FALSE
T0422,"Main Uttar Pradesh se ek artisan hu, meri umar 47 saal hai aur saalana kamai 600000 rupe hai.",47,,600000.0,artisan,Uttar Pradesh,,FALSE
T0423,"I belong to OBC category from Maharashtra. Age is 51, profession is kisan, income around 80000.",51,,80000.0,kisan,Maharashtra,OBC,FALSE
T0424,"Namaste, main 21 varsh ka unemployed hu Rajasthan se. Meri income 0 rupaye hai, aur main ST varg se hoon. Main divyang hu.",21,,0.0,unemployed,Rajasthan,ST,TRUE
T0425,"Namaste, main 30 varsh ka bunkar hu Rajasthan se. Meri income 45000 rupaye hai, aur main General varg se hoon. Main divyang hu.",30,,45000.0,bunkar,Rajasthan,General,TRUE
T0426,I am a 55 year old male street vendor living in Rajasthan. My annual household income is 600000 rupees.,55,Male,600000.0,street vendor,Rajasthan,,FALSE
T0427,"Mera naam Ramesh hai, main Maharashtra ka rehne wala hu. Main General category se ek purush hu aur bunkar hu. Aamdani 350000 per year hai.",27,Male,350000.0,bunkar,Maharashtra,General,FALSE
T0428,I am a 42 year old female unemployed living in Rajasthan. My annual household income is 80000 rupees.,42,Female,80000.0,unemployed,Rajasthan,,FALSE
T0429,"Namaste, main 43 varsh ka student hu Uttar Pradesh se. Meri income 600000 rupaye hai, aur main SC varg se hoon. Main divyang hu.",43,,600000.0,student,Uttar Pradesh,SC,TRUE
T0430,"Hi, I am 56 years old student from Karnataka. My family income is 120000 and I am differently abled.",56,,120000.0,street vendor,Karnataka,,TRUE
T0431,"Mera naam Ramesh hai, main Madhya Pradesh ka rehne wala hu. Main ST category se ek purush hu aur weaver hu. Aamdani 120000 per year hai.",30,Male,120000.0,weaver,Madhya Pradesh,ST,FALSE
T0432,"Main Karnataka se ek berojgar hu, meri umar 62 saal hai aur saalana kamai 80000 rupe hai.",62,,80000.0,berojgar,Karnataka,,FALSE
T0433,"Namaste, main 54 varsh ka mazdoor hu West Bengal se. Meri income 45000 rupaye hai, aur main ST varg se hoon. Main divyang hu.",54,,45000.0,mazdoor,West Bengal,ST,TRUE
T0434,"Hi, I am 22 years old student from Rajasthan. My family income is 0 and I am differently abled.",22,,0.0,mazdoor,Rajasthan,,TRUE
T0435,"Main Uttar Pradesh se ek rehri wala hu, meri umar 58 saal hai aur saalana kamai 600000 rupe hai.",58,,600000.0,rehri wala,Uttar Pradesh,,FALSE
T0436,"Main Uttar Pradesh se ek weaver hu, meri umar 62 saal hai aur saalana kamai 80000 rupe hai.",62,,80000.0,weaver,Uttar Pradesh,,FALSE
T0437,"Main Madhya Pradesh se ek farmer hu, meri umar 24 saal hai aur saalana kamai 0 rupe hai.",24,,0.0,farmer,Madhya Pradesh,,FALSE
T0438,I am a 25 year old male weaver living in Madhya Pradesh. My annual household income is 600000 rupees.,25,Male,600000.0,weaver,Madhya Pradesh,,FALSE
T0439,"Mera naam Ramesh hai, main Rajasthan ka rehne wala hu. Main OBC category se ek mahila hu aur bunkar hu. Aamdani 80000 per year hai.",34,Female,80000.0,bunkar,Rajasthan,OBC,FALSE
T0440,"Namaste, main 53 varsh ka chhatra hu Uttar Pradesh se. Meri income 200000 rupaye hai, aur main General varg se hoon. Main divyang hu.",53,,200000.0,chhatra,Uttar Pradesh,General,TRUE
T0441,"Hi, I am 55 years old student from Maharashtra. My family income is 45000 and I am differently abled.",55,,45000.0,bunkar,Maharashtra,,TRUE
T0442,"Mera naam Ramesh hai, main Madhya Pradesh ka rehne wala hu. Main ST category se ek purush hu aur berojgar hu. Aamdani 350000 per year hai.",56,Male,350000.0,berojgar,Madhya Pradesh,ST,FALSE
T0443,"Main Bihar se ek unemployed hu, meri umar 41 saal hai aur saalana kamai 0 rupe hai.",41,,0.0,unemployed,Bihar,,FALSE
T0444,"Hi, I am 29 years old student from West Bengal. My family income is 80000 and I am differently abled.",29,,80000.0,chhatra,West Bengal,,TRUE
T0445,"Namaste, main 22 varsh ka chhatra hu Madhya Pradesh se. Meri income 350000 rupaye hai, aur main OBC varg se hoon. Main divyang hu.",22,,350000.0,chhatra,Madhya Pradesh,OBC,TRUE
T0446,"Mera naam Ramesh hai, main Madhya Pradesh ka rehne wala hu. Main SC category se ek purush hu aur weaver hu. Aamdani 350000 per year hai.",55,Male,350000.0,weaver,Madhya Pradesh,SC,FALSE
T0447,"Main Rajasthan se ek mazdoor hu, meri umar 35 saal hai aur saalana kamai 200000 rupe hai.",35,,200000.0,mazdoor,Rajasthan,,FALSE
T0448,"Hi, I am 19 years old student from Tamil Nadu. My family income is 0 and I am differently abled.",19,,0.0,unemployed,Tamil Nadu,,TRUE
T0449,"Mera naam Ramesh hai, main Rajasthan ka rehne wala hu. Main SC category se ek mahila hu aur artisan hu. Aamdani 0 per year hai.",48,Female,0.0,artisan,Rajasthan,SC,FALSE
T0450,"Mera naam Ramesh hai, main Uttar Pradesh ka rehne wala hu. Main OBC category se ek purush hu aur student hu. Aamdani 0 per year hai.",44,Male,0.0,student,Uttar Pradesh,OBC,FALSE
T0451,"I belong to ST category from Bihar. Age is 51, profession is unemployed, income around 45000.",51,,45000.0,unemployed,Bihar,ST,FALSE
T0452,"I belong to General category from Maharashtra. Age is 48, profession is artisan, income around 200000.",48,,200000.0,artisan,Maharashtra,General,FALSE
T0453,"Mera naam Ramesh hai, main West Bengal ka rehne wala hu. Main OBC category se ek purush hu aur berojgar hu. Aamdani 120000 per year hai.",25,Male,120000.0,berojgar,West Bengal,OBC,FALSE
T0454,I am a 53 year old male artisan living in Bihar. My annual household income is 200000 rupees.,53,Male,200000.0,artisan,Bihar,,FALSE
T0455,"I belong to OBC category from Karnataka. Age is 63, profession is artisan, income around 80000.",63,,80000.0,artisan,Karnataka,OBC,FALSE
T0456,"I belong to OBC category from Madhya Pradesh. Age is 42, profession is weaver, income around 80000.",42,,80000.0,weaver,Madhya Pradesh,OBC,FALSE
T0457,"I belong to General category from Tamil Nadu. Age is 27, profession is kisan, income around 120000.",27,,120000.0,kisan,Tamil Nadu,General,FALSE
T0458,I am a 52 year old female mazdoor living in Uttar Pradesh. My annual household income is 200000 rupees.,52,Female,200000.0,mazdoor,Uttar Pradesh,,FALSE
T0459,"Hi, I am 20 years old student from Madhya Pradesh. My family income is 45000 and I am differently abled.",20,,45000.0,student,Madhya Pradesh,,TRUE
T0460,"Mera naam Ramesh hai, main Madhya Pradesh ka rehne wala hu. Main SC category se ek mahila hu aur berojgar hu. Aamdani 120000 per year hai.",47,Female,120000.0,berojgar,Madhya Pradesh,SC,FALSE
T0461,"Main Madhya Pradesh se ek street vendor hu, meri umar 58 saal hai aur saalana kamai 350000 rupe hai.",58,,350000.0,street vendor,Madhya Pradesh,,FALSE
T0462,"Hi, I am 44 years old student from West Bengal. My family income is 200000 and I am differently abled.",44,,200000.0,daily wage worker,West Bengal,,TRUE
T0463,"I belong to ST category from Rajasthan. Age is 33, profession is bunkar, income around 120000.",33,,120000.0,bunkar,Rajasthan,ST,FALSE
T0464,"Mera naam Ramesh hai, main West Bengal ka rehne wala hu. Main OBC category se ek mahila hu aur weaver hu. Aamdani 200000 per year hai.",38,Female,200000.0,weaver,West Bengal,OBC,FALSE
T0465,"Mera naam Ramesh hai, main Karnataka ka rehne wala hu. Main General category se ek purush hu aur weaver hu. Aamdani 120000 per year hai.",23,Male,120000.0,weaver,Karnataka,General,FALSE
T0466,"Main Maharashtra se ek labour hu, meri umar 54 saal hai aur saalana kamai 45000 rupe hai.",54,,45000.0,labour,Maharashtra,,FALSE
T0467,"I belong to General category from Rajasthan. Age is 55, profession is bunkar, income around 80000.",55,,80000.0,bunkar,Rajasthan,General,FALSE
T0468,"Mera naam Ramesh hai, main Uttar Pradesh ka rehne wala hu. Main SC category se ek purush hu aur bunkar hu. Aamdani 120000 per year hai.",32,Male,120000.0,bunkar,Uttar Pradesh,SC,FALSE
T0469,"Namaste, main 61 varsh ka kisan hu Bihar se. Meri income 200000 rupaye hai, aur main ST varg se hoon. Main divyang hu.",61,,200000.0,kisan,Bihar,ST,TRUE
T0470,"Main Tamil Nadu se ek daily wage worker hu, meri umar 31 saal hai aur saalana kamai 120000 rupe hai.",31,,120000.0,daily wage worker,Tamil Nadu,,FALSE
T0471,"Hi, I am 22 years old student from Bihar. My family income is 80000 and I am differently abled.",22,,80000.0,unemployed,Bihar,,TRUE
T0472,"I belong to OBC category from Uttar Pradesh. Age is 46, profession is unemployed, income around 120000.",46,,120000.0,unemployed,Uttar Pradesh,OBC,FALSE
T0473,"Hi, I am 62 years old student from West Bengal. My family income is 200000 and I am differently abled.",62,,200000.0,berojgar,West Bengal,,TRUE
T0474,"Mera naam Ramesh hai, main Madhya Pradesh ka rehne wala hu. Main OBC category se ek purush hu aur berojgar hu. Aamdani 600000 per year hai.",27,Male,600000.0,berojgar,Madhya Pradesh,OBC,FALSE
T0475,"Mera naam Ramesh hai, main Tamil Nadu ka rehne wala hu. Main SC category se ek mahila hu aur weaver hu. Aamdani 45000 per year hai.",39,Female,45000.0,weaver,Tamil Nadu,SC,FALSE
T0476,"Main Tamil Nadu se ek berojgar hu, meri umar 57 saal hai aur saalana kamai 0 rupe hai.",57,,0.0,berojgar,Tamil Nadu,,FALSE
T0477,"Hi, I am 18 years old student from Madhya Pradesh. My family income is 120000 and I am differently abled.",18,,120000.0,chhatra,Madhya Pradesh,,TRUE
T0478,"Mera naam Ramesh hai, main Madhya Pradesh ka rehne wala hu. Main General category se ek purush hu aur student hu. Aamdani 200000 per year hai.",63,Male,200000.0,student,Madhya Pradesh,General,FALSE
T0479,"Mera naam Ramesh hai, main Karnataka ka rehne wala hu. Main General category se ek mahila hu aur daily wage worker hu. Aamdani 45000 per year hai.",38,Female,45000.0,daily wage worker,Karnataka,General,FALSE
T0480,"Hi, I am 22 years old student from Uttar Pradesh. My family income is 80000 and I am differently abled.",22,,80000.0,rehri wala,Uttar Pradesh,,TRUE
T0481,I am a 25 year old female farmer living in Uttar Pradesh. My annual household income is 200000 rupees.,25,Female,200000.0,farmer,Uttar Pradesh,,FALSE
T0482,"I belong to OBC category from Karnataka. Age is 21, profession is street vendor, income around 0.",21,,0.0,street vendor,Karnataka,OBC,FALSE
T0483,I am a 60 year old female bunkar living in Karnataka. My annual household income is 600000 rupees.,60,Female,600000.0,bunkar,Karnataka,,FALSE
T0484,"Hi, I am 37 years old student from Madhya Pradesh. My family income is 600000 and I am differently abled.",37,,600000.0,mazdoor,Madhya Pradesh,,TRUE
T0485,I am a 54 year old male bunkar living in Rajasthan. My annual household income is 200000 rupees.,54,Male,200000.0,bunkar,Rajasthan,,FALSE
T0486,"Namaste, main 47 varsh ka weaver hu Tamil Nadu se. Meri income 600000 rupaye hai, aur main ST varg se hoon. Main divyang hu.",47,,600000.0,weaver,Tamil Nadu,ST,TRUE
T0487,"Main Karnataka se ek street vendor hu, meri umar 56 saal hai aur saalana kamai 600000 rupe hai.",56,,600000.0,street vendor,Karnataka,,FALSE
T0488,"Main West Bengal se ek rehri wala hu, meri umar 28 saal hai aur saalana kamai 350000 rupe hai.",28,,350000.0,rehri wala,West Bengal,,FALSE
T0489,"Main Karnataka se ek labour hu, meri umar 56 saal hai aur saalana kamai 80000 rupe hai.",56,,80000.0,labour,Karnataka,,FALSE
T0490,"Mera naam Ramesh hai, main Karnataka ka rehne wala hu. Main OBC category se ek purush hu aur daily wage worker hu. Aamdani 45000 per year hai.",59,Male,45000.0,daily wage worker,Karnataka,OBC,FALSE
T0491,"Hi, I am 23 years old student from Uttar Pradesh. My family income is 200000 and I am differently abled.",23,,200000.0,student,Uttar Pradesh,,TRUE
T0492,"Main Bihar se ek mazdoor hu, meri umar 31 saal hai aur saalana kamai 200000 rupe hai.",31,,200000.0,mazdoor,Bihar,,FALSE
T0493,"Mera naam Ramesh hai, main Maharashtra ka rehne wala hu. Main ST category se ek mahila hu aur berojgar hu. Aamdani 350000 per year hai.",56,Female,350000.0,berojgar,Maharashtra,ST,FALSE
T0494,"Namaste, main 18 varsh ka rehri wala hu Rajasthan se. Meri income 120000 rupaye hai, aur main General varg se hoon. Main divyang hu.",18,,120000.0,rehri wala,Rajasthan,General,TRUE
T0495,"Mera naam Ramesh hai, main West Bengal ka rehne wala hu. Main SC category se ek mahila hu aur farmer hu. Aamdani 80000 per year hai.",45,Female,80000.0,farmer,West Bengal,SC,FALSE
T0496,"I belong to ST category from Rajasthan. Age is 39, profession is daily wage worker, income around 120000.",39,,120000.0,daily wage worker,Rajasthan,ST,FALSE
T0497,"Namaste, main 46 varsh ka daily wage worker hu West Bengal se. Meri income 350000 rupaye hai, aur main General varg se hoon. Main divyang hu.",46,,350000.0,daily wage worker,West Bengal,General,TRUE
T0498,"Hi, I am 39 years old student from Rajasthan. My family income is 600000 and I am differently abled.",39,,600000.0,street vendor,Rajasthan,,TRUE
T0499,"Namaste, main 49 varsh ka artisan hu Maharashtra se. Meri income 200000 rupaye hai, aur main SC varg se hoon. Main divyang hu.",49,,200000.0,artisan,Maharashtra,SC,TRUE
T0500,"I belong to SC category from Madhya Pradesh. Age is 29, profession is artisan, income around 200000.",29,,200000.0,artisan,Madhya Pradesh,SC,FALSE
T0501,"Main Maharashtra se ek bunkar hu, meri umar 37 saal hai aur saalana kamai 45000 rupe hai.",37,,45000.0,bunkar,Maharashtra,,FALSE
T0502,"Main Rajasthan se ek street vendor hu, meri umar 29 saal hai aur saalana kamai 350000 rupe hai.",29,,350000.0,street vendor,Rajasthan,,FALSE
T0503,"I belong to OBC category from Madhya Pradesh. Age is 37, profession is labour, income around 350000.",37,,350000.0,labour,Madhya Pradesh,OBC,FALSE
T0504,"Hi, I am 41 years old student from Rajasthan. My family income is 0 and I am differently abled.",41,,0.0,weaver,Rajasthan,,TRUE
T0505,"Mera naam Ramesh hai, main Madhya Pradesh ka rehne wala hu. Main OBC category se ek mahila hu aur street vendor hu. Aamdani 350000 per year hai.",62,Female,350000.0,street vendor,Madhya Pradesh,OBC,FALSE
T0506,"Namaste, main 50 varsh ka weaver hu Maharashtra se. Meri income 80000 rupaye hai, aur main General varg se hoon. Main divyang hu.",50,,80000.0,weaver,Maharashtra,General,TRUE
T0507,"Namaste, main 45 varsh ka berojgar hu Uttar Pradesh se. Meri income 200000 rupaye hai, aur main ST varg se hoon. Main divyang hu.",45,,200000.0,berojgar,Uttar Pradesh,ST,TRUE
T0508,"I belong to OBC category from Rajasthan. Age is 42, profession is kisan, income around 120000.",42,,120000.0,kisan,Rajasthan,OBC,FALSE
T0509,"Main Karnataka se ek labour hu, meri umar 23 saal hai aur saalana kamai 350000 rupe hai.",23,,350000.0,labour,Karnataka,,FALSE
T0510,"Hi, I am 32 years old student from Rajasthan. My family income is 45000 and I am differently abled.",32,,45000.0,unemployed,Rajasthan,,TRUE
T0511,"Namaste, main 62 varsh ka berojgar hu Madhya Pradesh se. Meri income 45000 rupaye hai, aur main General varg se hoon. Main divyang hu.",62,,45000.0,berojgar,Madhya Pradesh,General,TRUE
T0512,I am a 42 year old male berojgar living in Uttar Pradesh. My annual household income is 45000 rupees.,42,Male,45000.0,berojgar,Uttar Pradesh,,FALSE
T0513,I am a 34 year old female artisan living in Rajasthan. My annual household income is 600000 rupees.,34,Female,600000.0,artisan,Rajasthan,,FALSE
T0514,"Hi, I am 53 years old student from Tamil Nadu. My family income is 45000 and I am differently abled.",53,,45000.0,rehri wala,Tamil Nadu,,TRUE
T0515,"I belong to ST category from Karnataka. Age is 47, profession is unemployed, income around 45000.",47,,45000.0,unemployed,Karnataka,ST,FALSE
T0516,"I belong to ST category from Rajasthan. Age is 18, profession is chhatra, income around 80000.",18,,80000.0,chhatra,Rajasthan,ST,FALSE
T0517,"Namaste, main 26 varsh ka student hu Karnataka se. Meri income 600000 rupaye hai, aur main OBC varg se hoon. Main divyang hu.",26,,600000.0,student,Karnataka,OBC,TRUE
T0518,I am a 30 year old female chhatra living in Rajasthan. My annual household income is 120000 rupees.,30,Female,120000.0,chhatra,Rajasthan,,FALSE
T0519,"I belong to ST category from Tamil Nadu. Age is 46, profession is weaver, income around 350000.",46,,350000.0,weaver,Tamil Nadu,ST,FALSE
T0520,I am a 49 year old male farmer living in Rajasthan. My annual household income is 0 rupees.,49,Male,0.0,farmer,Rajasthan,,FALSE
T0521,I am a 48 year old female bunkar living in Karnataka. My annual household income is 120000 rupees.,48,Female,120000.0,bunkar,Karnataka,,FALSE
T0522,"I belong to General category from West Bengal. Age is 44, profession is farmer, income around 200000.",44,,200000.0,farmer,West Bengal,General,FALSE
T0523,"Main Rajasthan se ek street vendor hu, meri umar 20 saal hai aur saalana kamai 600000 rupe hai.",20,,600000.0,street vendor,Rajasthan,,FALSE
T0524,"Main Tamil Nadu se ek mazdoor hu, meri umar 57 saal hai aur saalana kamai 0 rupe hai.",57,,0.0,mazdoor,Tamil Nadu,,FALSE
T0525,"Namaste, main 37 varsh ka berojgar hu Tamil Nadu se. Meri income 200000 rupaye hai, aur main ST varg se hoon. Main divyang hu.",37,,200000.0,berojgar,Tamil Nadu,ST,TRUE
T0526,"I belong to OBC category from Tamil Nadu. Age is 32, profession is artisan, income around 600000.",32,,600000.0,artisan,Tamil Nadu,OBC,FALSE
T0527,"Namaste, main 39 varsh ka student hu Madhya Pradesh se. Meri income 350000 rupaye hai, aur main OBC varg se hoon. Main divyang hu.",39,,350000.0,student,Madhya Pradesh,OBC,TRUE
T0528,"Main Karnataka se ek mazdoor hu, meri umar 24 saal hai aur saalana kamai 45000 rupe hai.",24,,45000.0,mazdoor,Karnataka,,FALSE
T0529,I am a 30 year old male berojgar living in Maharashtra. My annual household income is 0 rupees.,30,Male,0.0,berojgar,Maharashtra,,FALSE
T0530,"Namaste, main 59 varsh ka kisan hu Bihar se. Meri income 120000 rupaye hai, aur main ST varg se hoon. Main divyang hu.",59,,120000.0,kisan,Bihar,ST,TRUE
T0531,"Mera naam Ramesh hai, main Maharashtra ka rehne wala hu. Main General category se ek mahila hu aur chhatra hu. Aamdani 80000 per year hai.",33,Female,80000.0,chhatra,Maharashtra,General,FALSE
T0532,"Namaste, main 62 varsh ka bunkar hu West Bengal se. Meri income 350000 rupaye hai, aur main ST varg se hoon. Main divyang hu.",62,,350000.0,bunkar,West Bengal,ST,TRUE
T0533,"Main Maharashtra se ek kisan hu, meri umar 61 saal hai aur saalana kamai 350000 rupe hai.",61,,350000.0,kisan,Maharashtra,,FALSE
T0534,"Namaste, main 44 varsh ka labour hu Maharashtra se. Meri income 600000 rupaye hai, aur main General varg se hoon. Main divyang hu.",44,,600000.0,labour,Maharashtra,General,TRUE
T0535,"Namaste, main 46 varsh ka mazdoor hu Uttar Pradesh se. Meri income 120000 rupaye hai, aur main OBC varg se hoon. Main divyang hu.",46,,120000.0,mazdoor,Uttar Pradesh,OBC,TRUE
T0536,"Mera naam Ramesh hai, main Rajasthan ka rehne wala hu. Main General category se ek mahila hu aur daily wage worker hu. Aamdani 350000 per year hai.",64,Female,350000.0,daily wage worker,Rajasthan,General,FALSE
T0537,"Namaste, main 26 varsh ka farmer hu Maharashtra se. Meri income 0 rupaye hai, aur main SC varg se hoon. Main divyang hu.",26,,0.0,farmer,Maharashtra,SC,TRUE
T0538,"Main West Bengal se ek daily wage worker hu, meri umar 39 saal hai aur saalana kamai 600000 rupe hai.",39,,600000.0,daily wage worker,West Bengal,,FALSE
T0539,"Hi, I am 20 years old student from Uttar Pradesh. My family income is 120000 and I am differently abled.",20,,120000.0,farmer,Uttar Pradesh,,TRUE
T0540,"Mera naam Ramesh hai, main Tamil Nadu ka rehne wala hu. Main General category se ek mahila hu aur street vendor hu. Aamdani 0 per year hai.",29,Female,0.0,street vendor,Tamil Nadu,General,FALSE
T0541,"Namaste, main 52 varsh ka daily wage worker hu Karnataka se. Meri income 45000 rupaye hai, aur main General varg se hoon. Main divyang hu.",52,,45000.0,daily wage worker,Karnataka,General,TRUE
T0542,"Main Uttar Pradesh se ek farmer hu, meri umar 23 saal hai aur saalana kamai 600000 rupe hai.",23,,600000.0,farmer,Uttar Pradesh,,FALSE
T0543,"Hi, I am 55 years old student from Uttar Pradesh. My family income is 80000 and I am differently abled.",55,,80000.0,rehri wala,Uttar Pradesh,,TRUE
T0544,"Namaste, main 57 varsh ka farmer hu Madhya Pradesh se. Meri income 45000 rupaye hai, aur main General varg se hoon. Main divyang hu.",57,,45000.0,farmer,Madhya Pradesh,General,TRUE
T0545,I am a 62 year old female weaver living in West Bengal. My annual household income is 45000 rupees.,62,Female,45000.0,weaver,West Bengal,,FALSE
T0546,"Main Uttar Pradesh se ek kisan hu, meri umar 22 saal hai aur saalana kamai 200000 rupe hai.",22,,200000.0,kisan,Uttar Pradesh,,FALSE
T0547,"Mera naam Ramesh hai, main Madhya Pradesh ka rehne wala hu. Main OBC category se ek purush hu aur street vendor hu. Aamdani 45000 per year hai.",35,Male,45000.0,street vendor,Madhya Pradesh,OBC,FALSE
T0548,I am a 19 year old female student living in Maharashtra. My annual household income is 45000 rupees.,19,Female,45000.0,student,Maharashtra,,FALSE
T0549,"Namaste, main 28 varsh ka chhatra hu Rajasthan se. Meri income 45000 rupaye hai, aur main SC varg se hoon. Main divyang hu.",28,,45000.0,chhatra,Rajasthan,SC,TRUE
T0550,I am a 27 year old female farmer living in West Bengal. My annual household income is 200000 rupees.,27,Female,200000.0,farmer,West Bengal,,FALSE
T0551,"I belong to SC category from Tamil Nadu. Age is 54, profession is bunkar, income around 200000.",54,,200000.0,bunkar,Tamil Nadu,SC,FALSE
T0552,"Namaste, main 46 varsh ka bunkar hu Maharashtra se. Meri income 0 rupaye hai, aur main General varg se hoon. Main divyang hu.",46,,0.0,bunkar,Maharashtra,General,TRUE
T0553,"Mera naam Ramesh hai, main Uttar Pradesh ka rehne wala hu. Main SC category se ek mahila hu aur labour hu. Aamdani 200000 per year hai.",41,Female,200000.0,labour,Uttar Pradesh,SC,FALSE
T0554,"Hi, I am 39 years old student from Rajasthan. My family income is 120000 and I am differently abled.",39,,120000.0,berojgar,Rajasthan,,TRUE
T0555,"Namaste, main 34 varsh ka kisan hu Uttar Pradesh se. Meri income 350000 rupaye hai, aur main ST varg se hoon. Main divyang hu.",34,,350000.0,kisan,Uttar Pradesh,ST,TRUE
T0556,"Mera naam Ramesh hai, main Bihar ka rehne wala hu. Main OBC category se ek mahila hu aur student hu. Aamdani 45000 per year hai.",57,Female,45000.0,student,Bihar,OBC,FALSE
T0557,"I belong to OBC category from Karnataka. Age is 53, profession is chhatra, income around 45000.",53,,45000.0,chhatra,Karnataka,OBC,FALSE
T0558,"Main Rajasthan se ek chhatra hu, meri umar 31 saal hai aur saalana kamai 600000 rupe hai.",31,,600000.0,chhatra,Rajasthan,,FALSE
T0559,"Main Maharashtra se ek daily wage worker hu, meri umar 36 saal hai aur saalana kamai 80000 rupe hai.",36,,80000.0,daily wage worker,Maharashtra,,FALSE
T0560,"I belong to ST category from Bihar. Age is 28, profession is kisan, income around 200000.",28,,200000.0,kisan,Bihar,ST,FALSE
T0561,"Hi, I am 34 years old student from Uttar Pradesh. My family income is 80000 and I am differently abled.",34,,80000.0,artisan,Uttar Pradesh,,TRUE
T0562,"I belong to ST category from Rajasthan. Age is 55, profession is rehri wala, income around 350000.",55,,350000.0,rehri wala,Rajasthan,ST,FALSE
T0563,"Namaste, main 36 varsh ka farmer hu West Bengal se. Meri income 45000 rupaye hai, aur main SC varg se hoon. Main divyang hu.",36,,45000.0,farmer,West Bengal,SC,TRUE
T0564,"Namaste, main 48 varsh ka bunkar hu Tamil Nadu se. Meri income 350000 rupaye hai, aur main SC varg se hoon. Main divyang hu.",48,,350000.0,bunkar,Tamil Nadu,SC,TRUE
T0565,I am a 25 year old female berojgar living in West Bengal. My annual household income is 45000 rupees.,25,Female,45000.0,berojgar,West Bengal,,FALSE
T0566,"Main Tamil Nadu se ek mazdoor hu, meri umar 37 saal hai aur saalana kamai 200000 rupe hai.",37,,200000.0,mazdoor,Tamil Nadu,,FALSE
T0567,"Hi, I am 46 years old student from Tamil Nadu. My family income is 0 and I am differently abled.",46,,0.0,kisan,Tamil Nadu,,TRUE
T0568,"Namaste, main 30 varsh ka mazdoor hu Tamil Nadu se. Meri income 200000 rupaye hai, aur main SC varg se hoon. Main divyang hu.",30,,200000.0,mazdoor,Tamil Nadu,SC,TRUE
T0569,"Namaste, main 30 varsh ka weaver hu Madhya Pradesh se. Meri income 200000 rupaye hai, aur main SC varg se hoon. Main divyang hu.",30,,200000.0,weaver,Madhya Pradesh,SC,TRUE
T0570,"Namaste, main 28 varsh ka artisan hu Karnataka se. Meri income 120000 rupaye hai, aur main SC varg se hoon. Main divyang hu.",28,,120000.0,artisan,Karnataka,SC,TRUE
T0571,"I belong to General category from Bihar. Age is 60, profession is chhatra, income around 0.",60,,0.0,chhatra,Bihar,General,FALSE
T0572,"Hi, I am 40 years old student from Madhya Pradesh. My family income is 45000 and I am differently abled.",40,,45000.0,labour,Madhya Pradesh,,TRUE
T0573,I am a 44 year old female unemployed living in Madhya Pradesh. My annual household income is 0 rupees.,44,Female,0.0,unemployed,Madhya Pradesh,,FALSE
T0574,"I belong to SC category from West Bengal. Age is 22, profession is artisan, income around 350000.",22,,350000.0,artisan,West Bengal,SC,FALSE
T0575,"I belong to OBC category from Uttar Pradesh. Age is 53, profession is rehri wala, income around 0.",53,,0.0,rehri wala,Uttar Pradesh,OBC,FALSE
T0576,I am a 39 year old female berojgar living in Rajasthan. My annual household income is 80000 rupees.,39,Female,80000.0,berojgar,Rajasthan,,FALSE
T0577,"I belong to SC category from Maharashtra. Age is 28, profession is kisan, income around 200000.",28,,200000.0,kisan,Maharashtra,SC,FALSE
T0578,"Main Madhya Pradesh se ek mazdoor hu, meri umar 35 saal hai aur saalana kamai 350000 rupe hai.",35,,350000.0,mazdoor,Madhya Pradesh,,FALSE
T0579,"Main Madhya Pradesh se ek mazdoor hu, meri umar 60 saal hai aur saalana kamai 0 rupe hai.",60,,0.0,mazdoor,Madhya Pradesh,,FALSE
T0580,"I belong to SC category from Rajasthan. Age is 38, profession is student, income around 80000.",38,,80000.0,student,Rajasthan,SC,FALSE
T0581,"Namaste, main 24 varsh ka chhatra hu Maharashtra se. Meri income 80000 rupaye hai, aur main ST varg se hoon. Main divyang hu.",24,,80000.0,chhatra,Maharashtra,ST,TRUE
T0582,I am a 59 year old female student living in Bihar. My annual household income is 600000 rupees.,59,Female,600000.0,student,Bihar,,FALSE
T0583,I am a 58 year old female bunkar living in West Bengal. My annual household income is 600000 rupees.,58,Female,600000.0,bunkar,West Bengal,,FALSE
T0584,"Main Rajasthan se ek bunkar hu, meri umar 24 saal hai aur saalana kamai 200000 rupe hai.",24,,200000.0,bunkar,Rajasthan,,FALSE
T0585,"Hi, I am 65 years old student from Uttar Pradesh. My family income is 200000 and I am differently abled.",65,,200000.0,farmer,Uttar Pradesh,,TRUE
T0586,"Main Tamil Nadu se ek artisan hu, meri umar 65 saal hai aur saalana kamai 120000 rupe hai.",65,,120000.0,artisan,Tamil Nadu,,FALSE
T0587,"Namaste, main 59 varsh ka bunkar hu Uttar Pradesh se. Meri income 45000 rupaye hai, aur main General varg se hoon. Main divyang hu.",59,,45000.0,bunkar,Uttar Pradesh,General,TRUE
T0588,I am a 18 year old female berojgar living in Madhya Pradesh. My annual household income is 600000 rupees.,18,Female,600000.0,berojgar,Madhya Pradesh,,FALSE
T0589,"Mera naam Ramesh hai, main Uttar Pradesh ka rehne wala hu. Main General category se ek purush hu aur mazdoor hu. Aamdani 45000 per year hai.",26,Male,45000.0,mazdoor,Uttar Pradesh,General,FALSE
T0590,"Namaste, main 55 varsh ka artisan hu Maharashtra se. Meri income 600000 rupaye hai, aur main ST varg se hoon. Main divyang hu.",55,,600000.0,artisan,Maharashtra,ST,TRUE
T0591,"Mera naam Ramesh hai, main Maharashtra ka rehne wala hu. Main ST category se ek mahila hu aur daily wage worker hu. Aamdani 0 per year hai.",43,Female,0.0,daily wage worker,Maharashtra,ST,FALSE
T0592,"Main Tamil Nadu se ek weaver hu, meri umar 31 saal hai aur saalana kamai 45000 rupe hai.",31,,45000.0,weaver,Tamil Nadu,,FALSE
T0593,"Hi, I am 21 years old student from Uttar Pradesh. My family income is 200000 and I am differently abled.",21,,200000.0,berojgar,Uttar Pradesh,,TRUE
T0594,"Mera naam Ramesh hai, main Rajasthan ka rehne wala hu. Main SC category se ek mahila hu aur mazdoor hu. Aamdani 120000 per year hai.",27,Female,120000.0,mazdoor,Rajasthan,SC,FALSE
T0595,"Namaste, main 35 varsh ka mazdoor hu Madhya Pradesh se. Meri income 0 rupaye hai, aur main ST varg se hoon. Main divyang hu.",35,,0.0,mazdoor,Madhya Pradesh,ST,TRUE
T0596,I am a 31 year old male student living in Rajasthan. My annual household income is 45000 rupees.,31,Male,45000.0,student,Rajasthan,,FALSE
T0597,"Main Madhya Pradesh se ek unemployed hu, meri umar 56 saal hai aur saalana kamai 45000 rupe hai.",56,,45000.0,unemployed,Madhya Pradesh,,FALSE
T0598,"Main Maharashtra se ek daily wage worker hu, meri umar 22 saal hai aur saalana kamai 350000 rupe hai.",22,,350000.0,daily wage worker,Maharashtra,,FALSE
T0599,"Main Bihar se ek unemployed hu, meri umar 31 saal hai aur saalana kamai 45000 rupe hai.",31,,45000.0,unemployed,Bihar,,FALSE
T0600,"I belong to SC category from Madhya Pradesh. Age is 23, profession is artisan, income around 0.",23,,0.0,artisan,Madhya Pradesh,SC,FALSE
T0601,"I belong to ST category from Maharashtra. Age is 51, profession is unemployed, income around 0.",51,,0.0,unemployed,Maharashtra,ST,FALSE
T0602,"I belong to General category from Maharashtra. Age is 37, profession is farmer, income around 120000.",37,,120000.0,farmer,Maharashtra,General,FALSE
T0603,I am a 38 year old female berojgar living in West Bengal. My annual household income is 0 rupees.,38,Female,0.0,berojgar,West Bengal,,FALSE
T0604,"Namaste, main 53 varsh ka daily wage worker hu Uttar Pradesh se. Meri income 120000 rupaye hai, aur main SC varg se hoon. Main divyang hu.",53,,120000.0,daily wage worker,Uttar Pradesh,SC,TRUE
T0605,"Mera naam Ramesh hai, main West Bengal ka rehne wala hu. Main ST category se ek mahila hu aur chhatra hu. Aamdani 120000 per year hai.",20,Female,120000.0,chhatra,West Bengal,ST,FALSE
T0606,"I belong to SC category from Rajasthan. Age is 48, profession is student, income around 0.",48,,0.0,student,Rajasthan,SC,FALSE
T0607,"Namaste, main 54 varsh ka chhatra hu Maharashtra se. Meri income 45000 rupaye hai, aur main SC varg se hoon. Main divyang hu.",54,,45000.0,chhatra,Maharashtra,SC,TRUE
T0608,"Hi, I am 47 years old student from Maharashtra. My family income is 45000 and I am differently abled.",47,,45000.0,student,Maharashtra,,TRUE
T0609,"I belong to ST category from Karnataka. Age is 24, profession is weaver, income around 600000.",24,,600000.0,weaver,Karnataka,ST,FALSE
T0610,"Hi, I am 47 years old student from Madhya Pradesh. My family income is 200000 and I am differently abled.",47,,200000.0,mazdoor,Madhya Pradesh,,TRUE
T0611,"Hi, I am 37 years old student from Karnataka. My family income is 200000 and I am differently abled.",37,,200000.0,rehri wala,Karnataka,,TRUE
T0612,"Hi, I am 30 years old student from Uttar Pradesh. My family income is 0 and I am differently abled.",30,,0.0,kisan,Uttar Pradesh,,TRUE
T0613,I am a 43 year old male bunkar living in Bihar. My annual household income is 200000 rupees.,43,Male,200000.0,bunkar,Bihar,,FALSE
T0614,"Namaste, main 37 varsh ka unemployed hu Maharashtra se. Meri income 600000 rupaye hai, aur main OBC varg se hoon. Main divyang hu.",37,,600000.0,unemployed,Maharashtra,OBC,TRUE
T0615,"I belong to OBC category from West Bengal. Age is 41, profession is unemployed, income around 45000.",41,,45000.0,unemployed,West Bengal,OBC,FALSE
T0616,"I belong to ST category from Bihar. Age is 53, profession is kisan, income around 200000.",53,,200000.0,kisan,Bihar,ST,FALSE
T0617,"Main Tamil Nadu se ek bunkar hu, meri umar 57 saal hai aur saalana kamai 600000 rupe hai.",57,,600000.0,bunkar,Tamil Nadu,,FALSE
T0618,"I belong to ST category from Bihar. Age is 64, profession is artisan, income around 200000.",64,,200000.0,artisan,Bihar,ST,FALSE
T0619,"Mera naam Ramesh hai, main Tamil Nadu ka rehne wala hu. Main OBC category se ek purush hu aur unemployed hu. Aamdani 350000 per year hai.",40,Male,350000.0,unemployed,Tamil Nadu,OBC,FALSE
T0620,"Main Madhya Pradesh se ek daily wage worker hu, meri umar 37 saal hai aur saalana kamai 45000 rupe hai.",37,,45000.0,daily wage worker,Madhya Pradesh,,FALSE
T0621,"Namaste, main 22 varsh ka labour hu Tamil Nadu se. Meri income 350000 rupaye hai, aur main SC varg se hoon. Main divyang hu.",22,,350000.0,labour,Tamil Nadu,SC,TRUE
T0622,"I belong to ST category from Uttar Pradesh. Age is 55, profession is berojgar, income around 0.",55,,0.0,berojgar,Uttar Pradesh,ST,FALSE
T0623,I am a 30 year old female berojgar living in Maharashtra. My annual household income is 45000 rupees.,30,Female,45000.0,berojgar,Maharashtra,,FALSE
T0624,"Main Maharashtra se ek rehri wala hu, meri umar 50 saal hai aur saalana kamai 45000 rupe hai.",50,,45000.0,rehri wala,Maharashtra,,FALSE
T0625,"Main Karnataka se ek mazdoor hu, meri umar 36 saal hai aur saalana kamai 45000 rupe hai.",36,,45000.0,mazdoor,Karnataka,,FALSE
T0626,"I belong to ST category from Karnataka. Age is 64, profession is daily wage worker, income around 45000.",64,,45000.0,daily wage worker,Karnataka,ST,FALSE
T0627,"Main Rajasthan se ek student hu, meri umar 45 saal hai aur saalana kamai 80000 rupe hai.",45,,80000.0,student,Rajasthan,,FALSE
T0628,I am a 46 year old female unemployed living in Karnataka. My annual household income is 80000 rupees.,46,Female,80000.0,unemployed,Karnataka,,FALSE
T0629,I am a 18 year old male labour living in Uttar Pradesh. My annual household income is 80000 rupees.,18,Male,80000.0,labour,Uttar Pradesh,,FALSE
T0630,"I belong to General category from Rajasthan. Age is 47, profession is weaver, income around 120000.",47,,120000.0,weaver,Rajasthan,General,FALSE
T0631,I am a 43 year old male artisan living in Maharashtra. My annual household income is 0 rupees.,43,Male,0.0,artisan,Maharashtra,,FALSE
T0632,"I belong to ST category from Bihar. Age is 32, profession is artisan, income around 45000.",32,,45000.0,artisan,Bihar,ST,FALSE
T0633,"I belong to OBC category from Maharashtra. Age is 18, profession is kisan, income around 120000.",18,,120000.0,kisan,Maharashtra,OBC,FALSE
T0634,I am a 28 year old male farmer living in Tamil Nadu. My annual household income is 120000 rupees.,28,Male,120000.0,farmer,Tamil Nadu,,FALSE
T0635,I am a 46 year old male artisan living in West Bengal. My annual household income is 45000 rupees.,46,Male,45000.0,artisan,West Bengal,,FALSE
T0636,I am a 28 year old male rehri wala living in Tamil Nadu. My annual household income is 80000 rupees.,28,Male,80000.0,rehri wala,Tamil Nadu,,FALSE
T0637,"Mera naam Ramesh hai, main Tamil Nadu ka rehne wala hu. Main SC category se ek purush hu aur weaver hu. Aamdani 80000 per year hai.",18,Male,80000.0,weaver,Tamil Nadu,SC,FALSE
T0638,"Namaste, main 40 varsh ka street vendor hu Bihar se. Meri income 0 rupaye hai, aur main General varg se hoon. Main divyang hu.",40,,0.0,street vendor,Bihar,General,TRUE
T0639,"I belong to ST category from West Bengal. Age is 55, profession is labour, income around 80000.",55,,80000.0,labour,West Bengal,ST,FALSE
T0640,I am a 34 year old male unemployed living in Madhya Pradesh. My annual household income is 600000 rupees.,34,Male,600000.0,unemployed,Madhya Pradesh,,FALSE
T0641,"I belong to General category from West Bengal. Age is 20, profession is chhatra, income around 80000.",20,,80000.0,chhatra,West Bengal,General,FALSE
T0642,"Mera naam Ramesh hai, main Karnataka ka rehne wala hu. Main SC category se ek mahila hu aur weaver hu. Aamdani 600000 per year hai.",51,Female,600000.0,weaver,Karnataka,SC,FALSE
T0643,I am a 52 year old female kisan living in Karnataka. My annual household income is 0 rupees.,52,Female,0.0,kisan,Karnataka,,FALSE
T0644,"Hi, I am 45 years old student from Madhya Pradesh. My family income is 0 and I am differently abled.",45,,0.0,student,Madhya Pradesh,,TRUE
T0645,"Mera naam Ramesh hai, main Madhya Pradesh ka rehne wala hu. Main OBC category se ek purush hu aur mazdoor hu. Aamdani 200000 per year hai.",19,Male,200000.0,mazdoor,Madhya Pradesh,OBC,FALSE
T0646,"Hi, I am 27 years old student from Uttar Pradesh. My family income is 200000 and I am differently abled.",27,,200000.0,unemployed,Uttar Pradesh,,TRUE
T0647,"Hi, I am 34 years old student from Madhya Pradesh. My family income is 350000 and I am differently abled.",34,,350000.0,rehri wala,Madhya Pradesh,,TRUE
T0648,"I belong to SC category from Tamil Nadu. Age is 61, profession is kisan, income around 600000.",61,,600000.0,kisan,Tamil Nadu,SC,FALSE
T0649,"Mera naam Ramesh hai, main Tamil Nadu ka rehne wala hu. Main SC category se ek purush hu aur student hu. Aamdani 0 per year hai.",48,Male,0.0,student,Tamil Nadu,SC,FALSE
T0650,"Hi, I am 40 years old student from Madhya Pradesh. My family income is 200000 and I am differently abled.",40,,200000.0,unemployed,Madhya Pradesh,,TRUE
T0651,"Hi, I am 52 years old student from Madhya Pradesh. My family income is 600000 and I am differently abled.",52,,600000.0,street vendor,Madhya Pradesh,,TRUE
T0652,"Namaste, main 23 varsh ka mazdoor hu West Bengal se. Meri income 600000 rupaye hai, aur main ST varg se hoon. Main divyang hu.",23,,600000.0,mazdoor,West Bengal,ST,TRUE
T0653,"Hi, I am 37 years old student from Tamil Nadu. My family income is 120000 and I am differently abled.",37,,120000.0,berojgar,Tamil Nadu,,TRUE
T0654,"Mera naam Ramesh hai, main Maharashtra ka rehne wala hu. Main OBC category se ek purush hu aur labour hu. Aamdani 200000 per year hai.",33,Male,200000.0,labour,Maharashtra,OBC,FALSE
T0655,"Mera naam Ramesh hai, main Uttar Pradesh ka rehne wala hu. Main General category se ek mahila hu aur unemployed hu. Aamdani 600000 per year hai.",59,Female,600000.0,unemployed,Uttar Pradesh,General,FALSE
T0656,I am a 61 year old male student living in Maharashtra. My annual household income is 120000 rupees.,61,Male,120000.0,student,Maharashtra,,FALSE
T0657,I am a 19 year old female rehri wala living in Tamil Nadu. My annual household income is 120000 rupees.,19,Female,120000.0,rehri wala,Tamil Nadu,,FALSE
T0658,"I belong to OBC category from Uttar Pradesh. Age is 35, profession is rehri wala, income around 45000.",35,,45000.0,rehri wala,Uttar Pradesh,OBC,FALSE
T0659,"Main Rajasthan se ek rehri wala hu, meri umar 30 saal hai aur saalana kamai 80000 rupe hai.",30,,80000.0,rehri wala,Rajasthan,,FALSE
T0660,"Namaste, main 54 varsh ka rehri wala hu Tamil Nadu se. Meri income 350000 rupaye hai, aur main ST varg se hoon. Main divyang hu.",54,,350000.0,rehri wala,Tamil Nadu,ST,TRUE
T0661,"Mera naam Ramesh hai, main Bihar ka rehne wala hu. Main OBC category se ek purush hu aur berojgar hu. Aamdani 80000 per year hai.",53,Male,80000.0,berojgar,Bihar,OBC,FALSE
T0662,"Main Uttar Pradesh se ek daily wage worker hu, meri umar 50 saal hai aur saalana kamai 600000 rupe hai.",50,,600000.0,daily wage worker,Uttar Pradesh,,FALSE
T0663,"Hi, I am 28 years old student from Maharashtra. My family income is 120000 and I am differently abled.",28,,120000.0,unemployed,Maharashtra,,TRUE
T0664,I am a 41 year old female weaver living in Rajasthan. My annual household income is 200000 rupees.,41,Female,200000.0,weaver,Rajasthan,,FALSE
T0665,"I belong to OBC category from Bihar. Age is 51, profession is artisan, income around 600000.",51,,600000.0,artisan,Bihar,OBC,FALSE
T0666,I am a 47 year old female student living in West Bengal. My annual household income is 45000 rupees.,47,Female,45000.0,student,West Bengal,,FALSE
T0667,"I belong to ST category from Karnataka. Age is 32, profession is farmer, income around 600000.",32,,600000.0,farmer,Karnataka,ST,FALSE
T0668,"Main West Bengal se ek mazdoor hu, meri umar 51 saal hai aur saalana kamai 120000 rupe hai.",51,,120000.0,mazdoor,West Bengal,,FALSE
T0669,"I belong to ST category from Uttar Pradesh. Age is 58, profession is chhatra, income around 600000.",58,,600000.0,chhatra,Uttar Pradesh,ST,FALSE
T0670,"I belong to ST category from Karnataka. Age is 53, profession is student, income around 350000.",53,,350000.0,student,Karnataka,ST,FALSE
T0671,"I belong to OBC category from Bihar. Age is 56, profession is labour, income around 350000.",56,,350000.0,labour,Bihar,OBC,FALSE
T0672,"Mera naam Ramesh hai, main Tamil Nadu ka rehne wala hu. Main SC category se ek purush hu aur labour hu. Aamdani 200000 per year hai.",37,Male,200000.0,labour,Tamil Nadu,SC,FALSE
T0673,"Main Bihar se ek street vendor hu, meri umar 40 saal hai aur saalana kamai 200000 rupe hai.",40,,200000.0,street vendor,Bihar,,FALSE
T0674,"Mera naam Ramesh hai, main Maharashtra ka rehne wala hu. Main OBC category se ek purush hu aur mazdoor hu. Aamdani 120000 per year hai.",41,Male,120000.0,mazdoor,Maharashtra,OBC,FALSE
T0675,"Hi, I am 60 years old student from Maharashtra. My family income is 600000 and I am differently abled.",60,,600000.0,berojgar,Maharashtra,,TRUE
T0676,I am a 52 year old male berojgar living in Madhya Pradesh. My annual household income is 200000 rupees.,52,Male,200000.0,berojgar,Madhya Pradesh,,FALSE
T0677,"Main Karnataka se ek chhatra hu, meri umar 36 saal hai aur saalana kamai 120000 rupe hai.",36,,120000.0,chhatra,Karnataka,,FALSE
T0678,"Mera naam Ramesh hai, main West Bengal ka rehne wala hu. Main OBC category se ek mahila hu aur daily wage worker hu. Aamdani 200000 per year hai.",65,Female,200000.0,daily wage worker,West Bengal,OBC,FALSE
T0679,"Namaste, main 37 varsh ka student hu Uttar Pradesh se. Meri income 350000 rupaye hai, aur main General varg se hoon. Main divyang hu.",37,,350000.0,student,Uttar Pradesh,General,TRUE
T0680,"I belong to General category from West Bengal. Age is 54, profession is farmer, income around 80000.",54,,80000.0,farmer,West Bengal,General,FALSE
T0681,"Main Tamil Nadu se ek student hu, meri umar 38 saal hai aur saalana kamai 45000 rupe hai.",38,,45000.0,student,Tamil Nadu,,FALSE
T0682,"Hi, I am 32 years old student from Uttar Pradesh. My family income is 45000 and I am differently abled.",32,,45000.0,bunkar,Uttar Pradesh,,TRUE
T0683,"Main Madhya Pradesh se ek unemployed hu, meri umar 25 saal hai aur saalana kamai 0 rupe hai.",25,,0.0,unemployed,Madhya Pradesh,,FALSE
T0684,I am a 61 year old male labour living in Tamil Nadu. My annual household income is 80000 rupees.,61,Male,80000.0,labour,Tamil Nadu,,FALSE
T0685,"Hi, I am 20 years old student from Bihar. My family income is 80000 and I am differently abled.",20,,80000.0,street vendor,Bihar,,TRUE
T0686,"Main Madhya Pradesh se ek berojgar hu, meri umar 39 saal hai aur saalana kamai 80000 rupe hai.",39,,80000.0,berojgar,Madhya Pradesh,,FALSE
T0687,"Namaste, main 43 varsh ka student hu Karnataka se. Meri income 45000 rupaye hai, aur main SC varg se hoon. Main divyang hu.",43,,45000.0,student,Karnataka,SC,TRUE
T0688,"Namaste, main 28 varsh ka student hu Tamil Nadu se. Meri income 120000 rupaye hai, aur main General varg se hoon. Main divyang hu.",28,,120000.0,student,Tamil Nadu,General,TRUE
T0689,"Hi, I am 46 years old student from Uttar Pradesh. My family income is 0 and I am differently abled.",46,,0.0,labour,Uttar Pradesh,,TRUE
T0690,"Hi, I am 55 years old student from Maharashtra. My family income is 45000 and I am differently abled.",55,,45000.0,bunkar,Maharashtra,,TRUE
T0691,"Hi, I am 26 years old student from Karnataka. My family income is 600000 and I am differently abled.",26,,600000.0,unemployed,Karnataka,,TRUE
T0692,"I belong to SC category from Karnataka. Age is 32, profession is chhatra, income around 200000.",32,,200000.0,chhatra,Karnataka,SC,FALSE
T0693,"Main Madhya Pradesh se ek labour hu, meri umar 37 saal hai aur saalana kamai 200000 rupe hai.",37,,200000.0,labour,Madhya Pradesh,,FALSE
T0694,"Main West Bengal se ek chhatra hu, meri umar 43 saal hai aur saalana kamai 45000 rupe hai.",43,,45000.0,chhatra,West Bengal,,FALSE
T0695,"Hi, I am 32 years old student from Uttar Pradesh. My family income is 350000 and I am differently abled.",32,,350000.0,chhatra,Uttar Pradesh,,TRUE
T0696,"Mera naam Ramesh hai, main Rajasthan ka rehne wala hu. Main OBC category se ek mahila hu aur bunkar hu. Aamdani 120000 per year hai.",64,Female,120000.0,bunkar,Rajasthan,OBC,FALSE
T0697,I am a 37 year old female mazdoor living in Uttar Pradesh. My annual household income is 45000 rupees.,37,Female,45000.0,mazdoor,Uttar Pradesh,,FALSE
T0698,I am a 43 year old female labour living in West Bengal. My annual household income is 45000 rupees.,43,Female,45000.0,labour,West Bengal,,FALSE
T0699,"I belong to OBC category from Madhya Pradesh. Age is 54, profession is student, income around 0.",54,,0.0,student,Madhya Pradesh,OBC,FALSE
T0700,I am a 60 year old male unemployed living in Tamil Nadu. My annual household income is 200000 rupees.,60,Male,200000.0,unemployed,Tamil Nadu,,FALSE
T0701,"Mera naam Ramesh hai, main Bihar ka rehne wala hu. Main SC category se ek mahila hu aur daily wage worker hu. Aamdani 120000 per year hai.",33,Female,120000.0,daily wage worker,Bihar,SC,FALSE
T0702,"Mera naam Ramesh hai, main Maharashtra ka rehne wala hu. Main SC category se ek purush hu aur chhatra hu. Aamdani 45000 per year hai.",35,Male,45000.0,chhatra,Maharashtra,SC,FALSE
T0703,"Hi, I am 23 years old student from Madhya Pradesh. My family income is 350000 and I am differently abled.",23,,350000.0,rehri wala,Madhya Pradesh,,TRUE
T0704,"Mera naam Ramesh hai, main Rajasthan ka rehne wala hu. Main ST category se ek mahila hu aur bunkar hu. Aamdani 200000 per year hai.",50,Female,200000.0,bunkar,Rajasthan,ST,FALSE
T0705,"Hi, I am 21 years old student from Maharashtra. My family income is 45000 and I am differently abled.",21,,45000.0,student,Maharashtra,,TRUE
T0706,"Mera naam Ramesh hai, main Madhya Pradesh ka rehne wala hu. Main General category se ek purush hu aur chhatra hu. Aamdani 45000 per year hai.",43,Male,45000.0,chhatra,Madhya Pradesh,General,FALSE
T0707,"Mera naam Ramesh hai, main Karnataka ka rehne wala hu. Main ST category se ek purush hu aur daily wage worker hu. Aamdani 120000 per year hai.",62,Male,120000.0,daily wage worker,Karnataka,ST,FALSE
T0708,"Mera naam Ramesh hai, main Tamil Nadu ka rehne wala hu. Main General category se ek mahila hu aur berojgar hu. Aamdani 0 per year hai.",44,Female,0.0,berojgar,Tamil Nadu,General,FALSE
T0709,"Hi, I am 37 years old student from Bihar. My family income is 600000 and I am differently abled.",37,,600000.0,street vendor,Bihar,,TRUE
T0710,"I belong to ST category from Maharashtra. Age is 40, profession is berojgar, income around 200000.",40,,200000.0,berojgar,Maharashtra,ST,FALSE
T0711,"Hi, I am 65 years old student from Tamil Nadu. My family income is 120000 and I am differently abled.",65,,120000.0,student,Tamil Nadu,,TRUE
T0712,I am a 50 year old male labour living in Tamil Nadu. My annual household income is 200000 rupees.,50,Male,200000.0,labour,Tamil Nadu,,FALSE
T0713,I am a 39 year old male mazdoor living in Tamil Nadu. My annual household income is 350000 rupees.,39,Male,350000.0,mazdoor,Tamil Nadu,,FALSE
T0714,"Mera naam Ramesh hai, main West Bengal ka rehne wala hu. Main ST category se ek purush hu aur chhatra hu. Aamdani 600000 per year hai.",34,Male,600000.0,chhatra,West Bengal,ST,FALSE
T0715,"I belong to SC category from Tamil Nadu. Age is 18, profession is farmer, income around 0.",18,,0.0,farmer,Tamil Nadu,SC,FALSE
T0716,"Namaste, main 51 varsh ka mazdoor hu Madhya Pradesh se. Meri income 0 rupaye hai, aur main OBC varg se hoon. Main divyang hu.",51,,0.0,mazdoor,Madhya Pradesh,OBC,TRUE
T0717,"Main Madhya Pradesh se ek labour hu, meri umar 41 saal hai aur saalana kamai 0 rupe hai.",41,,0.0,labour,Madhya Pradesh,,FALSE
T0718,"Mera naam Ramesh hai, main West Bengal ka rehne wala hu. Main ST category se ek purush hu aur bunkar hu. Aamdani 80000 per year hai.",61,Male,80000.0,bunkar,West Bengal,ST,FALSE
T0719,"I belong to SC category from Karnataka. Age is 56, profession is berojgar, income around 350000.",56,,350000.0,berojgar,Karnataka,SC,FALSE
T0720,"I belong to SC category from Rajasthan. Age is 63, profession is unemployed, income around 45000.",63,,45000.0,unemployed,Rajasthan,SC,FALSE
T0721,I am a 50 year old male farmer living in Bihar. My annual household income is 120000 rupees.,50,Male,120000.0,farmer,Bihar,,FALSE
T0722,"Namaste, main 62 varsh ka farmer hu Madhya Pradesh se. Meri income 0 rupaye hai, aur main OBC varg se hoon. Main divyang hu.",62,,0.0,farmer,Madhya Pradesh,OBC,TRUE
T0723,"Namaste, main 62 varsh ka rehri wala hu Rajasthan se. Meri income 80000 rupaye hai, aur main SC varg se hoon. Main divyang hu.",62,,80000.0,rehri wala,Rajasthan,SC,TRUE
T0724,I am a 62 year old male daily wage worker living in West Bengal. My annual household income is 350000 rupees.,62,Male,350000.0,daily wage worker,West Bengal,,FALSE
T0725,I am a 31 year old male kisan living in Karnataka. My annual household income is 600000 rupees.,31,Male,600000.0,kisan,Karnataka,,FALSE
T0726,I am a 43 year old female farmer living in Rajasthan. My annual household income is 600000 rupees.,43,Female,600000.0,farmer,Rajasthan,,FALSE
T0727,"Main Uttar Pradesh se ek labour hu, meri umar 33 saal hai aur saalana kamai 45000 rupe hai.",33,,45000.0,labour,Uttar Pradesh,,FALSE
T0728,"Mera naam Ramesh hai, main Karnataka ka rehne wala hu. Main ST category se ek purush hu aur unemployed hu. Aamdani 80000 per year hai.",48,Male,80000.0,unemployed,Karnataka,ST,FALSE
T0729,"Namaste, main 40 varsh ka street vendor hu Rajasthan se. Meri income 120000 rupaye hai, aur main General varg se hoon. Main divyang hu.",40,,120000.0,street vendor,Rajasthan,General,TRUE
T0730,"I belong to General category from Karnataka. Age is 32, profession is bunkar, income around 80000.",32,,80000.0,bunkar,Karnataka,General,FALSE
T0731,"Namaste, main 41 varsh ka daily wage worker hu Uttar Pradesh se. Meri income 45000 rupaye hai, aur main General varg se hoon. Main divyang hu.",41,,45000.0,daily wage worker,Uttar Pradesh,General,TRUE
T0732,"Mera naam Ramesh hai, main Bihar ka rehne wala hu. Main ST category se ek purush hu aur street vendor hu. Aamdani 350000 per year hai.",64,Male,350000.0,street vendor,Bihar,ST,FALSE
T0733,"Namaste, main 35 varsh ka daily wage worker hu West Bengal se. Meri income 0 rupaye hai, aur main ST varg se hoon. Main divyang hu.",35,,0.0,daily wage worker,West Bengal,ST,TRUE
T0734,I am a 20 year old male farmer living in Karnataka. My annual household income is 200000 rupees.,20,Male,200000.0,farmer,Karnataka,,FALSE
T0735,"Hi, I am 64 years old student from Rajasthan. My family income is 45000 and I am differently abled.",64,,45000.0,farmer,Rajasthan,,TRUE
T0736,"Namaste, main 29 varsh ka farmer hu Rajasthan se. Meri income 45000 rupaye hai, aur main ST varg se hoon. Main divyang hu.",29,,45000.0,farmer,Rajasthan,ST,TRUE
T0737,I am a 63 year old male kisan living in Bihar. My annual household income is 600000 rupees.,63,Male,600000.0,kisan,Bihar,,FALSE
T0738,"I belong to SC category from Rajasthan. Age is 63, profession is artisan, income around 80000.",63,,80000.0,artisan,Rajasthan,SC,FALSE
T0739,"Hi, I am 33 years old student from Uttar Pradesh. My family income is 600000 and I am differently abled.",33,,600000.0,berojgar,Uttar Pradesh,,TRUE
T0740,"Hi, I am 20 years old student from Maharashtra. My family income is 350000 and I am differently abled.",20,,350000.0,unemployed,Maharashtra,,TRUE
T0741,"Namaste, main 24 varsh ka student hu Tamil Nadu se. Meri income 200000 rupaye hai, aur main SC varg se hoon. Main divyang hu.",24,,200000.0,student,Tamil Nadu,SC,TRUE
T0742,"Namaste, main 50 varsh ka street vendor hu Karnataka se. Meri income 0 rupaye hai, aur main General varg se hoon. Main divyang hu.",50,,0.0,street vendor,Karnataka,General,TRUE
T0743,"Hi, I am 22 years old student from West Bengal. My family income is 45000 and I am differently abled.",22,,45000.0,bunkar,West Bengal,,TRUE
T0744,"I belong to General category from Rajasthan. Age is 64, profession is street vendor, income around 0.",64,,0.0,street vendor,Rajasthan,General,FALSE
T0745,I am a 32 year old female unemployed living in Rajasthan. My annual household income is 600000 rupees.,32,Female,600000.0,unemployed,Rajasthan,,FALSE
T0746,I am a 55 year old female street vendor living in Karnataka. My annual household income is 80000 rupees.,55,Female,80000.0,street vendor,Karnataka,,FALSE
T0747,"I belong to OBC category from Madhya Pradesh. Age is 61, profession is bunkar, income around 600000.",61,,600000.0,bunkar,Madhya Pradesh,OBC,FALSE
T0748,"Namaste, main 28 varsh ka rehri wala hu Maharashtra se. Meri income 600000 rupaye hai, aur main ST varg se hoon. Main divyang hu.",28,,600000.0,rehri wala,Maharashtra,ST,TRUE
T0749,"Mera naam Ramesh hai, main Maharashtra ka rehne wala hu. Main General category se ek purush hu aur berojgar hu. Aamdani 350000 per year hai.",56,Male,350000.0,berojgar,Maharashtra,General,FALSE
T0750,"Mera naam Ramesh hai, main Bihar ka rehne wala hu. Main OBC category se ek purush hu aur artisan hu. Aamdani 600000 per year hai.",51,Male,600000.0,artisan,Bihar,OBC,FALSE
T0751,"Main Rajasthan se ek street vendor hu, meri umar 46 saal hai aur saalana kamai 80000 rupe hai.",46,,80000.0,street vendor,Rajasthan,,FALSE
T0752,"Mera naam Ramesh hai, main Tamil Nadu ka rehne wala hu. Main OBC category se ek mahila hu aur rehri wala hu. Aamdani 120000 per year hai.",55,Female,120000.0,rehri wala,Tamil Nadu,OBC,FALSE
T0753,"I belong to ST category from Karnataka. Age is 57, profession is student, income around 80000.",57,,80000.0,student,Karnataka,ST,FALSE
T0754,"I belong to OBC category from Rajasthan. Age is 45, profession is weaver, income around 80000.",45,,80000.0,weaver,Rajasthan,OBC,FALSE
T0755,"Mera naam Ramesh hai, main Tamil Nadu ka rehne wala hu. Main General category se ek mahila hu aur bunkar hu. Aamdani 80000 per year hai.",65,Female,80000.0,bunkar,Tamil Nadu,General,FALSE
T0756,"Namaste, main 18 varsh ka chhatra hu Rajasthan se. Meri income 350000 rupaye hai, aur main SC varg se hoon. Main divyang hu.",18,,350000.0,chhatra,Rajasthan,SC,TRUE
T0757,"Namaste, main 37 varsh ka berojgar hu Rajasthan se. Meri income 120000 rupaye hai, aur main SC varg se hoon. Main divyang hu.",37,,120000.0,berojgar,Rajasthan,SC,TRUE
T0758,"I belong to General category from Maharashtra. Age is 25, profession is farmer, income around 45000.",25,,45000.0,farmer,Maharashtra,General,FALSE
T0759,"Main Uttar Pradesh se ek kisan hu, meri umar 55 saal hai aur saalana kamai 350000 rupe hai.",55,,350000.0,kisan,Uttar Pradesh,,FALSE
T0760,I am a 62 year old female student living in Uttar Pradesh. My annual household income is 0 rupees.,62,Female,0.0,student,Uttar Pradesh,,FALSE
T0761,"Namaste, main 30 varsh ka student hu Rajasthan se. Meri income 120000 rupaye hai, aur main ST varg se hoon. Main divyang hu.",30,,120000.0,student,Rajasthan,ST,TRUE
T0762,"I belong to ST category from West Bengal. Age is 34, profession is labour, income around 45000.",34,,45000.0,labour,West Bengal,ST,FALSE
T0763,"I belong to OBC category from Rajasthan. Age is 49, profession is labour, income around 0.",49,,0.0,labour,Rajasthan,OBC,FALSE
T0764,I am a 28 year old male labour living in Karnataka. My annual household income is 600000 rupees.,28,Male,600000.0,labour,Karnataka,,FALSE
T0765,"Namaste, main 44 varsh ka kisan hu Maharashtra se. Meri income 600000 rupaye hai, aur main OBC varg se hoon. Main divyang hu.",44,,600000.0,kisan,Maharashtra,OBC,TRUE
T0766,"Mera naam Ramesh hai, main West Bengal ka rehne wala hu. Main ST category se ek mahila hu aur daily wage worker hu. Aamdani 120000 per year hai.",49,Female,120000.0,daily wage worker,West Bengal,ST,FALSE
T0767,"Main Madhya Pradesh se ek berojgar hu, meri umar 34 saal hai aur saalana kamai 120000 rupe hai.",34,,120000.0,berojgar,Madhya Pradesh,,FALSE
T0768,"I belong to General category from Tamil Nadu. Age is 21, profession is rehri wala, income around 80000.",21,,80000.0,rehri wala,Tamil Nadu,General,FALSE
T0769,"Main Tamil Nadu se ek student hu, meri umar 58 saal hai aur saalana kamai 200000 rupe hai.",58,,200000.0,student,Tamil Nadu,,FALSE
T0770,"I belong to ST category from Tamil Nadu. Age is 60, profession is weaver, income around 350000.",60,,350000.0,weaver,Tamil Nadu,ST,FALSE
T0771,"I belong to SC category from West Bengal. Age is 44, profession is labour, income around 45000.",44,,45000.0,labour,West Bengal,SC,FALSE
T0772,"Mera naam Ramesh hai, main Uttar Pradesh ka rehne wala hu. Main General category se ek purush hu aur kisan hu. Aamdani 350000 per year hai.",30,Male,350000.0,kisan,Uttar Pradesh,General,FALSE
T0773,"Hi, I am 31 years old student from Maharashtra. My family income is 600000 and I am differently abled.",31,,600000.0,kisan,Maharashtra,,TRUE
T0774,"Main Karnataka se ek daily wage worker hu, meri umar 48 saal hai aur saalana kamai 120000 rupe hai.",48,,120000.0,daily wage worker,Karnataka,,FALSE
T0775,"Mera naam Ramesh hai, main Madhya Pradesh ka rehne wala hu. Main OBC category se ek mahila hu aur artisan hu. Aamdani 120000 per year hai.",60,Female,120000.0,artisan,Madhya Pradesh,OBC,FALSE
T0776,"Hi, I am 36 years old student from Bihar. My family income is 600000 and I am differently abled.",36,,600000.0,mazdoor,Bihar,,TRUE
T0777,"Mera naam Ramesh hai, main Uttar Pradesh ka rehne wala hu. Main OBC category se ek purush hu aur daily wage worker hu. Aamdani 600000 per year hai.",25,Male,600000.0,daily wage worker,Uttar Pradesh,OBC,FALSE
T0778,"Hi, I am 55 years old student from Uttar Pradesh. My family income is 200000 and I am differently abled.",55,,200000.0,kisan,Uttar Pradesh,,TRUE
T0779,I am a 23 year old female berojgar living in Rajasthan. My annual household income is 120000 rupees.,23,Female,120000.0,berojgar,Rajasthan,,FALSE
T0780,I am a 38 year old male chhatra living in Uttar Pradesh. My annual household income is 120000 rupees.,38,Male,120000.0,chhatra,Uttar Pradesh,,FALSE
T0781,"Namaste, main 26 varsh ka unemployed hu Rajasthan se. Meri income 80000 rupaye hai, aur main SC varg se hoon. Main divyang hu.",26,,80000.0,unemployed,Rajasthan,SC,TRUE
T0782,I am a 35 year old female bunkar living in Karnataka. My annual household income is 350000 rupees.,35,Female,350000.0,bunkar,Karnataka,,FALSE
T0783,"I belong to ST category from Rajasthan. Age is 62, profession is daily wage worker, income around 45000.",62,,45000.0,daily wage worker,Rajasthan,ST,FALSE
T0784,"Main Bihar se ek bunkar hu, meri umar 26 saal hai aur saalana kamai 0 rupe hai.",26,,0.0,bunkar,Bihar,,FALSE
T0785,"Mera naam Ramesh hai, main Maharashtra ka rehne wala hu. Main ST category se ek purush hu aur kisan hu. Aamdani 120000 per year hai.",37,Male,120000.0,kisan,Maharashtra,ST,FALSE
T0786,"Hi, I am 30 years old student from West Bengal. My family income is 200000 and I am differently abled.",30,,200000.0,unemployed,West Bengal,,TRUE
T0787,"Namaste, main 34 varsh ka rehri wala hu Maharashtra se. Meri income 350000 rupaye hai, aur main General varg se hoon. Main divyang hu.",34,,350000.0,rehri wala,Maharashtra,General,TRUE
T0788,"Main Karnataka se ek daily wage worker hu, meri umar 46 saal hai aur saalana kamai 0 rupe hai.",46,,0.0,daily wage worker,Karnataka,,FALSE
T0789,I am a 53 year old male unemployed living in Maharashtra. My annual household income is 600000 rupees.,53,Male,600000.0,unemployed,Maharashtra,,FALSE
T0790,"Hi, I am 35 years old student from Maharashtra. My family income is 80000 and I am differently abled.",35,,80000.0,chhatra,Maharashtra,,TRUE
T0791,I am a 62 year old female weaver living in Maharashtra. My annual household income is 80000 rupees.,62,Female,80000.0,weaver,Maharashtra,,FALSE
T0792,"Mera naam Ramesh hai, main Bihar ka rehne wala hu. Main OBC category se ek purush hu aur kisan hu. Aamdani 600000 per year hai.",22,Male,600000.0,kisan,Bihar,OBC,FALSE
T0793,"Mera naam Ramesh hai, main Madhya Pradesh ka rehne wala hu. Main SC category se ek mahila hu aur bunkar hu. Aamdani 80000 per year hai.",34,Female,80000.0,bunkar,Madhya Pradesh,SC,FALSE
T0794,"Mera naam Ramesh hai, main Uttar Pradesh ka rehne wala hu. Main OBC category se ek purush hu aur bunkar hu. Aamdani 80000 per year hai.",36,Male,80000.0,bunkar,Uttar Pradesh,OBC,FALSE
T0795,"Hi, I am 55 years old student from Uttar Pradesh. My family income is 600000 and I am differently abled.",55,,600000.0,rehri wala,Uttar Pradesh,,TRUE
T0796,"Mera naam Ramesh hai, main Madhya Pradesh ka rehne wala hu. Main OBC category se ek purush hu aur artisan hu. Aamdani 600000 per year hai.",20,Male,600000.0,artisan,Madhya Pradesh,OBC,FALSE
T0797,"Namaste, main 34 varsh ka berojgar hu Maharashtra se. Meri income 200000 rupaye hai, aur main ST varg se hoon. Main divyang hu.",34,,200000.0,berojgar,Maharashtra,ST,TRUE
T0798,"Hi, I am 23 years old student from West Bengal. My family income is 45000 and I am differently abled.",23,,45000.0,artisan,West Bengal,,TRUE
T0799,I am a 19 year old male street vendor living in Rajasthan. My annual household income is 0 rupees.,19,Male,0.0,street vendor,Rajasthan,,FALSE
T0800,I am a 43 year old male daily wage worker living in Karnataka. My annual household income is 120000 rupees.,43,Male,120000.0,daily wage worker,Karnataka,,FALSE
T0801,I am a 41 year old male street vendor living in Maharashtra. My annual household income is 350000 rupees.,41,Male,350000.0,street vendor,Maharashtra,,FALSE
T0802,"I belong to OBC category from Tamil Nadu. Age is 54, profession is mazdoor, income around 120000.",54,,120000.0,mazdoor,Tamil Nadu,OBC,FALSE
T0803,I am a 56 year old male artisan living in Karnataka. My annual household income is 45000 rupees.,56,Male,45000.0,artisan,Karnataka,,FALSE
T0804,"Hi, I am 22 years old student from Maharashtra. My family income is 120000 and I am differently abled.",22,,120000.0,berojgar,Maharashtra,,TRUE
T0805,"Namaste, main 18 varsh ka artisan hu Rajasthan se. Meri income 45000 rupaye hai, aur main SC varg se hoon. Main divyang hu.",18,,45000.0,artisan,Rajasthan,SC,TRUE
T0806,"Main Bihar se ek berojgar hu, meri umar 31 saal hai aur saalana kamai 45000 rupe hai.",31,,45000.0,berojgar,Bihar,,FALSE
T0807,"I belong to ST category from West Bengal. Age is 58, profession is daily wage worker, income around 120000.",58,,120000.0,daily wage worker,West Bengal,ST,FALSE
T0808,I am a 30 year old female farmer living in Maharashtra. My annual household income is 350000 rupees.,30,Female,350000.0,farmer,Maharashtra,,FALSE
T0809,"Hi, I am 28 years old student from Tamil Nadu. My family income is 600000 and I am differently abled.",28,,600000.0,unemployed,Tamil Nadu,,TRUE
T0810,I am a 24 year old female mazdoor living in Rajasthan. My annual household income is 45000 rupees.,24,Female,45000.0,mazdoor,Rajasthan,,FALSE
T0811,I am a 62 year old male artisan living in Tamil Nadu. My annual household income is 350000 rupees.,62,Male,350000.0,artisan,Tamil Nadu,,FALSE
T0812,"Main Karnataka se ek daily wage worker hu, meri umar 55 saal hai aur saalana kamai 120000 rupe hai.",55,,120000.0,daily wage worker,Karnataka,,FALSE
T0813,"I belong to ST category from Rajasthan. Age is 64, profession is daily wage worker, income around 200000.",64,,200000.0,daily wage worker,Rajasthan,ST,FALSE
T0814,I am a 45 year old female bunkar living in Rajasthan. My annual household income is 600000 rupees.,45,Female,600000.0,bunkar,Rajasthan,,FALSE
T0815,"Mera naam Ramesh hai, main Madhya Pradesh ka rehne wala hu. Main ST category se ek mahila hu aur farmer hu. Aamdani 80000 per year hai.",56,Female,80000.0,farmer,Madhya Pradesh,ST,FALSE
T0816,"I belong to ST category from Maharashtra. Age is 36, profession is labour, income around 120000.",36,,120000.0,labour,Maharashtra,ST,FALSE
T0817,"I belong to OBC category from Rajasthan. Age is 33, profession is artisan, income around 0.",33,,0.0,artisan,Rajasthan,OBC,FALSE
T0818,"Hi, I am 57 years old student from Karnataka. My family income is 200000 and I am differently abled.",57,,200000.0,bunkar,Karnataka,,TRUE
T0819,I am a 29 year old female mazdoor living in Maharashtra. My annual household income is 80000 rupees.,29,Female,80000.0,mazdoor,Maharashtra,,FALSE
T0820,"I belong to OBC category from Karnataka. Age is 33, profession is farmer, income around 0.",33,,0.0,farmer,Karnataka,OBC,FALSE
T0821,"I belong to OBC category from Tamil Nadu. Age is 40, profession is artisan, income around 200000.",40,,200000.0,artisan,Tamil Nadu,OBC,FALSE
T0822,"I belong to OBC category from Rajasthan. Age is 44, profession is kisan, income around 200000.",44,,200000.0,kisan,Rajasthan,OBC,FALSE
T0823,I am a 53 year old male bunkar living in Bihar. My annual household income is 0 rupees.,53,Male,0.0,bunkar,Bihar,,FALSE
T0824,"Hi, I am 35 years old student from Rajasthan. My family income is 350000 and I am differently abled.",35,,350000.0,weaver,Rajasthan,,TRUE
T0825,"Namaste, main 47 varsh ka farmer hu Bihar se. Meri income 0 rupaye hai, aur main General varg se hoon. Main divyang hu.",47,,0.0,farmer,Bihar,General,TRUE
T0826,"Namaste, main 51 varsh ka unemployed hu Rajasthan se. Meri income 45000 rupaye hai, aur main General varg se hoon. Main divyang hu.",51,,45000.0,unemployed,Rajasthan,General,TRUE
T0827,I am a 51 year old male mazdoor living in West Bengal. My annual household income is 200000 rupees.,51,Male,200000.0,mazdoor,West Bengal,,FALSE
T0828,"Hi, I am 41 years old student from Madhya Pradesh. My family income is 0 and I am differently abled.",41,,0.0,kisan,Madhya Pradesh,,TRUE
T0829,"I belong to General category from Karnataka. Age is 46, profession is weaver, income around 80000.",46,,80000.0,weaver,Karnataka,General,FALSE
T0830,"I belong to ST category from Bihar. Age is 36, profession is mazdoor, income around 120000.",36,,120000.0,mazdoor,Bihar,ST,FALSE
T0831,"Main Maharashtra se ek street vendor hu, meri umar 28 saal hai aur saalana kamai 200000 rupe hai.",28,,200000.0,street vendor,Maharashtra,,FALSE
T0832,"I belong to General category from West Bengal. Age is 25, profession is berojgar, income around 200000.",25,,200000.0,berojgar,West Bengal,General,FALSE
T0833,"I belong to General category from Madhya Pradesh. Age is 32, profession is labour, income around 80000.",32,,80000.0,labour,Madhya Pradesh,General,FALSE
T0834,"Namaste, main 50 varsh ka weaver hu Uttar Pradesh se. Meri income 600000 rupaye hai, aur main OBC varg se hoon. Main divyang hu.",50,,600000.0,weaver,Uttar Pradesh,OBC,TRUE
T0835,"Mera naam Ramesh hai, main Maharashtra ka rehne wala hu. Main General category se ek purush hu aur berojgar hu. Aamdani 0 per year hai.",60,Male,0.0,berojgar,Maharashtra,General,FALSE
T0836,I am a 64 year old female daily wage worker living in Bihar. My annual household income is 350000 rupees.,64,Female,350000.0,daily wage worker,Bihar,,FALSE
T0837,"I belong to OBC category from Karnataka. Age is 24, profession is weaver, income around 200000.",24,,200000.0,weaver,Karnataka,OBC,FALSE
T0838,"Mera naam Ramesh hai, main West Bengal ka rehne wala hu. Main SC category se ek purush hu aur bunkar hu. Aamdani 45000 per year hai.",57,Male,45000.0,bunkar,West Bengal,SC,FALSE
T0839,"Mera naam Ramesh hai, main Bihar ka rehne wala hu. Main SC category se ek mahila hu aur unemployed hu. Aamdani 80000 per year hai.",37,Female,80000.0,unemployed,Bihar,SC,FALSE
T0840,"I belong to OBC category from Karnataka. Age is 55, profession is kisan, income around 350000.",55,,350000.0,kisan,Karnataka,OBC,FALSE
T0841,I am a 18 year old female farmer living in Rajasthan. My annual household income is 200000 rupees.,18,Female,200000.0,farmer,Rajasthan,,FALSE
T0842,"Main Tamil Nadu se ek rehri wala hu, meri umar 46 saal hai aur saalana kamai 600000 rupe hai.",46,,600000.0,rehri wala,Tamil Nadu,,FALSE
T0843,I am a 21 year old male bunkar living in Madhya Pradesh. My annual household income is 120000 rupees.,21,Male,120000.0,bunkar,Madhya Pradesh,,FALSE
T0844,I am a 55 year old female artisan living in Bihar. My annual household income is 45000 rupees.,55,Female,45000.0,artisan,Bihar,,FALSE
T0845,"Mera naam Ramesh hai, main Uttar Pradesh ka rehne wala hu. Main OBC category se ek mahila hu aur daily wage worker hu. Aamdani 600000 per year hai.",18,Female,600000.0,daily wage worker,Uttar Pradesh,OBC,FALSE
T0846,"Namaste, main 32 varsh ka farmer hu Uttar Pradesh se. Meri income 200000 rupaye hai, aur main OBC varg se hoon. Main divyang hu.",32,,200000.0,farmer,Uttar Pradesh,OBC,TRUE
T0847,I am a 45 year old female mazdoor living in Uttar Pradesh. My annual household income is 45000 rupees.,45,Female,45000.0,mazdoor,Uttar Pradesh,,FALSE
T0848,"Namaste, main 63 varsh ka street vendor hu Tamil Nadu se. Meri income 0 rupaye hai, aur main ST varg se hoon. Main divyang hu.",63,,0.0,street vendor,Tamil Nadu,ST,TRUE
T0849,"Mera naam Ramesh hai, main Madhya Pradesh ka rehne wala hu. Main General category se ek mahila hu aur artisan hu. Aamdani 80000 per year hai.",24,Female,80000.0,artisan,Madhya Pradesh,General,FALSE
T0850,"I belong to ST category from Madhya Pradesh. Age is 30, profession is weaver, income around 200000.",30,,200000.0,weaver,Madhya Pradesh,ST,FALSE
T0851,"I belong to SC category from West Bengal. Age is 30, profession is kisan, income around 600000.",30,,600000.0,kisan,West Bengal,SC,FALSE
T0852,"Main Uttar Pradesh se ek weaver hu, meri umar 32 saal hai aur saalana kamai 0 rupe hai.",32,,0.0,weaver,Uttar Pradesh,,FALSE
T0853,"Mera naam Ramesh hai, main Uttar Pradesh ka rehne wala hu. Main SC category se ek purush hu aur kisan hu. Aamdani 80000 per year hai.",25,Male,80000.0,kisan,Uttar Pradesh,SC,FALSE
T0854,"Mera naam Ramesh hai, main Maharashtra ka rehne wala hu. Main ST category se ek mahila hu aur labour hu. Aamdani 200000 per year hai.",30,Female,200000.0,labour,Maharashtra,ST,FALSE
T0855,I am a 49 year old male kisan living in Madhya Pradesh. My annual household income is 80000 rupees.,49,Male,80000.0,kisan,Madhya Pradesh,,FALSE
T0856,"Hi, I am 43 years old student from Tamil Nadu. My family income is 200000 and I am differently abled.",43,,200000.0,mazdoor,Tamil Nadu,,TRUE
T0857,"Mera naam Ramesh hai, main Maharashtra ka rehne wala hu. Main General category se ek mahila hu aur daily wage worker hu. Aamdani 0 per year hai.",52,Female,0.0,daily wage worker,Maharashtra,General,FALSE
T0858,I am a 24 year old male labour living in Bihar. My annual household income is 200000 rupees.,24,Male,200000.0,labour,Bihar,,FALSE
T0859,"I belong to ST category from West Bengal. Age is 41, profession is student, income around 0.",41,,0.0,student,West Bengal,ST,FALSE
T0860,"Main Rajasthan se ek chhatra hu, meri umar 49 saal hai aur saalana kamai 200000 rupe hai.",49,,200000.0,chhatra,Rajasthan,,FALSE
T0861,"Namaste, main 29 varsh ka street vendor hu Uttar Pradesh se. Meri income 600000 rupaye hai, aur main SC varg se hoon. Main divyang hu.",29,,600000.0,street vendor,Uttar Pradesh,SC,TRUE
T0862,I am a 43 year old male unemployed living in Madhya Pradesh. My annual household income is 600000 rupees.,43,Male,600000.0,unemployed,Madhya Pradesh,,FALSE
T0863,"Namaste, main 46 varsh ka labour hu Rajasthan se. Meri income 600000 rupaye hai, aur main General varg se hoon. Main divyang hu.",46,,600000.0,labour,Rajasthan,General,TRUE
T0864,I am a 28 year old male weaver living in Tamil Nadu. My annual household income is 350000 rupees.,28,Male,350000.0,weaver,Tamil Nadu,,FALSE
T0865,"Hi, I am 55 years old student from Uttar Pradesh. My family income is 80000 and I am differently abled.",55,,80000.0,chhatra,Uttar Pradesh,,TRUE
T0866,"Main Madhya Pradesh se ek kisan hu, meri umar 57 saal hai aur saalana kamai 120000 rupe hai.",57,,120000.0,kisan,Madhya Pradesh,,FALSE
T0867,I am a 24 year old male berojgar living in Uttar Pradesh. My annual household income is 200000 rupees.,24,Male,200000.0,berojgar,Uttar Pradesh,,FALSE
T0868,"Namaste, main 27 varsh ka chhatra hu Karnataka se. Meri income 200000 rupaye hai, aur main SC varg se hoon. Main divyang hu.",27,,200000.0,chhatra,Karnataka,SC,TRUE
T0869,"Hi, I am 43 years old student from Uttar Pradesh. My family income is 120000 and I am differently abled.",43,,120000.0,berojgar,Uttar Pradesh,,TRUE
T0870,"I belong to SC category from Uttar Pradesh. Age is 19, profession is student, income around 120000.",19,,120000.0,student,Uttar Pradesh,SC,FALSE
T0871,"Hi, I am 27 years old student from Tamil Nadu. My family income is 600000 and I am differently abled.",27,,600000.0,mazdoor,Tamil Nadu,,TRUE
T0872,"Hi, I am 62 years old student from Uttar Pradesh. My family income is 45000 and I am differently abled.",62,,45000.0,farmer,Uttar Pradesh,,TRUE
T0873,"Hi, I am 42 years old student from Uttar Pradesh. My family income is 200000 and I am differently abled.",42,,200000.0,daily wage worker,Uttar Pradesh,,TRUE
T0874,"Mera naam Ramesh hai, main Tamil Nadu ka rehne wala hu. Main ST category se ek purush hu aur mazdoor hu. Aamdani 200000 per year hai.",21,Male,200000.0,mazdoor,Tamil Nadu,ST,FALSE
T0875,"Namaste, main 46 varsh ka unemployed hu Rajasthan se. Meri income 0 rupaye hai, aur main OBC varg se hoon. Main divyang hu.",46,,0.0,unemployed,Rajasthan,OBC,TRUE
T0876,"Main Rajasthan se ek daily wage worker hu, meri umar 59 saal hai aur saalana kamai 45000 rupe hai.",59,,45000.0,daily wage worker,Rajasthan,,FALSE
T0877,"I belong to SC category from Tamil Nadu. Age is 41, profession is labour, income around 600000.",41,,600000.0,labour,Tamil Nadu,SC,FALSE
T0878,"Namaste, main 59 varsh ka student hu Maharashtra se. Meri income 45000 rupaye hai, aur main SC varg se hoon. Main divyang hu.",59,,45000.0,student,Maharashtra,SC,TRUE
T0879,"I belong to OBC category from West Bengal. Age is 52, profession is bunkar, income around 120000.",52,,120000.0,bunkar,West Bengal,OBC,FALSE
T0880,"I belong to OBC category from Madhya Pradesh. Age is 35, profession is mazdoor, income around 45000.",35,,45000.0,mazdoor,Madhya Pradesh,OBC,FALSE
T0881,I am a 61 year old female farmer living in Madhya Pradesh. My annual household income is 0 rupees.,61,Female,0.0,farmer,Madhya Pradesh,,FALSE
T0882,"Main Madhya Pradesh se ek student hu, meri umar 44 saal hai aur saalana kamai 120000 rupe hai.",44,,120000.0,student,Madhya Pradesh,,FALSE
T0883,"Mera naam Ramesh hai, main Karnataka ka rehne wala hu. Main SC category se ek purush hu aur street vendor hu. Aamdani 350000 per year hai.",22,Male,350000.0,street vendor,Karnataka,SC,FALSE
T0884,"Hi, I am 57 years old student from West Bengal. My family income is 120000 and I am differently abled.",57,,120000.0,weaver,West Bengal,,TRUE
T0885,"Main Maharashtra se ek weaver hu, meri umar 27 saal hai aur saalana kamai 200000 rupe hai.",27,,200000.0,weaver,Maharashtra,,FALSE
T0886,"I belong to General category from Rajasthan. Age is 18, profession is street vendor, income around 350000.",18,,350000.0,street vendor,Rajasthan,General,FALSE
T0887,"Hi, I am 23 years old student from Madhya Pradesh. My family income is 0 and I am differently abled.",23,,0.0,street vendor,Madhya Pradesh,,TRUE
T0888,"Hi, I am 27 years old student from Bihar. My family income is 45000 and I am differently abled.",27,,45000.0,farmer,Bihar,,TRUE
T0889,"Mera naam Ramesh hai, main Madhya Pradesh ka rehne wala hu. Main General category se ek purush hu aur rehri wala hu. Aamdani 80000 per year hai.",48,Male,80000.0,rehri wala,Madhya Pradesh,General,FALSE
T0890,I am a 42 year old male labour living in Tamil Nadu. My annual household income is 0 rupees.,42,Male,0.0,labour,Tamil Nadu,,FALSE
T0891,"Namaste, main 24 varsh ka rehri wala hu Karnataka se. Meri income 80000 rupaye hai, aur main General varg se hoon. Main divyang hu.",24,,80000.0,rehri wala,Karnataka,General,TRUE
T0892,"Hi, I am 21 years old student from Maharashtra. My family income is 350000 and I am differently abled.",21,,350000.0,mazdoor,Maharashtra,,TRUE
T0893,"Mera naam Ramesh hai, main Madhya Pradesh ka rehne wala hu. Main OBC category se ek mahila hu aur bunkar hu. Aamdani 120000 per year hai.",45,Female,120000.0,bunkar,Madhya Pradesh,OBC,FALSE
T0894,"I belong to General category from Rajasthan. Age is 52, profession is labour, income around 600000.",52,,600000.0,labour,Rajasthan,General,FALSE
T0895,"Mera naam Ramesh hai, main Bihar ka rehne wala hu. Main ST category se ek purush hu aur rehri wala hu. Aamdani 200000 per year hai.",63,Male,200000.0,rehri wala,Bihar,ST,FALSE
T0896,"Namaste, main 37 varsh ka unemployed hu Tamil Nadu se. Meri income 45000 rupaye hai, aur main General varg se hoon. Main divyang hu.",37,,45000.0,unemployed,Tamil Nadu,General,TRUE
T0897,I am a 33 year old male bunkar living in Tamil Nadu. My annual household income is 120000 rupees.,33,Male,120000.0,bunkar,Tamil Nadu,,FALSE
T0898,I am a 46 year old female daily wage worker living in Madhya Pradesh. My annual household income is 80000 rupees.,46,Female,80000.0,daily wage worker,Madhya Pradesh,,FALSE
T0899,"Hi, I am 60 years old student from Bihar. My family income is 120000 and I am differently abled.",60,,120000.0,mazdoor,Bihar,,TRUE
T0900,"Hi, I am 62 years old student from Maharashtra. My family income is 200000 and I am differently abled.",62,,200000.0,chhatra,Maharashtra,,TRUE
T0901,"Namaste, main 55 varsh ka artisan hu Tamil Nadu se. Meri income 200000 rupaye hai, aur main General varg se hoon. Main divyang hu.",55,,200000.0,artisan,Tamil Nadu,General,TRUE
T0902,"I belong to SC category from Uttar Pradesh. Age is 35, profession is weaver, income around 0.",35,,0.0,weaver,Uttar Pradesh,SC,FALSE
T0903,"Namaste, main 56 varsh ka rehri wala hu Karnataka se. Meri income 45000 rupaye hai, aur main ST varg se hoon. Main divyang hu.",56,,45000.0,rehri wala,Karnataka,ST,TRUE
T0904,"Namaste, main 44 varsh ka daily wage worker hu Madhya Pradesh se. Meri income 600000 rupaye hai, aur main OBC varg se hoon. Main divyang hu.",44,,600000.0,daily wage worker,Madhya Pradesh,OBC,TRUE
T0905,"I belong to General category from Uttar Pradesh. Age is 36, profession is mazdoor, income around 120000.",36,,120000.0,mazdoor,Uttar Pradesh,General,FALSE
T0906,"I belong to OBC category from Karnataka. Age is 65, profession is artisan, income around 0.",65,,0.0,artisan,Karnataka,OBC,FALSE
T0907,"I belong to OBC category from Madhya Pradesh. Age is 54, profession is farmer, income around 0.",54,,0.0,farmer,Madhya Pradesh,OBC,FALSE
T0908,"I belong to SC category from Tamil Nadu. Age is 22, profession is artisan, income around 200000.",22,,200000.0,artisan,Tamil Nadu,SC,FALSE
T0909,"I belong to General category from Rajasthan. Age is 25, profession is daily wage worker, income around 200000.",25,,200000.0,daily wage worker,Rajasthan,General,FALSE
T0910,"Mera naam Ramesh hai, main Karnataka ka rehne wala hu. Main ST category se ek mahila hu aur chhatra hu. Aamdani 120000 per year hai.",57,Female,120000.0,chhatra,Karnataka,ST,FALSE
T0911,"Main Maharashtra se ek street vendor hu, meri umar 41 saal hai aur saalana kamai 350000 rupe hai.",41,,350000.0,street vendor,Maharashtra,,FALSE
T0912,"Hi, I am 28 years old student from Rajasthan. My family income is 120000 and I am differently abled.",28,,120000.0,berojgar,Rajasthan,,TRUE
T0913,I am a 62 year old female farmer living in Maharashtra. My annual household income is 80000 rupees.,62,Female,80000.0,farmer,Maharashtra,,FALSE
T0914,"I belong to General category from Karnataka. Age is 43, profession is street vendor, income around 0.",43,,0.0,street vendor,Karnataka,General,FALSE
T0915,"Hi, I am 50 years old student from Bihar. My family income is 600000 and I am differently abled.",50,,600000.0,weaver,Bihar,,TRUE
T0916,"I belong to ST category from Madhya Pradesh. Age is 22, profession is unemployed, income around 120000.",22,,120000.0,unemployed,Madhya Pradesh,ST,FALSE
T0917,"Hi, I am 45 years old student from Karnataka. My family income is 80000 and I am differently abled.",45,,80000.0,street vendor,Karnataka,,TRUE
T0918,"Mera naam Ramesh hai, main Madhya Pradesh ka rehne wala hu. Main ST category se ek purush hu aur mazdoor hu. Aamdani 200000 per year hai.",37,Male,200000.0,mazdoor,Madhya Pradesh,ST,FALSE
T0919,"Hi, I am 51 years old student from Karnataka. My family income is 200000 and I am differently abled.",51,,200000.0,weaver,Karnataka,,TRUE
T0920,"I belong to General category from Uttar Pradesh. Age is 37, profession is student, income around 200000.",37,,200000.0,student,Uttar Pradesh,General,FALSE
T0921,"Hi, I am 20 years old student from Maharashtra. My family income is 45000 and I am differently abled.",20,,45000.0,daily wage worker,Maharashtra,,TRUE
T0922,"Mera naam Ramesh hai, main West Bengal ka rehne wala hu. Main SC category se ek mahila hu aur weaver hu. Aamdani 120000 per year hai.",43,Female,120000.0,weaver,West Bengal,SC,FALSE
T0923,"Namaste, main 34 varsh ka weaver hu Rajasthan se. Meri income 120000 rupaye hai, aur main SC varg se hoon. Main divyang hu.",34,,120000.0,weaver,Rajasthan,SC,TRUE
T0924,"I belong to ST category from Madhya Pradesh. Age is 30, profession is weaver, income around 600000.",30,,600000.0,weaver,Madhya Pradesh,ST,FALSE
T0925,"Namaste, main 40 varsh ka farmer hu Uttar Pradesh se. Meri income 600000 rupaye hai, aur main SC varg se hoon. Main divyang hu.",40,,600000.0,farmer,Uttar Pradesh,SC,TRUE
T0926,"Mera naam Ramesh hai, main Tamil Nadu ka rehne wala hu. Main ST category se ek purush hu aur artisan hu. Aamdani 0 per year hai.",45,Male,0.0,artisan,Tamil Nadu,ST,FALSE
T0927,"Mera naam Ramesh hai, main Tamil Nadu ka rehne wala hu. Main ST category se ek mahila hu aur chhatra hu. Aamdani 350000 per year hai.",38,Female,350000.0,chhatra,Tamil Nadu,ST,FALSE
T0928,"Namaste, main 65 varsh ka farmer hu Uttar Pradesh se. Meri income 120000 rupaye hai, aur main ST varg se hoon. Main divyang hu.",65,,120000.0,farmer,Uttar Pradesh,ST,TRUE
T0929,"Namaste, main 47 varsh ka daily wage worker hu Tamil Nadu se. Meri income 80000 rupaye hai, aur main General varg se hoon. Main divyang hu.",47,,80000.0,daily wage worker,Tamil Nadu,General,TRUE
T0930,"Hi, I am 44 years old student from Tamil Nadu. My family income is 350000 and I am differently abled.",44,,350000.0,farmer,Tamil Nadu,,TRUE
T0931,"Hi, I am 21 years old student from Uttar Pradesh. My family income is 120000 and I am differently abled.",21,,120000.0,artisan,Uttar Pradesh,,TRUE
T0932,"I belong to ST category from West Bengal. Age is 43, profession is daily wage worker, income around 80000.",43,,80000.0,daily wage worker,West Bengal,ST,FALSE
T0933,I am a 37 year old male daily wage worker living in Uttar Pradesh. My annual household income is 80000 rupees.,37,Male,80000.0,daily wage worker,Uttar Pradesh,,FALSE
T0934,"Main Uttar Pradesh se ek street vendor hu, meri umar 22 saal hai aur saalana kamai 0 rupe hai.",22,,0.0,street vendor,Uttar Pradesh,,FALSE
T0935,"Mera naam Ramesh hai, main Rajasthan ka rehne wala hu. Main SC category se ek mahila hu aur rehri wala hu. Aamdani 200000 per year hai.",53,Female,200000.0,rehri wala,Rajasthan,SC,FALSE
T0936,I am a 27 year old female bunkar living in Rajasthan. My annual household income is 80000 rupees.,27,Female,80000.0,bunkar,Rajasthan,,FALSE
T0937,I am a 32 year old male farmer living in Rajasthan. My annual household income is 0 rupees.,32,Male,0.0,farmer,Rajasthan,,FALSE
T0938,"Hi, I am 48 years old student from Karnataka. My family income is 350000 and I am differently abled.",48,,350000.0,labour,Karnataka,,TRUE
T0939,"Namaste, main 49 varsh ka chhatra hu Bihar se. Meri income 0 rupaye hai, aur main OBC varg se hoon. Main divyang hu.",49,,0.0,chhatra,Bihar,OBC,TRUE
T0940,"I belong to ST category from Rajasthan. Age is 44, profession is chhatra, income around 45000.",44,,45000.0,chhatra,Rajasthan,ST,FALSE
T0941,"I belong to General category from Karnataka. Age is 42, profession is berojgar, income around 200000.",42,,200000.0,berojgar,Karnataka,General,FALSE
T0942,"Hi, I am 30 years old student from Madhya Pradesh. My family income is 120000 and I am differently abled.",30,,120000.0,student,Madhya Pradesh,,TRUE
T0943,"Hi, I am 51 years old student from Uttar Pradesh. My family income is 350000 and I am differently abled.",51,,350000.0,street vendor,Uttar Pradesh,,TRUE
T0944,"Namaste, main 38 varsh ka bunkar hu Uttar Pradesh se. Meri income 600000 rupaye hai, aur main General varg se hoon. Main divyang hu.",38,,600000.0,bunkar,Uttar Pradesh,General,TRUE
T0945,"Namaste, main 29 varsh ka student hu West Bengal se. Meri income 350000 rupaye hai, aur main OBC varg se hoon. Main divyang hu.",29,,350000.0,student,West Bengal,OBC,TRUE
T0946,"Namaste, main 40 varsh ka rehri wala hu Karnataka se. Meri income 80000 rupaye hai, aur main OBC varg se hoon. Main divyang hu.",40,,80000.0,rehri wala,Karnataka,OBC,TRUE
T0947,"I belong to General category from Bihar. Age is 58, profession is daily wage worker, income around 350000.",58,,350000.0,daily wage worker,Bihar,General,FALSE
T0948,I am a 61 year old female bunkar living in West Bengal. My annual household income is 0 rupees.,61,Female,0.0,bunkar,West Bengal,,FALSE
T0949,I am a 54 year old male artisan living in Tamil Nadu. My annual household income is 600000 rupees.,54,Male,600000.0,artisan,Tamil Nadu,,FALSE
T0950,"Namaste, main 58 varsh ka weaver hu Rajasthan se. Meri income 120000 rupaye hai, aur main SC varg se hoon. Main divyang hu.",58,,120000.0,weaver,Rajasthan,SC,TRUE
T0951,"Namaste, main 47 varsh ka labour hu Uttar Pradesh se. Meri income 0 rupaye hai, aur main SC varg se hoon. Main divyang hu.",47,,0.0,labour,Uttar Pradesh,SC,TRUE
T0952,"Hi, I am 33 years old student from Rajasthan. My family income is 600000 and I am differently abled.",33,,600000.0,berojgar,Rajasthan,,TRUE
T0953,"I belong to ST category from West Bengal. Age is 50, profession is chhatra, income around 0.",50,,0.0,chhatra,West Bengal,ST,FALSE
T0954,"Namaste, main 51 varsh ka student hu Bihar se. Meri income 600000 rupaye hai, aur main OBC varg se hoon. Main divyang hu.",51,,600000.0,student,Bihar,OBC,TRUE
T0955,"Hi, I am 38 years old student from Rajasthan. My family income is 350000 and I am differently abled.",38,,350000.0,street vendor,Rajasthan,,TRUE
T0956,I am a 37 year old male rehri wala living in Bihar. My annual household income is 350000 rupees.,37,Male,350000.0,rehri wala,Bihar,,FALSE
T0957,"I belong to ST category from Maharashtra. Age is 30, profession is berojgar, income around 45000.",30,,45000.0,berojgar,Maharashtra,ST,FALSE
T0958,I am a 41 year old male artisan living in Rajasthan. My annual household income is 200000 rupees.,41,Male,200000.0,artisan,Rajasthan,,FALSE
T0959,"Hi, I am 64 years old student from Bihar. My family income is 80000 and I am differently abled.",64,,80000.0,berojgar,Bihar,,TRUE
T0960,"Mera naam Ramesh hai, main Uttar Pradesh ka rehne wala hu. Main ST category se ek purush hu aur street vendor hu. Aamdani 45000 per year hai.",59,Male,45000.0,street vendor,Uttar Pradesh,ST,FALSE
T0961,"Main Madhya Pradesh se ek chhatra hu, meri umar 20 saal hai aur saalana kamai 600000 rupe hai.",20,,600000.0,chhatra,Madhya Pradesh,,FALSE
T0962,"Main Tamil Nadu se ek rehri wala hu, meri umar 48 saal hai aur saalana kamai 600000 rupe hai.",48,,600000.0,rehri wala,Tamil Nadu,,FALSE
T0963,"Mera naam Ramesh hai, main Bihar ka rehne wala hu. Main ST category se ek purush hu aur farmer hu. Aamdani 120000 per year hai.",27,Male,120000.0,farmer,Bihar,ST,FALSE
T0964,I am a 20 year old female kisan living in West Bengal. My annual household income is 120000 rupees.,20,Female,120000.0,kisan,West Bengal,,FALSE
T0965,"Main Rajasthan se ek rehri wala hu, meri umar 44 saal hai aur saalana kamai 600000 rupe hai.",44,,600000.0,rehri wala,Rajasthan,,FALSE
T0966,"I belong to ST category from Bihar. Age is 63, profession is unemployed, income around 120000.",63,,120000.0,unemployed,Bihar,ST,FALSE
T0967,"Namaste, main 20 varsh ka kisan hu Maharashtra se. Meri income 120000 rupaye hai, aur main SC varg se hoon. Main divyang hu.",20,,120000.0,kisan,Maharashtra,SC,TRUE
T0968,"Hi, I am 64 years old student from Maharashtra. My family income is 600000 and I am differently abled.",64,,600000.0,kisan,Maharashtra,,TRUE
T0969,"Namaste, main 18 varsh ka daily wage worker hu Rajasthan se. Meri income 0 rupaye hai, aur main SC varg se hoon. Main divyang hu.",18,,0.0,daily wage worker,Rajasthan,SC,TRUE
T0970,"Main Uttar Pradesh se ek kisan hu, meri umar 24 saal hai aur saalana kamai 120000 rupe hai.",24,,120000.0,kisan,Uttar Pradesh,,FALSE
T0971,I am a 51 year old male street vendor living in Rajasthan. My annual household income is 80000 rupees.,51,Male,80000.0,street vendor,Rajasthan,,FALSE
T0972,"Namaste, main 58 varsh ka rehri wala hu West Bengal se. Meri income 200000 rupaye hai, aur main SC varg se hoon. Main divyang hu.",58,,200000.0,rehri wala,West Bengal,SC,TRUE
T0973,"Mera naam Ramesh hai, main Uttar Pradesh ka rehne wala hu. Main ST category se ek purush hu aur chhatra hu. Aamdani 600000 per year hai.",41,Male,600000.0,chhatra,Uttar Pradesh,ST,FALSE
T0974,"Mera naam Ramesh hai, main Tamil Nadu ka rehne wala hu. Main SC category se ek mahila hu aur student hu. Aamdani 80000 per year hai.",19,Female,80000.0,student,Tamil Nadu,SC,FALSE
T0975,"Mera naam Ramesh hai, main West Bengal ka rehne wala hu. Main OBC category se ek mahila hu aur street vendor hu. Aamdani 350000 per year hai.",28,Female,350000.0,street vendor,West Bengal,OBC,FALSE
T0976,I am a 54 year old female student living in Bihar. My annual household income is 120000 rupees.,54,Female,120000.0,student,Bihar,,FALSE
T0977,"Mera naam Ramesh hai, main Maharashtra ka rehne wala hu. Main OBC category se ek mahila hu aur daily wage worker hu. Aamdani 45000 per year hai.",29,Female,45000.0,daily wage worker,Maharashtra,OBC,FALSE
T0978,"Hi, I am 22 years old student from Karnataka. My family income is 80000 and I am differently abled.",22,,80000.0,weaver,Karnataka,,TRUE
T0979,"Mera naam Ramesh hai, main Karnataka ka rehne wala hu. Main SC category se ek mahila hu aur labour hu. Aamdani 0 per year hai.",35,Female,0.0,labour,Karnataka,SC,FALSE
T0980,I am a 39 year old male mazdoor living in Uttar Pradesh. My annual household income is 600000 rupees.,39,Male,600000.0,mazdoor,Uttar Pradesh,,FALSE
T0981,I am a 42 year old male mazdoor living in West Bengal. My annual household income is 600000 rupees.,42,Male,600000.0,mazdoor,West Bengal,,FALSE
T0982,"Main Bihar se ek unemployed hu, meri umar 25 saal hai aur saalana kamai 120000 rupe hai.",25,,120000.0,unemployed,Bihar,,FALSE
T0983,"Mera naam Ramesh hai, main Bihar ka rehne wala hu. Main General category se ek purush hu aur rehri wala hu. Aamdani 120000 per year hai.",46,Male,120000.0,rehri wala,Bihar,General,FALSE
T0984,"Main Maharashtra se ek street vendor hu, meri umar 21 saal hai aur saalana kamai 120000 rupe hai.",21,,120000.0,street vendor,Maharashtra,,FALSE
T0985,"I belong to SC category from West Bengal. Age is 27, profession is street vendor, income around 0.",27,,0.0,street vendor,West Bengal,SC,FALSE
T0986,"Namaste, main 27 varsh ka farmer hu West Bengal se. Meri income 350000 rupaye hai, aur main OBC varg se hoon. Main divyang hu.",27,,350000.0,farmer,West Bengal,OBC,TRUE
T0987,"Main Madhya Pradesh se ek bunkar hu, meri umar 64 saal hai aur saalana kamai 80000 rupe hai.",64,,80000.0,bunkar,Madhya Pradesh,,FALSE
T0988,"Main Karnataka se ek farmer hu, meri umar 59 saal hai aur saalana kamai 200000 rupe hai.",59,,200000.0,farmer,Karnataka,,FALSE
T0989,"Hi, I am 31 years old student from Madhya Pradesh. My family income is 600000 and I am differently abled.",31,,600000.0,berojgar,Madhya Pradesh,,TRUE
T0990,"Hi, I am 37 years old student from Rajasthan. My family income is 200000 and I am differently abled.",37,,200000.0,labour,Rajasthan,,TRUE
T0991,"Hi, I am 43 years old student from Madhya Pradesh. My family income is 45000 and I am differently abled.",43,,45000.0,daily wage worker,Madhya Pradesh,,TRUE
T0992,I am a 38 year old female labour living in West Bengal. My annual household income is 200000 rupees.,38,Female,200000.0,labour,West Bengal,,FALSE
T0993,I am a 23 year old female daily wage worker living in West Bengal. My annual household income is 600000 rupees.,23,Female,600000.0,daily wage worker,West Bengal,,FALSE
T0994,"Namaste, main 38 varsh ka weaver hu Karnataka se. Meri income 600000 rupaye hai, aur main ST varg se hoon. Main divyang hu.",38,,600000.0,weaver,Karnataka,ST,TRUE
T0995,I am a 58 year old male street vendor living in Bihar. My annual household income is 80000 rupees.,58,Male,80000.0,street vendor,Bihar,,FALSE
T0996,"Mera naam Ramesh hai, main Rajasthan ka rehne wala hu. Main General category se ek purush hu aur chhatra hu. Aamdani 45000 per year hai.",62,Male,45000.0,chhatra,Rajasthan,General,FALSE
T0997,"Mera naam Ramesh hai, main Madhya Pradesh ka rehne wala hu. Main ST category se ek mahila hu aur farmer hu. Aamdani 80000 per year hai.",38,Female,80000.0,farmer,Madhya Pradesh,ST,FALSE
T0998,"Main Bihar se ek berojgar hu, meri umar 62 saal hai aur saalana kamai 600000 rupe hai.",62,,600000.0,berojgar,Bihar,,FALSE
T0999,"Mera naam Ramesh hai, main Rajasthan ka rehne wala hu. Main OBC category se ek mahila hu aur kisan hu. Aamdani 200000 per year hai.",30,Female,200000.0,kisan,Rajasthan,OBC,FALSE
T1000,"Namaste, main 54 varsh ka daily wage worker hu Rajasthan se. Meri income 120000 rupaye hai, aur main ST varg se hoon. Main divyang hu.",54,,120000.0,daily wage worker,Rajasthan,ST,TRUE
T1001,"I belong to ST category from Madhya Pradesh. Age is 24, profession is mazdoor, income around 45000.",24,,45000.0,mazdoor,Madhya Pradesh,ST,FALSE
T1002,I am a 38 year old male kisan living in Uttar Pradesh. My annual household income is 45000 rupees.,38,Male,45000.0,kisan,Uttar Pradesh,,FALSE
T1003,I am a 40 year old male labour living in Uttar Pradesh. My annual household income is 120000 rupees.,40,Male,120000.0,labour,Uttar Pradesh,,FALSE
T1004,"Hi, I am 29 years old student from Madhya Pradesh. My family income is 600000 and I am differently abled.",29,,600000.0,weaver,Madhya Pradesh,,TRUE
T1005,"Mera naam Ramesh hai, main Bihar ka rehne wala hu. Main ST category se ek mahila hu aur labour hu. Aamdani 0 per year hai.",34,Female,0.0,labour,Bihar,ST,FALSE
T1006,"Namaste, main 50 varsh ka berojgar hu Rajasthan se. Meri income 0 rupaye hai, aur main ST varg se hoon. Main divyang hu.",50,,0.0,berojgar,Rajasthan,ST,TRUE
T1007,"Mera naam Ramesh hai, main Bihar ka rehne wala hu. Main ST category se ek mahila hu aur berojgar hu. Aamdani 0 per year hai.",55,Female,0.0,berojgar,Bihar,ST,FALSE
T1008,"Namaste, main 19 varsh ka street vendor hu Uttar Pradesh se. Meri income 45000 rupaye hai, aur main ST varg se hoon. Main divyang hu.",19,,45000.0,street vendor,Uttar Pradesh,ST,TRUE
T1009,"Main Maharashtra se ek student hu, meri umar 33 saal hai aur saalana kamai 350000 rupe hai.",33,,350000.0,student,Maharashtra,,FALSE
T1010,"Main Karnataka se ek unemployed hu, meri umar 35 saal hai aur saalana kamai 45000 rupe hai.",35,,45000.0,unemployed,Karnataka,,FALSE
T1011,I am a 24 year old male unemployed living in Madhya Pradesh. My annual household income is 600000 rupees.,24,Male,600000.0,unemployed,Madhya Pradesh,,FALSE
T1012,"Main Maharashtra se ek student hu, meri umar 60 saal hai aur saalana kamai 600000 rupe hai.",60,,600000.0,student,Maharashtra,,FALSE
T1013,"Hi, I am 37 years old student from Tamil Nadu. My family income is 200000 and I am differently abled.",37,,200000.0,artisan,Tamil Nadu,,TRUE
T1014,"Hi, I am 51 years old student from Karnataka. My family income is 600000 and I am differently abled.",51,,600000.0,unemployed,Karnataka,,TRUE
T1015,"Mera naam Ramesh hai, main Rajasthan ka rehne wala hu. Main OBC category se ek mahila hu aur kisan hu. Aamdani 80000 per year hai.",18,Female,80000.0,kisan,Rajasthan,OBC,FALSE
T1016,"I belong to SC category from Uttar Pradesh. Age is 37, profession is unemployed, income around 45000.",37,,45000.0,unemployed,Uttar Pradesh,SC,FALSE
T1017,"Hi, I am 26 years old student from Madhya Pradesh. My family income is 120000 and I am differently abled.",26,,120000.0,kisan,Madhya Pradesh,,TRUE
T1018,"Hi, I am 52 years old student from Madhya Pradesh. My family income is 0 and I am differently abled.",52,,0.0,labour,Madhya Pradesh,,TRUE
T1019,I am a 27 year old female unemployed living in Tamil Nadu. My annual household income is 45000 rupees.,27,Female,45000.0,unemployed,Tamil Nadu,,FALSE
T1020,I am a 55 year old male berojgar living in Maharashtra. My annual household income is 200000 rupees.,55,Male,200000.0,berojgar,Maharashtra,,FALSE
T1021,"Main Bihar se ek weaver hu, meri umar 54 saal hai aur saalana kamai 350000 rupe hai.",54,,350000.0,weaver,Bihar,,FALSE
T1022,"Hi, I am 44 years old student from Bihar. My family income is 45000 and I am differently abled.",44,,45000.0,chhatra,Bihar,,TRUE
T1023,"Mera naam Ramesh hai, main Uttar Pradesh ka rehne wala hu. Main SC category se ek mahila hu aur rehri wala hu. Aamdani 350000 per year hai.",40,Female,350000.0,rehri wala,Uttar Pradesh,SC,FALSE
T1024,"Namaste, main 58 varsh ka rehri wala hu Karnataka se. Meri income 600000 rupaye hai, aur main SC varg se hoon. Main divyang hu.",58,,600000.0,rehri wala,Karnataka,SC,TRUE
T1025,"Hi, I am 53 years old student from Maharashtra. My family income is 350000 and I am differently abled.",53,,350000.0,daily wage worker,Maharashtra,,TRUE
T1026,"Main Karnataka se ek kisan hu, meri umar 41 saal hai aur saalana kamai 200000 rupe hai.",41,,200000.0,kisan,Karnataka,,FALSE
T1027,"Main Karnataka se ek unemployed hu, meri umar 47 saal hai aur saalana kamai 80000 rupe hai.",47,,80000.0,unemployed,Karnataka,,FALSE
T1028,"I belong to SC category from Uttar Pradesh. Age is 21, profession is street vendor, income around 120000.",21,,120000.0,street vendor,Uttar Pradesh,SC,FALSE
T1029,"Main West Bengal se ek farmer hu, meri umar 53 saal hai aur saalana kamai 45000 rupe hai.",53,,45000.0,farmer,West Bengal,,FALSE
T1030,"Namaste, main 38 varsh ka unemployed hu Maharashtra se. Meri income 200000 rupaye hai, aur main General varg se hoon. Main divyang hu.",38,,200000.0,unemployed,Maharashtra,General,TRUE
T1031,"Mera naam Ramesh hai, main Bihar ka rehne wala hu. Main ST category se ek mahila hu aur student hu. Aamdani 600000 per year hai.",57,Female,600000.0,student,Bihar,ST,FALSE
T1032,"Namaste, main 49 varsh ka weaver hu Maharashtra se. Meri income 200000 rupaye hai, aur main General varg se hoon. Main divyang hu.",49,,200000.0,weaver,Maharashtra,General,TRUE
T1033,I am a 20 year old male labour living in Maharashtra. My annual household income is 350000 rupees.,20,Male,350000.0,labour,Maharashtra,,FALSE
T1034,"I belong to SC category from Uttar Pradesh. Age is 21, profession is street vendor, income around 0.",21,,0.0,street vendor,Uttar Pradesh,SC,FALSE
T1035,"Main Bihar se ek artisan hu, meri umar 22 saal hai aur saalana kamai 200000 rupe hai.",22,,200000.0,artisan,Bihar,,FALSE
T1036,"I belong to ST category from Bihar. Age is 44, profession is kisan, income around 0.",44,,0.0,kisan,Bihar,ST,FALSE
T1037,"I belong to SC category from Bihar. Age is 35, profession is weaver, income around 80000.",35,,80000.0,weaver,Bihar,SC,FALSE
T1038,"Mera naam Ramesh hai, main Madhya Pradesh ka rehne wala hu. Main General category se ek purush hu aur artisan hu. Aamdani 600000 per year hai.",24,Male,600000.0,artisan,Madhya Pradesh,General,FALSE
T1039,"Main Karnataka se ek berojgar hu, meri umar 55 saal hai aur saalana kamai 45000 rupe hai.",55,,45000.0,berojgar,Karnataka,,FALSE
T1040,"Namaste, main 51 varsh ka daily wage worker hu Tamil Nadu se. Meri income 200000 rupaye hai, aur main ST varg se hoon. Main divyang hu.",51,,200000.0,daily wage worker,Tamil Nadu,ST,TRUE
T1041,"Mera naam Ramesh hai, main Uttar Pradesh ka rehne wala hu. Main SC category se ek purush hu aur labour hu. Aamdani 200000 per year hai.",59,Male,200000.0,labour,Uttar Pradesh,SC,FALSE
T1042,I am a 27 year old male farmer living in Uttar Pradesh. My annual household income is 0 rupees.,27,Male,0.0,farmer,Uttar Pradesh,,FALSE
T1043,"Hi, I am 18 years old student from Karnataka. My family income is 120000 and I am differently abled.",18,,120000.0,rehri wala,Karnataka,,TRUE
T1044,"I belong to ST category from Karnataka. Age is 47, profession is berojgar, income around 600000.",47,,600000.0,berojgar,Karnataka,ST,FALSE
T1045,"I belong to ST category from Rajasthan. Age is 50, profession is chhatra, income around 350000.",50,,350000.0,chhatra,Rajasthan,ST,FALSE
T1046,"Main Madhya Pradesh se ek artisan hu, meri umar 54 saal hai aur saalana kamai 80000 rupe hai.",54,,80000.0,artisan,Madhya Pradesh,,FALSE
T1047,I am a 19 year old female street vendor living in Rajasthan. My annual household income is 600000 rupees.,19,Female,600000.0,street vendor,Rajasthan,,FALSE
T1048,"Main Karnataka se ek kisan hu, meri umar 40 saal hai aur saalana kamai 200000 rupe hai.",40,,200000.0,kisan,Karnataka,,FALSE
T1049,"Main Karnataka se ek mazdoor hu, meri umar 58 saal hai aur saalana kamai 120000 rupe hai.",58,,120000.0,mazdoor,Karnataka,,FALSE
T1050,"Namaste, main 46 varsh ka student hu Uttar Pradesh se. Meri income 45000 rupaye hai, aur main ST varg se hoon. Main divyang hu.",46,,45000.0,student,Uttar Pradesh,ST,TRUE
T1051,"Mera naam Ramesh hai, main Tamil Nadu ka rehne wala hu. Main General category se ek mahila hu aur rehri wala hu. Aamdani 120000 per year hai.",27,Female,120000.0,rehri wala,Tamil Nadu,General,FALSE
T1052,I am a 30 year old male berojgar living in Rajasthan. My annual household income is 600000 rupees.,30,Male,600000.0,berojgar,Rajasthan,,FALSE
T1053,"Main Bihar se ek artisan hu, meri umar 46 saal hai aur saalana kamai 600000 rupe hai.",46,,600000.0,artisan,Bihar,,FALSE
T1054,I am a 23 year old male artisan living in Rajasthan. My annual household income is 200000 rupees.,23,Male,200000.0,artisan,Rajasthan,,FALSE
T1055,I am a 41 year old male labour living in Uttar Pradesh. My annual household income is 350000 rupees.,41,Male,350000.0,labour,Uttar Pradesh,,FALSE
T1056,I am a 54 year old female labour living in Bihar. My annual household income is 45000 rupees.,54,Female,45000.0,labour,Bihar,,FALSE
T1057,"Main Bihar se ek street vendor hu, meri umar 18 saal hai aur saalana kamai 0 rupe hai.",18,,0.0,street vendor,Bihar,,FALSE
T1058,"I belong to OBC category from Maharashtra. Age is 62, profession is unemployed, income around 200000.",62,,200000.0,unemployed,Maharashtra,OBC,FALSE
T1059,I am a 18 year old male labour living in Madhya Pradesh. My annual household income is 80000 rupees.,18,Male,80000.0,labour,Madhya Pradesh,,FALSE
T1060,"Namaste, main 37 varsh ka street vendor hu Maharashtra se. Meri income 200000 rupaye hai, aur main ST varg se hoon. Main divyang hu.",37,,200000.0,street vendor,Maharashtra,ST,TRUE
T1061,"Namaste, main 25 varsh ka farmer hu West Bengal se. Meri income 120000 rupaye hai, aur main ST varg se hoon. Main divyang hu.",25,,120000.0,farmer,West Bengal,ST,TRUE
T1062,"Hi, I am 58 years old student from Madhya Pradesh. My family income is 45000 and I am differently abled.",58,,45000.0,mazdoor,Madhya Pradesh,,TRUE
T1063,"I belong to General category from Uttar Pradesh. Age is 40, profession is street vendor, income around 200000.",40,,200000.0,street vendor,Uttar Pradesh,General,FALSE
T1064,"Hi, I am 64 years old student from West Bengal. My family income is 200000 and I am differently abled.",64,,200000.0,mazdoor,West Bengal,,TRUE
T1065,I am a 39 year old female mazdoor living in Tamil Nadu. My annual household income is 120000 rupees.,39,Female,120000.0,mazdoor,Tamil Nadu,,FALSE
T1066,"Hi, I am 20 years old student from West Bengal. My family income is 80000 and I am differently abled.",20,,80000.0,berojgar,West Bengal,,TRUE
T1067,"I belong to General category from West Bengal. Age is 26, profession is chhatra, income around 600000.",26,,600000.0,chhatra,West Bengal,General,FALSE
T1068,I am a 47 year old female berojgar living in West Bengal. My annual household income is 80000 rupees.,47,Female,80000.0,berojgar,West Bengal,,FALSE
T1069,"Main Karnataka se ek rehri wala hu, meri umar 19 saal hai aur saalana kamai 200000 rupe hai.",19,,200000.0,rehri wala,Karnataka,,FALSE
T1070,"Mera naam Ramesh hai, main Uttar Pradesh ka rehne wala hu. Main General category se ek mahila hu aur kisan hu. Aamdani 80000 per year hai.",41,Female,80000.0,kisan,Uttar Pradesh,General,FALSE
T1071,"Main Maharashtra se ek student hu, meri umar 50 saal hai aur saalana kamai 0 rupe hai.",50,,0.0,student,Maharashtra,,FALSE
T1072,"Mera naam Ramesh hai, main Uttar Pradesh ka rehne wala hu. Main OBC category se ek purush hu aur daily wage worker hu. Aamdani 80000 per year hai.",54,Male,80000.0,daily wage worker,Uttar Pradesh,OBC,FALSE
T1073,"Mera naam Ramesh hai, main West Bengal ka rehne wala hu. Main SC category se ek purush hu aur street vendor hu. Aamdani 350000 per year hai.",26,Male,350000.0,street vendor,West Bengal,SC,FALSE
T1074,"Mera naam Ramesh hai, main Tamil Nadu ka rehne wala hu. Main ST category se ek purush hu aur kisan hu. Aamdani 600000 per year hai.",50,Male,600000.0,kisan,Tamil Nadu,ST,FALSE
T1075,"Hi, I am 20 years old student from Madhya Pradesh. My family income is 200000 and I am differently abled.",20,,200000.0,kisan,Madhya Pradesh,,TRUE
T1076,"Hi, I am 38 years old student from Maharashtra. My family income is 200000 and I am differently abled.",38,,200000.0,rehri wala,Maharashtra,,TRUE
T1077,"Main Madhya Pradesh se ek labour hu, meri umar 60 saal hai aur saalana kamai 0 rupe hai.",60,,0.0,labour,Madhya Pradesh,,FALSE
T1078,I am a 23 year old male kisan living in Uttar Pradesh. My annual household income is 600000 rupees.,23,Male,600000.0,kisan,Uttar Pradesh,,FALSE
T1079,"Hi, I am 40 years old student from Tamil Nadu. My family income is 45000 and I am differently abled.",40,,45000.0,weaver,Tamil Nadu,,TRUE
T1080,"Mera naam Ramesh hai, main Bihar ka rehne wala hu. Main ST category se ek purush hu aur daily wage worker hu. Aamdani 0 per year hai.",23,Male,0.0,daily wage worker,Bihar,ST,FALSE
T1081,I am a 29 year old female unemployed living in Uttar Pradesh. My annual household income is 120000 rupees.,29,Female,120000.0,unemployed,Uttar Pradesh,,FALSE
T1082,"Hi, I am 51 years old student from Tamil Nadu. My family income is 200000 and I am differently abled.",51,,200000.0,mazdoor,Tamil Nadu,,TRUE
T1083,"Hi, I am 18 years old student from Maharashtra. My family income is 600000 and I am differently abled.",18,,600000.0,weaver,Maharashtra,,TRUE
T1084,"Mera naam Ramesh hai, main Rajasthan ka rehne wala hu. Main SC category se ek purush hu aur artisan hu. Aamdani 120000 per year hai.",38,Male,120000.0,artisan,Rajasthan,SC,FALSE
T1085,"I belong to SC category from Maharashtra. Age is 55, profession is mazdoor, income around 600000.",55,,600000.0,mazdoor,Maharashtra,SC,FALSE
T1086,"Main Rajasthan se ek street vendor hu, meri umar 32 saal hai aur saalana kamai 600000 rupe hai.",32,,600000.0,street vendor,Rajasthan,,FALSE
T1087,I am a 44 year old female street vendor living in Karnataka. My annual household income is 45000 rupees.,44,Female,45000.0,street vendor,Karnataka,,FALSE
T1088,"I belong to OBC category from Rajasthan. Age is 25, profession is street vendor, income around 600000.",25,,600000.0,street vendor,Rajasthan,OBC,FALSE
T1089,"Namaste, main 61 varsh ka chhatra hu Rajasthan se. Meri income 120000 rupaye hai, aur main General varg se hoon. Main divyang hu.",61,,120000.0,chhatra,Rajasthan,General,TRUE
T1090,"Namaste, main 20 varsh ka mazdoor hu Karnataka se. Meri income 350000 rupaye hai, aur main SC varg se hoon. Main divyang hu.",20,,350000.0,mazdoor,Karnataka,SC,TRUE
T1091,"Namaste, main 37 varsh ka chhatra hu Rajasthan se. Meri income 0 rupaye hai, aur main General varg se hoon. Main divyang hu.",37,,0.0,chhatra,Rajasthan,General,TRUE
T1092,"Hi, I am 40 years old student from Uttar Pradesh. My family income is 600000 and I am differently abled.",40,,600000.0,bunkar,Uttar Pradesh,,TRUE
T1093,"I belong to SC category from Rajasthan. Age is 58, profession is student, income around 80000.",58,,80000.0,student,Rajasthan,SC,FALSE
T1094,"Mera naam Ramesh hai, main Bihar ka rehne wala hu. Main SC category se ek purush hu aur artisan hu. Aamdani 80000 per year hai.",20,Male,80000.0,artisan,Bihar,SC,FALSE
T1095,"Hi, I am 26 years old student from Madhya Pradesh. My family income is 0 and I am differently abled.",26,,0.0,student,Madhya Pradesh,,TRUE
T1096,"Namaste, main 49 varsh ka mazdoor hu Madhya Pradesh se. Meri income 0 rupaye hai, aur main General varg se hoon. Main divyang hu.",49,,0.0,mazdoor,Madhya Pradesh,General,TRUE
T1097,"Namaste, main 36 varsh ka bunkar hu West Bengal se. Meri income 45000 rupaye hai, aur main SC varg se hoon. Main divyang hu.",36,,45000.0,bunkar,West Bengal,SC,TRUE
T1098,"Mera naam Ramesh hai, main Karnataka ka rehne wala hu. Main ST category se ek mahila hu aur rehri wala hu. Aamdani 0 per year hai.",26,Female,0.0,rehri wala,Karnataka,ST,FALSE
T1099,"Namaste, main 50 varsh ka artisan hu Karnataka se. Meri income 0 rupaye hai, aur main OBC varg se hoon. Main divyang hu.",50,,0.0,artisan,Karnataka,OBC,TRUE
T1100,"Mera naam Ramesh hai, main Karnataka ka rehne wala hu. Main OBC category se ek mahila hu aur farmer hu. Aamdani 350000 per year hai.",18,Female,350000.0,farmer,Karnataka,OBC,FALSE
T1101,"Main Rajasthan se ek labour hu, meri umar 51 saal hai aur saalana kamai 120000 rupe hai.",51,,120000.0,labour,Rajasthan,,FALSE
T1102,I am a 34 year old male mazdoor living in Madhya Pradesh. My annual household income is 600000 rupees.,34,Male,600000.0,mazdoor,Madhya Pradesh,,FALSE
T1103,"I belong to General category from Maharashtra. Age is 56, profession is artisan, income around 45000.",56,,45000.0,artisan,Maharashtra,General,FALSE
T1104,"Namaste, main 40 varsh ka student hu Bihar se. Meri income 350000 rupaye hai, aur main OBC varg se hoon. Main divyang hu.",40,,350000.0,student,Bihar,OBC,TRUE
T1105,"Mera naam Ramesh hai, main Karnataka ka rehne wala hu. Main SC category se ek mahila hu aur unemployed hu. Aamdani 45000 per year hai.",47,Female,45000.0,unemployed,Karnataka,SC,FALSE
T1106,"Hi, I am 36 years old student from Maharashtra. My family income is 200000 and I am differently abled.",36,,200000.0,farmer,Maharashtra,,TRUE
T1107,"I belong to SC category from Maharashtra. Age is 38, profession is farmer, income around 0.",38,,0.0,farmer,Maharashtra,SC,FALSE
T1108,"I belong to OBC category from Maharashtra. Age is 44, profession is berojgar, income around 200000.",44,,200000.0,berojgar,Maharashtra,OBC,FALSE
T1109,"Namaste, main 25 varsh ka bunkar hu Rajasthan se. Meri income 80000 rupaye hai, aur main ST varg se hoon. Main divyang hu.",25,,80000.0,bunkar,Rajasthan,ST,TRUE
T1110,"Hi, I am 42 years old student from Maharashtra. My family income is 350000 and I am differently abled.",42,,350000.0,bunkar,Maharashtra,,TRUE
T1111,I am a 22 year old female artisan living in Tamil Nadu. My annual household income is 350000 rupees.,22,Female,350000.0,artisan,Tamil Nadu,,FALSE
T1112,"Main Uttar Pradesh se ek labour hu, meri umar 34 saal hai aur saalana kamai 350000 rupe hai.",34,,350000.0,labour,Uttar Pradesh,,FALSE
T1113,"Hi, I am 60 years old student from Maharashtra. My family income is 0 and I am differently abled.",60,,0.0,labour,Maharashtra,,TRUE
T1114,"Namaste, main 50 varsh ka rehri wala hu Madhya Pradesh se. Meri income 45000 rupaye hai, aur main General varg se hoon. Main divyang hu.",50,,45000.0,rehri wala,Madhya Pradesh,General,TRUE
T1115,"Hi, I am 47 years old student from Madhya Pradesh. My family income is 120000 and I am differently abled.",47,,120000.0,labour,Madhya Pradesh,,TRUE
T1116,I am a 32 year old female bunkar living in Madhya Pradesh. My annual household income is 0 rupees.,32,Female,0.0,bunkar,Madhya Pradesh,,FALSE
T1117,"Mera naam Ramesh hai, main Karnataka ka rehne wala hu. Main ST category se ek mahila hu aur street vendor hu. Aamdani 200000 per year hai.",26,Female,200000.0,street vendor,Karnataka,ST,FALSE
T1118,"Namaste, main 28 varsh ka rehri wala hu Tamil Nadu se. Meri income 120000 rupaye hai, aur main OBC varg se hoon. Main divyang hu.",28,,120000.0,rehri wala,Tamil Nadu,OBC,TRUE
T1119,"Mera naam Ramesh hai, main Maharashtra ka rehne wala hu. Main SC category se ek purush hu aur weaver hu. Aamdani 0 per year hai.",58,Male,0.0,weaver,Maharashtra,SC,FALSE
T1120,"Main Bihar se ek chhatra hu, meri umar 19 saal hai aur saalana kamai 45000 rupe hai.",19,,45000.0,chhatra,Bihar,,FALSE
T1121,"Mera naam Ramesh hai, main Bihar ka rehne wala hu. Main ST category se ek purush hu aur berojgar hu. Aamdani 350000 per year hai.",62,Male,350000.0,berojgar,Bihar,ST,FALSE
T1122,"Main Rajasthan se ek weaver hu, meri umar 55 saal hai aur saalana kamai 350000 rupe hai.",55,,350000.0,weaver,Rajasthan,,FALSE
T1123,"I belong to General category from Maharashtra. Age is 24, profession is daily wage worker, income around 0.",24,,0.0,daily wage worker,Maharashtra,General,FALSE
T1124,"Mera naam Ramesh hai, main Madhya Pradesh ka rehne wala hu. Main SC category se ek purush hu aur rehri wala hu. Aamdani 80000 per year hai.",34,Male,80000.0,rehri wala,Madhya Pradesh,SC,FALSE
T1125,I am a 35 year old male unemployed living in Uttar Pradesh. My annual household income is 600000 rupees.,35,Male,600000.0,unemployed,Uttar Pradesh,,FALSE
T1126,I am a 21 year old male berojgar living in Madhya Pradesh. My annual household income is 120000 rupees.,21,Male,120000.0,berojgar,Madhya Pradesh,,FALSE
T1127,"I belong to OBC category from Bihar. Age is 53, profession is student, income around 600000.",53,,600000.0,student,Bihar,OBC,FALSE
T1128,"Main Tamil Nadu se ek kisan hu, meri umar 63 saal hai aur saalana kamai 120000 rupe hai.",63,,120000.0,kisan,Tamil Nadu,,FALSE
T1129,"Namaste, main 41 varsh ka unemployed hu Maharashtra se. Meri income 45000 rupaye hai, aur main SC varg se hoon. Main divyang hu.",41,,45000.0,unemployed,Maharashtra,SC,TRUE
T1130,"I belong to ST category from West Bengal. Age is 23, profession is daily wage worker, income around 80000.",23,,80000.0,daily wage worker,West Bengal,ST,FALSE
T1131,"Mera naam Ramesh hai, main Maharashtra ka rehne wala hu. Main OBC category se ek mahila hu aur unemployed hu. Aamdani 200000 per year hai.",29,Female,200000.0,unemployed,Maharashtra,OBC,FALSE
T1132,"Main Tamil Nadu se ek bunkar hu, meri umar 19 saal hai aur saalana kamai 600000 rupe hai.",19,,600000.0,bunkar,Tamil Nadu,,FALSE
T1133,"Mera naam Ramesh hai, main Tamil Nadu ka rehne wala hu. Main General category se ek purush hu aur chhatra hu. Aamdani 80000 per year hai.",61,Male,80000.0,chhatra,Tamil Nadu,General,FALSE
T1134,I am a 28 year old female mazdoor living in Maharashtra. My annual household income is 45000 rupees.,28,Female,45000.0,mazdoor,Maharashtra,,FALSE
T1135,"I belong to OBC category from Madhya Pradesh. Age is 49, profession is student, income around 45000.",49,,45000.0,student,Madhya Pradesh,OBC,FALSE
T1136,I am a 49 year old female mazdoor living in Rajasthan. My annual household income is 0 rupees.,49,Female,0.0,mazdoor,Rajasthan,,FALSE
T1137,"I belong to ST category from Maharashtra. Age is 58, profession is daily wage worker, income around 45000.",58,,45000.0,daily wage worker,Maharashtra,ST,FALSE
T1138,"Mera naam Ramesh hai, main Rajasthan ka rehne wala hu. Main SC category se ek purush hu aur berojgar hu. Aamdani 45000 per year hai.",48,Male,45000.0,berojgar,Rajasthan,SC,FALSE
T1139,"Namaste, main 58 varsh ka rehri wala hu Maharashtra se. Meri income 350000 rupaye hai, aur main SC varg se hoon. Main divyang hu.",58,,350000.0,rehri wala,Maharashtra,SC,TRUE
T1140,I am a 61 year old female farmer living in Rajasthan. My annual household income is 350000 rupees.,61,Female,350000.0,farmer,Rajasthan,,FALSE
T1141,"Mera naam Ramesh hai, main Karnataka ka rehne wala hu. Main SC category se ek purush hu aur bunkar hu. Aamdani 0 per year hai.",43,Male,0.0,bunkar,Karnataka,SC,FALSE
T1142,I am a 35 year old male bunkar living in Karnataka. My annual household income is 350000 rupees.,35,Male,350000.0,bunkar,Karnataka,,FALSE
T1143,"I belong to OBC category from Karnataka. Age is 59, profession is labour, income around 120000.",59,,120000.0,labour,Karnataka,OBC,FALSE
T1144,"I belong to OBC category from Madhya Pradesh. Age is 63, profession is chhatra, income around 200000.",63,,200000.0,chhatra,Madhya Pradesh,OBC,FALSE
T1145,"Mera naam Ramesh hai, main Karnataka ka rehne wala hu. Main General category se ek mahila hu aur street vendor hu. Aamdani 350000 per year hai.",57,Female,350000.0,street vendor,Karnataka,General,FALSE
T1146,"Hi, I am 37 years old student from Madhya Pradesh. My family income is 45000 and I am differently abled.",37,,45000.0,mazdoor,Madhya Pradesh,,TRUE
T1147,"Hi, I am 28 years old student from Maharashtra. My family income is 80000 and I am differently abled.",28,,80000.0,farmer,Maharashtra,,TRUE
T1148,"Mera naam Ramesh hai, main Uttar Pradesh ka rehne wala hu. Main ST category se ek purush hu aur student hu. Aamdani 200000 per year hai.",60,Male,200000.0,student,Uttar Pradesh,ST,FALSE
T1149,"Main Tamil Nadu se ek farmer hu, meri umar 20 saal hai aur saalana kamai 80000 rupe hai.",20,,80000.0,farmer,Tamil Nadu,,FALSE
T1150,"Hi, I am 41 years old student from Karnataka. My family income is 350000 and I am differently abled.",41,,350000.0,student,Karnataka,,TRUE
T1151,"I belong to SC category from Uttar Pradesh. Age is 37, profession is farmer, income around 600000.",37,,600000.0,farmer,Uttar Pradesh,SC,FALSE
T1152,"Mera naam Ramesh hai, main West Bengal ka rehne wala hu. Main SC category se ek purush hu aur farmer hu. Aamdani 45000 per year hai.",56,Male,45000.0,farmer,West Bengal,SC,FALSE
T1153,"I belong to OBC category from Tamil Nadu. Age is 48, profession is weaver, income around 80000.",48,,80000.0,weaver,Tamil Nadu,OBC,FALSE
T1154,"Hi, I am 54 years old student from Karnataka. My family income is 200000 and I am differently abled.",54,,200000.0,rehri wala,Karnataka,,TRUE
T1155,"Hi, I am 49 years old student from Uttar Pradesh. My family income is 120000 and I am differently abled.",49,,120000.0,weaver,Uttar Pradesh,,TRUE
T1156,"I belong to ST category from Madhya Pradesh. Age is 60, profession is labour, income around 45000.",60,,45000.0,labour,Madhya Pradesh,ST,FALSE
T1157,"Namaste, main 27 varsh ka unemployed hu Madhya Pradesh se. Meri income 45000 rupaye hai, aur main ST varg se hoon. Main divyang hu.",27,,45000.0,unemployed,Madhya Pradesh,ST,TRUE
T1158,"Namaste, main 47 varsh ka unemployed hu Karnataka se. Meri income 120000 rupaye hai, aur main General varg se hoon. Main divyang hu.",47,,120000.0,unemployed,Karnataka,General,TRUE
T1159,"Namaste, main 57 varsh ka unemployed hu Tamil Nadu se. Meri income 45000 rupaye hai, aur main ST varg se hoon. Main divyang hu.",57,,45000.0,unemployed,Tamil Nadu,ST,TRUE
T1160,I am a 28 year old male unemployed living in Tamil Nadu. My annual household income is 80000 rupees.,28,Male,80000.0,unemployed,Tamil Nadu,,FALSE
T1161,"I belong to ST category from Tamil Nadu. Age is 22, profession is chhatra, income around 0.",22,,0.0,chhatra,Tamil Nadu,ST,FALSE
T1162,I am a 36 year old female weaver living in Madhya Pradesh. My annual household income is 80000 rupees.,36,Female,80000.0,weaver,Madhya Pradesh,,FALSE
T1163,"Hi, I am 20 years old student from Rajasthan. My family income is 80000 and I am differently abled.",20,,80000.0,weaver,Rajasthan,,TRUE
T1164,I am a 37 year old female chhatra living in Madhya Pradesh. My annual household income is 350000 rupees.,37,Female,350000.0,chhatra,Madhya Pradesh,,FALSE
T1165,"Hi, I am 42 years old student from Madhya Pradesh. My family income is 0 and I am differently abled.",42,,0.0,berojgar,Madhya Pradesh,,TRUE
T1166,"Hi, I am 19 years old student from Tamil Nadu. My family income is 0 and I am differently abled.",19,,0.0,chhatra,Tamil Nadu,,TRUE
T1167,"Mera naam Ramesh hai, main West Bengal ka rehne wala hu. Main OBC category se ek purush hu aur chhatra hu. Aamdani 45000 per year hai.",31,Male,45000.0,chhatra,West Bengal,OBC,FALSE
T1168,"Hi, I am 38 years old student from Rajasthan. My family income is 0 and I am differently abled.",38,,0.0,artisan,Rajasthan,,TRUE
T1169,"Mera naam Ramesh hai, main Karnataka ka rehne wala hu. Main ST category se ek purush hu aur berojgar hu. Aamdani 600000 per year hai.",47,Male,600000.0,berojgar,Karnataka,ST,FALSE
T1170,"Hi, I am 27 years old student from Tamil Nadu. My family income is 350000 and I am differently abled.",27,,350000.0,farmer,Tamil Nadu,,TRUE
T1171,I am a 61 year old female street vendor living in Karnataka. My annual household income is 200000 rupees.,61,Female,200000.0,street vendor,Karnataka,,FALSE
T1172,"Main Karnataka se ek street vendor hu, meri umar 22 saal hai aur saalana kamai 600000 rupe hai.",22,,600000.0,street vendor,Karnataka,,FALSE
T1173,"I belong to General category from West Bengal. Age is 56, profession is rehri wala, income around 200000.",56,,200000.0,rehri wala,West Bengal,General,FALSE
T1174,I am a 51 year old male mazdoor living in Karnataka. My annual household income is 120000 rupees.,51,Male,120000.0,mazdoor,Karnataka,,FALSE
T1175,"Hi, I am 48 years old student from Karnataka. My family income is 45000 and I am differently abled.",48,,45000.0,rehri wala,Karnataka,,TRUE
T1176,"Mera naam Ramesh hai, main Karnataka ka rehne wala hu. Main General category se ek purush hu aur farmer hu. Aamdani 200000 per year hai.",52,Male,200000.0,farmer,Karnataka,General,FALSE
T1177,"Mera naam Ramesh hai, main Uttar Pradesh ka rehne wala hu. Main SC category se ek mahila hu aur street vendor hu. Aamdani 45000 per year hai.",18,Female,45000.0,street vendor,Uttar Pradesh,SC,FALSE
T1178,"Namaste, main 44 varsh ka student hu Uttar Pradesh se. Meri income 80000 rupaye hai, aur main SC varg se hoon. Main divyang hu.",44,,80000.0,student,Uttar Pradesh,SC,TRUE
T1179,"I belong to OBC category from Rajasthan. Age is 50, profession is street vendor, income around 350000.",50,,350000.0,street vendor,Rajasthan,OBC,FALSE
T1180,"Mera naam Ramesh hai, main Rajasthan ka rehne wala hu. Main OBC category se ek purush hu aur daily wage worker hu. Aamdani 350000 per year hai.",61,Male,350000.0,daily wage worker,Rajasthan,OBC,FALSE
T1181,"Hi, I am 56 years old student from Bihar. My family income is 80000 and I am differently abled.",56,,80000.0,artisan,Bihar,,TRUE
T1182,"I belong to SC category from Karnataka. Age is 36, profession is mazdoor, income around 350000.",36,,350000.0,mazdoor,Karnataka,SC,FALSE
T1183,"I belong to SC category from Rajasthan. Age is 55, profession is street vendor, income around 200000.",55,,200000.0,street vendor,Rajasthan,SC,FALSE
T1184,"Namaste, main 63 varsh ka labour hu West Bengal se. Meri income 200000 rupaye hai, aur main General varg se hoon. Main divyang hu.",63,,200000.0,labour,West Bengal,General,TRUE
T1185,"Main Rajasthan se ek chhatra hu, meri umar 43 saal hai aur saalana kamai 600000 rupe hai.",43,,600000.0,chhatra,Rajasthan,,FALSE
T1186,"I belong to General category from West Bengal. Age is 59, profession is labour, income around 350000.",59,,350000.0,labour,West Bengal,General,FALSE
T1187,"Mera naam Ramesh hai, main Maharashtra ka rehne wala hu. Main ST category se ek mahila hu aur berojgar hu. Aamdani 0 per year hai.",57,Female,0.0,berojgar,Maharashtra,ST,FALSE
T1188,"Mera naam Ramesh hai, main West Bengal ka rehne wala hu. Main General category se ek purush hu aur labour hu. Aamdani 600000 per year hai.",64,Male,600000.0,labour,West Bengal,General,FALSE
T1189,"Mera naam Ramesh hai, main Rajasthan ka rehne wala hu. Main OBC category se ek mahila hu aur weaver hu. Aamdani 200000 per year hai.",47,Female,200000.0,weaver,Rajasthan,OBC,FALSE
T1190,"Namaste, main 25 varsh ka labour hu Rajasthan se. Meri income 0 rupaye hai, aur main OBC varg se hoon. Main divyang hu.",25,,0.0,labour,Rajasthan,OBC,TRUE
T1191,"Namaste, main 50 varsh ka farmer hu Madhya Pradesh se. Meri income 80000 rupaye hai, aur main SC varg se hoon. Main divyang hu.",50,,80000.0,farmer,Madhya Pradesh,SC,TRUE
T1192,"Hi, I am 30 years old student from Karnataka. My family income is 120000 and I am differently abled.",30,,120000.0,mazdoor,Karnataka,,TRUE
T1193,I am a 20 year old female weaver living in Rajasthan. My annual household income is 45000 rupees.,20,Female,45000.0,weaver,Rajasthan,,FALSE
T1194,"Namaste, main 43 varsh ka farmer hu West Bengal se. Meri income 80000 rupaye hai, aur main OBC varg se hoon. Main divyang hu.",43,,80000.0,farmer,West Bengal,OBC,TRUE
T1195,"Hi, I am 56 years old student from Madhya Pradesh. My family income is 350000 and I am differently abled.",56,,350000.0,kisan,Madhya Pradesh,,TRUE
T1196,"Hi, I am 46 years old student from Tamil Nadu. My family income is 350000 and I am differently abled.",46,,350000.0,bunkar,Tamil Nadu,,TRUE
T1197,"Mera naam Ramesh hai, main West Bengal ka rehne wala hu. Main General category se ek purush hu aur chhatra hu. Aamdani 0 per year hai.",57,Male,0.0,chhatra,West Bengal,General,FALSE
T1198,I am a 27 year old female farmer living in Bihar. My annual household income is 200000 rupees.,27,Female,200000.0,farmer,Bihar,,FALSE
T1199,"Mera naam Ramesh hai, main Uttar Pradesh ka rehne wala hu. Main SC category se ek purush hu aur rehri wala hu. Aamdani 200000 per year hai.",50,Male,200000.0,rehri wala,Uttar Pradesh,SC,FALSE
T1200,"Main Karnataka se ek street vendor hu, meri umar 22 saal hai aur saalana kamai 200000 rupe hai.",22,,200000.0,street vendor,Karnataka,,FALSE
T1201,"Hi, I am 23 years old student from Uttar Pradesh. My family income is 350000 and I am differently abled.",23,,350000.0,kisan,Uttar Pradesh,,TRUE
T1202,"I belong to OBC category from Madhya Pradesh. Age is 37, profession is berojgar, income around 120000.",37,,120000.0,berojgar,Madhya Pradesh,OBC,FALSE
T1203,I am a 53 year old male daily wage worker living in Madhya Pradesh. My annual household income is 120000 rupees.,53,Male,120000.0,daily wage worker,Madhya Pradesh,,FALSE
T1204,"Hi, I am 58 years old student from Tamil Nadu. My family income is 120000 and I am differently abled.",58,,120000.0,artisan,Tamil Nadu,,TRUE
T1205,"Main West Bengal se ek bunkar hu, meri umar 63 saal hai aur saalana kamai 45000 rupe hai.",63,,45000.0,bunkar,West Bengal,,FALSE
T1206,I am a 39 year old female rehri wala living in Tamil Nadu. My annual household income is 80000 rupees.,39,Female,80000.0,rehri wala,Tamil Nadu,,FALSE
T1207,I am a 23 year old male artisan living in Maharashtra. My annual household income is 80000 rupees.,23,Male,80000.0,artisan,Maharashtra,,FALSE
T1208,"I belong to General category from Maharashtra. Age is 33, profession is kisan, income around 600000.",33,,600000.0,kisan,Maharashtra,General,FALSE
T1209,"Hi, I am 40 years old student from Maharashtra. My family income is 120000 and I am differently abled.",40,,120000.0,chhatra,Maharashtra,,TRUE
T1210,I am a 33 year old female berojgar living in Rajasthan. My annual household income is 0 rupees.,33,Female,0.0,berojgar,Rajasthan,,FALSE
T1211,"Mera naam Ramesh hai, main Uttar Pradesh ka rehne wala hu. Main General category se ek mahila hu aur labour hu. Aamdani 80000 per year hai.",40,Female,80000.0,labour,Uttar Pradesh,General,FALSE
T1212,"Mera naam Ramesh hai, main Rajasthan ka rehne wala hu. Main OBC category se ek purush hu aur berojgar hu. Aamdani 80000 per year hai.",29,Male,80000.0,berojgar,Rajasthan,OBC,FALSE
T1213,"Namaste, main 54 varsh ka labour hu Maharashtra se. Meri income 45000 rupaye hai, aur main OBC varg se hoon. Main divyang hu.",54,,45000.0,labour,Maharashtra,OBC,TRUE
T1214,"Mera naam Ramesh hai, main West Bengal ka rehne wala hu. Main General category se ek purush hu aur artisan hu. Aamdani 200000 per year hai.",58,Male,200000.0,artisan,West Bengal,General,FALSE
T1215,"Main West Bengal se ek student hu, meri umar 58 saal hai aur saalana kamai 45000 rupe hai.",58,,45000.0,student,West Bengal,,FALSE
T1216,"Mera naam Ramesh hai, main Rajasthan ka rehne wala hu. Main ST category se ek mahila hu aur labour hu. Aamdani 200000 per year hai.",62,Female,200000.0,labour,Rajasthan,ST,FALSE
T1217,"Main Tamil Nadu se ek kisan hu, meri umar 40 saal hai aur saalana kamai 80000 rupe hai.",40,,80000.0,kisan,Tamil Nadu,,FALSE
T1218,I am a 30 year old female artisan living in Karnataka. My annual household income is 45000 rupees.,30,Female,45000.0,artisan,Karnataka,,FALSE
T1219,I am a 63 year old female student living in Bihar. My annual household income is 0 rupees.,63,Female,0.0,student,Bihar,,FALSE
T1220,"Hi, I am 48 years old student from Bihar. My family income is 80000 and I am differently abled.",48,,80000.0,bunkar,Bihar,,TRUE
T1221,"Mera naam Ramesh hai, main Maharashtra ka rehne wala hu. Main SC category se ek mahila hu aur kisan hu. Aamdani 80000 per year hai.",31,Female,80000.0,kisan,Maharashtra,SC,FALSE
T1222,"I belong to General category from Rajasthan. Age is 18, profession is street vendor, income around 200000.",18,,200000.0,street vendor,Rajasthan,General,FALSE
T1223,I am a 27 year old male berojgar living in Uttar Pradesh. My annual household income is 600000 rupees.,27,Male,600000.0,berojgar,Uttar Pradesh,,FALSE
T1224,I am a 52 year old female rehri wala living in Rajasthan. My annual household income is 0 rupees.,52,Female,0.0,rehri wala,Rajasthan,,FALSE
T1225,"Mera naam Ramesh hai, main Bihar ka rehne wala hu. Main OBC category se ek mahila hu aur farmer hu. Aamdani 120000 per year hai.",21,Female,120000.0,farmer,Bihar,OBC,FALSE
T1226,"Hi, I am 39 years old student from Maharashtra. My family income is 0 and I am differently abled.",39,,0.0,labour,Maharashtra,,TRUE
T1227,"I belong to OBC category from Maharashtra. Age is 59, profession is street vendor, income around 350000.",59,,350000.0,street vendor,Maharashtra,OBC,FALSE
T1228,"Hi, I am 21 years old student from Bihar. My family income is 45000 and I am differently abled.",21,,45000.0,street vendor,Bihar,,TRUE
T1229,"Namaste, main 24 varsh ka street vendor hu Karnataka se. Meri income 600000 rupaye hai, aur main General varg se hoon. Main divyang hu.",24,,600000.0,street vendor,Karnataka,General,TRUE
T1230,I am a 26 year old male kisan living in Karnataka. My annual household income is 80000 rupees.,26,Male,80000.0,kisan,Karnataka,,FALSE
T1231,I am a 50 year old male chhatra living in West Bengal. My annual household income is 600000 rupees.,50,Male,600000.0,chhatra,West Bengal,,FALSE
T1232,"Hi, I am 62 years old student from Karnataka. My family income is 600000 and I am differently abled.",62,,600000.0,unemployed,Karnataka,,TRUE
T1233,"Main West Bengal se ek mazdoor hu, meri umar 25 saal hai aur saalana kamai 200000 rupe hai.",25,,200000.0,mazdoor,West Bengal,,FALSE
T1234,"Main Rajasthan se ek chhatra hu, meri umar 19 saal hai aur saalana kamai 600000 rupe hai.",19,,600000.0,chhatra,Rajasthan,,FALSE
T1235,"Namaste, main 47 varsh ka student hu Uttar Pradesh se. Meri income 600000 rupaye hai, aur main ST varg se hoon. Main divyang hu.",47,,600000.0,student,Uttar Pradesh,ST,TRUE
T1236,"I belong to OBC category from Rajasthan. Age is 20, profession is weaver, income around 0.",20,,0.0,weaver,Rajasthan,OBC,FALSE
T1237,"Main Karnataka se ek farmer hu, meri umar 45 saal hai aur saalana kamai 45000 rupe hai.",45,,45000.0,farmer,Karnataka,,FALSE
T1238,"Namaste, main 64 varsh ka daily wage worker hu West Bengal se. Meri income 45000 rupaye hai, aur main OBC varg se hoon. Main divyang hu.",64,,45000.0,daily wage worker,West Bengal,OBC,TRUE
T1239,"Namaste, main 39 varsh ka student hu West Bengal se. Meri income 350000 rupaye hai, aur main ST varg se hoon. Main divyang hu.",39,,350000.0,student,West Bengal,ST,TRUE
T1240,"Mera naam Ramesh hai, main Madhya Pradesh ka rehne wala hu. Main General category se ek mahila hu aur farmer hu. Aamdani 0 per year hai.",64,Female,0.0,farmer,Madhya Pradesh,General,FALSE
T1241,"Mera naam Ramesh hai, main Tamil Nadu ka rehne wala hu. Main OBC category se ek mahila hu aur chhatra hu. Aamdani 45000 per year hai.",21,Female,45000.0,chhatra,Tamil Nadu,OBC,FALSE
T1242,"Hi, I am 33 years old student from Karnataka. My family income is 600000 and I am differently abled.",33,,600000.0,berojgar,Karnataka,,TRUE
T1243,"Hi, I am 23 years old student from Tamil Nadu. My family income is 600000 and I am differently abled.",23,,600000.0,labour,Tamil Nadu,,TRUE
T1244,"Namaste, main 27 varsh ka labour hu Tamil Nadu se. Meri income 0 rupaye hai, aur main SC varg se hoon. Main divyang hu.",27,,0.0,labour,Tamil Nadu,SC,TRUE
T1245,"Namaste, main 64 varsh ka labour hu Rajasthan se. Meri income 200000 rupaye hai, aur main General varg se hoon. Main divyang hu.",64,,200000.0,labour,Rajasthan,General,TRUE
T1246,I am a 40 year old male student living in Rajasthan. My annual household income is 200000 rupees.,40,Male,200000.0,student,Rajasthan,,FALSE
T1247,"Mera naam Ramesh hai, main Madhya Pradesh ka rehne wala hu. Main ST category se ek purush hu aur daily wage worker hu. Aamdani 350000 per year hai.",33,Male,350000.0,daily wage worker,Madhya Pradesh,ST,FALSE
T1248,"Mera naam Ramesh hai, main Karnataka ka rehne wala hu. Main SC category se ek purush hu aur bunkar hu. Aamdani 200000 per year hai.",47,Male,200000.0,bunkar,Karnataka,SC,FALSE
T1249,"Mera naam Ramesh hai, main Karnataka ka rehne wala hu. Main General category se ek mahila hu aur artisan hu. Aamdani 45000 per year hai.",37,Female,45000.0,artisan,Karnataka,General,FALSE
T1250,I am a 47 year old female chhatra living in West Bengal. My annual household income is 600000 rupees.,47,Female,600000.0,chhatra,West Bengal,,FALSE
T1251,I am a 21 year old female rehri wala living in Maharashtra. My annual household income is 200000 rupees.,21,Female,200000.0,rehri wala,Maharashtra,,FALSE
T1252,"Hi, I am 56 years old student from Bihar. My family income is 120000 and I am differently abled.",56,,120000.0,daily wage worker,Bihar,,TRUE
T1253,I am a 62 year old male street vendor living in West Bengal. My annual household income is 350000 rupees.,62,Male,350000.0,street vendor,West Bengal,,FALSE
T1254,"Namaste, main 53 varsh ka kisan hu Bihar se. Meri income 80000 rupaye hai, aur main ST varg se hoon. Main divyang hu.",53,,80000.0,kisan,Bihar,ST,TRUE
T1255,I am a 53 year old male daily wage worker living in Bihar. My annual household income is 350000 rupees.,53,Male,350000.0,daily wage worker,Bihar,,FALSE
T1256,"Main Maharashtra se ek daily wage worker hu, meri umar 25 saal hai aur saalana kamai 80000 rupe hai.",25,,80000.0,daily wage worker,Maharashtra,,FALSE
T1257,"Main Tamil Nadu se ek bunkar hu, meri umar 40 saal hai aur saalana kamai 200000 rupe hai.",40,,200000.0,bunkar,Tamil Nadu,,FALSE
T1258,"I belong to SC category from Uttar Pradesh. Age is 20, profession is student, income around 45000.",20,,45000.0,student,Uttar Pradesh,SC,FALSE
T1259,"Namaste, main 26 varsh ka rehri wala hu Tamil Nadu se. Meri income 350000 rupaye hai, aur main OBC varg se hoon. Main divyang hu.",26,,350000.0,rehri wala,Tamil Nadu,OBC,TRUE
T1260,I am a 25 year old female labour living in Madhya Pradesh. My annual household income is 350000 rupees.,25,Female,350000.0,labour,Madhya Pradesh,,FALSE
T1261,"Hi, I am 55 years old student from Madhya Pradesh. My family income is 45000 and I am differently abled.",55,,45000.0,street vendor,Madhya Pradesh,,TRUE
T1262,"Namaste, main 45 varsh ka street vendor hu Maharashtra se. Meri income 0 rupaye hai, aur main ST varg se hoon. Main divyang hu.",45,,0.0,street vendor,Maharashtra,ST,TRUE
T1263,"Hi, I am 36 years old student from Rajasthan. My family income is 45000 and I am differently abled.",36,,45000.0,labour,Rajasthan,,TRUE
T1264,"Namaste, main 40 varsh ka berojgar hu Karnataka se. Meri income 45000 rupaye hai, aur main ST varg se hoon. Main divyang hu.",40,,45000.0,berojgar,Karnataka,ST,TRUE
T1265,"Mera naam Ramesh hai, main West Bengal ka rehne wala hu. Main General category se ek mahila hu aur labour hu. Aamdani 0 per year hai.",40,Female,0.0,labour,West Bengal,General,FALSE
T1266,"Namaste, main 51 varsh ka unemployed hu Karnataka se. Meri income 600000 rupaye hai, aur main SC varg se hoon. Main divyang hu.",51,,600000.0,unemployed,Karnataka,SC,TRUE
T1267,"I belong to General category from Rajasthan. Age is 61, profession is kisan, income around 120000.",61,,120000.0,kisan,Rajasthan,General,FALSE
T1268,"Mera naam Ramesh hai, main Bihar ka rehne wala hu. Main SC category se ek purush hu aur daily wage worker hu. Aamdani 350000 per year hai.",62,Male,350000.0,daily wage worker,Bihar,SC,FALSE
T1269,"Mera naam Ramesh hai, main Madhya Pradesh ka rehne wala hu. Main General category se ek mahila hu aur farmer hu. Aamdani 0 per year hai.",35,Female,0.0,farmer,Madhya Pradesh,General,FALSE
T1270,"Hi, I am 38 years old student from Maharashtra. My family income is 0 and I am differently abled.",38,,0.0,farmer,Maharashtra,,TRUE
T1271,"Main Tamil Nadu se ek chhatra hu, meri umar 24 saal hai aur saalana kamai 200000 rupe hai.",24,,200000.0,chhatra,Tamil Nadu,,FALSE
T1272,"Hi, I am 57 years old student from Rajasthan. My family income is 45000 and I am differently abled.",57,,45000.0,farmer,Rajasthan,,TRUE
T1273,"Namaste, main 28 varsh ka chhatra hu West Bengal se. Meri income 350000 rupaye hai, aur main General varg se hoon. Main divyang hu.",28,,350000.0,chhatra,West Bengal,General,TRUE
T1274,"Namaste, main 51 varsh ka bunkar hu Rajasthan se. Meri income 0 rupaye hai, aur main General varg se hoon. Main divyang hu.",51,,0.0,bunkar,Rajasthan,General,TRUE
T1275,"Namaste, main 60 varsh ka labour hu Tamil Nadu se. Meri income 350000 rupaye hai, aur main General varg se hoon. Main divyang hu.",60,,350000.0,labour,Tamil Nadu,General,TRUE
T1276,I am a 31 year old male kisan living in Madhya Pradesh. My annual household income is 600000 rupees.,31,Male,600000.0,kisan,Madhya Pradesh,,FALSE
T1277,"Main Tamil Nadu se ek berojgar hu, meri umar 21 saal hai aur saalana kamai 45000 rupe hai.",21,,45000.0,berojgar,Tamil Nadu,,FALSE
T1278,"Main West Bengal se ek rehri wala hu, meri umar 30 saal hai aur saalana kamai 120000 rupe hai.",30,,120000.0,rehri wala,West Bengal,,FALSE
T1279,"Mera naam Ramesh hai, main Uttar Pradesh ka rehne wala hu. Main ST category se ek purush hu aur kisan hu. Aamdani 80000 per year hai.",61,Male,80000.0,kisan,Uttar Pradesh,ST,FALSE
T1280,"I belong to SC category from Maharashtra. Age is 28, profession is bunkar, income around 350000.",28,,350000.0,bunkar,Maharashtra,SC,FALSE
T1281,"Main Madhya Pradesh se ek unemployed hu, meri umar 34 saal hai aur saalana kamai 200000 rupe hai.",34,,200000.0,unemployed,Madhya Pradesh,,FALSE
T1282,"I belong to OBC category from Uttar Pradesh. Age is 19, profession is bunkar, income around 80000.",19,,80000.0,bunkar,Uttar Pradesh,OBC,FALSE
T1283,I am a 28 year old female farmer living in Tamil Nadu. My annual household income is 600000 rupees.,28,Female,600000.0,farmer,Tamil Nadu,,FALSE
T1284,"I belong to SC category from Madhya Pradesh. Age is 62, profession is chhatra, income around 120000.",62,,120000.0,chhatra,Madhya Pradesh,SC,FALSE
T1285,"Namaste, main 22 varsh ka chhatra hu Maharashtra se. Meri income 120000 rupaye hai, aur main General varg se hoon. Main divyang hu.",22,,120000.0,chhatra,Maharashtra,General,TRUE
T1286,"Hi, I am 60 years old student from Madhya Pradesh. My family income is 0 and I am differently abled.",60,,0.0,labour,Madhya Pradesh,,TRUE
T1287,"I belong to General category from West Bengal. Age is 51, profession is unemployed, income around 350000.",51,,350000.0,unemployed,West Bengal,General,FALSE
T1288,"Main Bihar se ek berojgar hu, meri umar 26 saal hai aur saalana kamai 45000 rupe hai.",26,,45000.0,berojgar,Bihar,,FALSE
T1289,I am a 19 year old male berojgar living in Karnataka. My annual household income is 45000 rupees.,19,Male,45000.0,berojgar,Karnataka,,FALSE
T1290,"I belong to ST category from West Bengal. Age is 62, profession is bunkar, income around 45000.",62,,45000.0,bunkar,West Bengal,ST,FALSE
T1291,"Main Madhya Pradesh se ek farmer hu, meri umar 58 saal hai aur saalana kamai 600000 rupe hai.",58,,600000.0,farmer,Madhya Pradesh,,FALSE
T1292,"I belong to OBC category from Madhya Pradesh. Age is 32, profession is student, income around 45000.",32,,45000.0,student,Madhya Pradesh,OBC,FALSE
T1293,"Hi, I am 36 years old student from Maharashtra. My family income is 350000 and I am differently abled.",36,,350000.0,artisan,Maharashtra,,TRUE
T1294,"Hi, I am 64 years old student from Karnataka. My family income is 80000 and I am differently abled.",64,,80000.0,kisan,Karnataka,,TRUE
T1295,"Namaste, main 48 varsh ka rehri wala hu Uttar Pradesh se. Meri income 200000 rupaye hai, aur main ST varg se hoon. Main divyang hu.",48,,200000.0,rehri wala,Uttar Pradesh,ST,TRUE
T1296,"Hi, I am 47 years old student from Maharashtra. My family income is 120000 and I am differently abled.",47,,120000.0,farmer,Maharashtra,,TRUE
T1297,"Mera naam Ramesh hai, main Uttar Pradesh ka rehne wala hu. Main OBC category se ek mahila hu aur artisan hu. Aamdani 0 per year hai.",21,Female,0.0,artisan,Uttar Pradesh,OBC,FALSE
T1298,"Mera naam Ramesh hai, main West Bengal ka rehne wala hu. Main OBC category se ek purush hu aur daily wage worker hu. Aamdani 120000 per year hai.",59,Male,120000.0,daily wage worker,West Bengal,OBC,FALSE
T1299,"Main Karnataka se ek daily wage worker hu, meri umar 38 saal hai aur saalana kamai 120000 rupe hai.",38,,120000.0,daily wage worker,Karnataka,,FALSE
T1300,"Mera naam Ramesh hai, main Maharashtra ka rehne wala hu. Main OBC category se ek purush hu aur chhatra hu. Aamdani 120000 per year hai.",34,Male,120000.0,chhatra,Maharashtra,OBC,FALSE
T1301,"I belong to ST category from Karnataka. Age is 38, profession is artisan, income around 350000.",38,,350000.0,artisan,Karnataka,ST,FALSE
T1302,"Hi, I am 63 years old student from Tamil Nadu. My family income is 600000 and I am differently abled.",63,,600000.0,student,Tamil Nadu,,TRUE
T1303,"Mera naam Ramesh hai, main Tamil Nadu ka rehne wala hu. Main General category se ek mahila hu aur artisan hu. Aamdani 0 per year hai.",40,Female,0.0,artisan,Tamil Nadu,General,FALSE
T1304,I am a 62 year old male chhatra living in Maharashtra. My annual household income is 600000 rupees.,62,Male,600000.0,chhatra,Maharashtra,,FALSE
T1305,"I belong to ST category from Bihar. Age is 53, profession is weaver, income around 600000.",53,,600000.0,weaver,Bihar,ST,FALSE
T1306,"Main Madhya Pradesh se ek mazdoor hu, meri umar 32 saal hai aur saalana kamai 120000 rupe hai.",32,,120000.0,mazdoor,Madhya Pradesh,,FALSE
T1307,"Main Rajasthan se ek street vendor hu, meri umar 47 saal hai aur saalana kamai 0 rupe hai.",47,,0.0,street vendor,Rajasthan,,FALSE
T1308,"Hi, I am 33 years old student from Madhya Pradesh. My family income is 350000 and I am differently abled.",33,,350000.0,unemployed,Madhya Pradesh,,TRUE
T1309,"Mera naam Ramesh hai, main Rajasthan ka rehne wala hu. Main General category se ek mahila hu aur berojgar hu. Aamdani 120000 per year hai.",59,Female,120000.0,berojgar,Rajasthan,General,FALSE
T1310,"Hi, I am 38 years old student from Bihar. My family income is 45000 and I am differently abled.",38,,45000.0,chhatra,Bihar,,TRUE
T1311,"Namaste, main 61 varsh ka bunkar hu Uttar Pradesh se. Meri income 0 rupaye hai, aur main ST varg se hoon. Main divyang hu.",61,,0.0,bunkar,Uttar Pradesh,ST,TRUE
T1312,"Hi, I am 57 years old student from Rajasthan. My family income is 45000 and I am differently abled.",57,,45000.0,student,Rajasthan,,TRUE
T1313,"I belong to OBC category from Madhya Pradesh. Age is 36, profession is student, income around 600000.",36,,600000.0,student,Madhya Pradesh,OBC,FALSE
T1314,"Hi, I am 28 years old student from Bihar. My family income is 0 and I am differently abled.",28,,0.0,artisan,Bihar,,TRUE
T1315,"Hi, I am 29 years old student from Madhya Pradesh. My family income is 350000 and I am differently abled.",29,,350000.0,chhatra,Madhya Pradesh,,TRUE
T1316,"Mera naam Ramesh hai, main Madhya Pradesh ka rehne wala hu. Main SC category se ek purush hu aur unemployed hu. Aamdani 600000 per year hai.",26,Male,600000.0,unemployed,Madhya Pradesh,SC,FALSE
T1317,"I belong to SC category from Rajasthan. Age is 31, profession is unemployed, income around 600000.",31,,600000.0,unemployed,Rajasthan,SC,FALSE
T1318,"Hi, I am 63 years old student from Karnataka. My family income is 600000 and I am differently abled.",63,,600000.0,student,Karnataka,,TRUE
T1319,"Mera naam Ramesh hai, main Tamil Nadu ka rehne wala hu. Main ST category se ek purush hu aur daily wage worker hu. Aamdani 120000 per year hai.",26,Male,120000.0,daily wage worker,Tamil Nadu,ST,FALSE
T1320,"I belong to General category from Madhya Pradesh. Age is 50, profession is weaver, income around 120000.",50,,120000.0,weaver,Madhya Pradesh,General,FALSE
T1321,"Mera naam Ramesh hai, main West Bengal ka rehne wala hu. Main SC category se ek mahila hu aur unemployed hu. Aamdani 120000 per year hai.",41,Female,120000.0,unemployed,West Bengal,SC,FALSE
T1322,"Namaste, main 22 varsh ka kisan hu Karnataka se. Meri income 600000 rupaye hai, aur main SC varg se hoon. Main divyang hu.",22,,600000.0,kisan,Karnataka,SC,TRUE
T1323,"Main West Bengal se ek artisan hu, meri umar 51 saal hai aur saalana kamai 80000 rupe hai.",51,,80000.0,artisan,West Bengal,,FALSE
T1324,"Main Maharashtra se ek farmer hu, meri umar 65 saal hai aur saalana kamai 0 rupe hai.",65,,0.0,farmer,Maharashtra,,FALSE
T1325,"Mera naam Ramesh hai, main Uttar Pradesh ka rehne wala hu. Main SC category se ek purush hu aur student hu. Aamdani 350000 per year hai.",45,Male,350000.0,student,Uttar Pradesh,SC,FALSE
T1326,"Namaste, main 31 varsh ka mazdoor hu Maharashtra se. Meri income 80000 rupaye hai, aur main General varg se hoon. Main divyang hu.",31,,80000.0,mazdoor,Maharashtra,General,TRUE
T1327,"I belong to ST category from Maharashtra. Age is 53, profession is kisan, income around 0.",53,,0.0,kisan,Maharashtra,ST,FALSE
T1328,"Namaste, main 57 varsh ka berojgar hu Uttar Pradesh se. Meri income 0 rupaye hai, aur main ST varg se hoon. Main divyang hu.",57,,0.0,berojgar,Uttar Pradesh,ST,TRUE
T1329,"Mera naam Ramesh hai, main Maharashtra ka rehne wala hu. Main SC category se ek purush hu aur mazdoor hu. Aamdani 600000 per year hai.",39,Male,600000.0,mazdoor,Maharashtra,SC,FALSE
T1330,"I belong to ST category from Bihar. Age is 59, profession is farmer, income around 600000.",59,,600000.0,farmer,Bihar,ST,FALSE
T1331,"Namaste, main 31 varsh ka street vendor hu Uttar Pradesh se. Meri income 200000 rupaye hai, aur main OBC varg se hoon. Main divyang hu.",31,,200000.0,street vendor,Uttar Pradesh,OBC,TRUE
T1332,"Mera naam Ramesh hai, main West Bengal ka rehne wala hu. Main General category se ek mahila hu aur daily wage worker hu. Aamdani 120000 per year hai.",35,Female,120000.0,daily wage worker,West Bengal,General,FALSE
T1333,"Namaste, main 49 varsh ka student hu Tamil Nadu se. Meri income 0 rupaye hai, aur main General varg se hoon. Main divyang hu.",49,,0.0,student,Tamil Nadu,General,TRUE
T1334,I am a 60 year old male street vendor living in Karnataka. My annual household income is 0 rupees.,60,Male,0.0,street vendor,Karnataka,,FALSE
T1335,"Main Uttar Pradesh se ek student hu, meri umar 60 saal hai aur saalana kamai 45000 rupe hai.",60,,45000.0,student,Uttar Pradesh,,FALSE
T1336,"Hi, I am 20 years old student from Madhya Pradesh. My family income is 200000 and I am differently abled.",20,,200000.0,bunkar,Madhya Pradesh,,TRUE
T1337,"Namaste, main 53 varsh ka bunkar hu Maharashtra se. Meri income 0 rupaye hai, aur main SC varg se hoon. Main divyang hu.",53,,0.0,bunkar,Maharashtra,SC,TRUE
T1338,"Hi, I am 60 years old student from Tamil Nadu. My family income is 45000 and I am differently abled.",60,,45000.0,kisan,Tamil Nadu,,TRUE
T1339,"Main Madhya Pradesh se ek berojgar hu, meri umar 21 saal hai aur saalana kamai 0 rupe hai.",21,,0.0,berojgar,Madhya Pradesh,,FALSE
T1340,"Namaste, main 28 varsh ka artisan hu Maharashtra se. Meri income 200000 rupaye hai, aur main OBC varg se hoon. Main divyang hu.",28,,200000.0,artisan,Maharashtra,OBC,TRUE
T1341,"Namaste, main 33 varsh ka chhatra hu Maharashtra se. Meri income 80000 rupaye hai, aur main OBC varg se hoon. Main divyang hu.",33,,80000.0,chhatra,Maharashtra,OBC,TRUE
T1342,"Main Rajasthan se ek rehri wala hu, meri umar 42 saal hai aur saalana kamai 350000 rupe hai.",42,,350000.0,rehri wala,Rajasthan,,FALSE
T1343,"Hi, I am 31 years old student from Maharashtra. My family income is 350000 and I am differently abled.",31,,350000.0,rehri wala,Maharashtra,,TRUE
T1344,"Main Madhya Pradesh se ek daily wage worker hu, meri umar 61 saal hai aur saalana kamai 0 rupe hai.",61,,0.0,daily wage worker,Madhya Pradesh,,FALSE
T1345,"Mera naam Ramesh hai, main Karnataka ka rehne wala hu. Main General category se ek mahila hu aur farmer hu. Aamdani 45000 per year hai.",47,Female,45000.0,farmer,Karnataka,General,FALSE
T1346,"Mera naam Ramesh hai, main West Bengal ka rehne wala hu. Main ST category se ek mahila hu aur student hu. Aamdani 600000 per year hai.",44,Female,600000.0,student,West Bengal,ST,FALSE
T1347,"I belong to SC category from Uttar Pradesh. Age is 49, profession is unemployed, income around 120000.",49,,120000.0,unemployed,Uttar Pradesh,SC,FALSE
T1348,"Namaste, main 20 varsh ka rehri wala hu Maharashtra se. Meri income 350000 rupaye hai, aur main ST varg se hoon. Main divyang hu.",20,,350000.0,rehri wala,Maharashtra,ST,TRUE
T1349,"Namaste, main 26 varsh ka daily wage worker hu Maharashtra se. Meri income 350000 rupaye hai, aur main OBC varg se hoon. Main divyang hu.",26,,350000.0,daily wage worker,Maharashtra,OBC,TRUE
T1350,"Main Uttar Pradesh se ek mazdoor hu, meri umar 25 saal hai aur saalana kamai 80000 rupe hai.",25,,80000.0,mazdoor,Uttar Pradesh,,FALSE
T1351,"Namaste, main 60 varsh ka farmer hu Maharashtra se. Meri income 45000 rupaye hai, aur main ST varg se hoon. Main divyang hu.",60,,45000.0,farmer,Maharashtra,ST,TRUE
T1352,"Namaste, main 63 varsh ka berojgar hu Tamil Nadu se. Meri income 120000 rupaye hai, aur main OBC varg se hoon. Main divyang hu.",63,,120000.0,berojgar,Tamil Nadu,OBC,TRUE
T1353,I am a 44 year old female weaver living in Madhya Pradesh. My annual household income is 200000 rupees.,44,Female,200000.0,weaver,Madhya Pradesh,,FALSE
T1354,"Mera naam Ramesh hai, main Madhya Pradesh ka rehne wala hu. Main SC category se ek purush hu aur unemployed hu. Aamdani 350000 per year hai.",42,Male,350000.0,unemployed,Madhya Pradesh,SC,FALSE
T1355,"Main Tamil Nadu se ek weaver hu, meri umar 54 saal hai aur saalana kamai 45000 rupe hai.",54,,45000.0,weaver,Tamil Nadu,,FALSE
T1356,"I belong to OBC category from Karnataka. Age is 56, profession is rehri wala, income around 45000.",56,,45000.0,rehri wala,Karnataka,OBC,FALSE
T1357,"Main Madhya Pradesh se ek artisan hu, meri umar 28 saal hai aur saalana kamai 200000 rupe hai.",28,,200000.0,artisan,Madhya Pradesh,,FALSE
T1358,"I belong to General category from West Bengal. Age is 22, profession is unemployed, income around 120000.",22,,120000.0,unemployed,West Bengal,General,FALSE
T1359,"Hi, I am 50 years old student from West Bengal. My family income is 45000 and I am differently abled.",50,,45000.0,weaver,West Bengal,,TRUE
T1360,"Mera naam Ramesh hai, main Rajasthan ka rehne wala hu. Main ST category se ek purush hu aur unemployed hu. Aamdani 200000 per year hai.",52,Male,200000.0,unemployed,Rajasthan,ST,FALSE
T1361,"Namaste, main 52 varsh ka farmer hu Maharashtra se. Meri income 0 rupaye hai, aur main OBC varg se hoon. Main divyang hu.",52,,0.0,farmer,Maharashtra,OBC,TRUE
T1362,I am a 45 year old male unemployed living in Bihar. My annual household income is 120000 rupees.,45,Male,120000.0,unemployed,Bihar,,FALSE
T1363,"Hi, I am 42 years old student from Maharashtra. My family income is 120000 and I am differently abled.",42,,120000.0,daily wage worker,Maharashtra,,TRUE
T1364,I am a 35 year old female weaver living in Maharashtra. My annual household income is 80000 rupees.,35,Female,80000.0,weaver,Maharashtra,,FALSE
T1365,"Namaste, main 34 varsh ka unemployed hu Maharashtra se. Meri income 80000 rupaye hai, aur main General varg se hoon. Main divyang hu.",34,,80000.0,unemployed,Maharashtra,General,TRUE
T1366,I am a 40 year old female street vendor living in West Bengal. My annual household income is 80000 rupees.,40,Female,80000.0,street vendor,West Bengal,,FALSE
T1367,I am a 34 year old female farmer living in West Bengal. My annual household income is 350000 rupees.,34,Female,350000.0,farmer,West Bengal,,FALSE
T1368,"I belong to General category from Maharashtra. Age is 23, profession is weaver, income around 350000.",23,,350000.0,weaver,Maharashtra,General,FALSE
T1369,"Main Madhya Pradesh se ek berojgar hu, meri umar 20 saal hai aur saalana kamai 120000 rupe hai.",20,,120000.0,berojgar,Madhya Pradesh,,FALSE
T1370,"Mera naam Ramesh hai, main Uttar Pradesh ka rehne wala hu. Main General category se ek mahila hu aur student hu. Aamdani 120000 per year hai.",43,Female,120000.0,student,Uttar Pradesh,General,FALSE
T1371,I am a 38 year old female labour living in Bihar. My annual household income is 120000 rupees.,38,Female,120000.0,labour,Bihar,,FALSE
T1372,I am a 21 year old male kisan living in Rajasthan. My annual household income is 80000 rupees.,21,Male,80000.0,kisan,Rajasthan,,FALSE
T1373,"I belong to General category from Karnataka. Age is 47, profession is farmer, income around 350000.",47,,350000.0,farmer,Karnataka,General,FALSE
T1374,"I belong to SC category from Rajasthan. Age is 19, profession is unemployed, income around 0.",19,,0.0,unemployed,Rajasthan,SC,FALSE
T1375,"I belong to OBC category from Rajasthan. Age is 61, profession is artisan, income around 200000.",61,,200000.0,artisan,Rajasthan,OBC,FALSE
T1376,"Main Bihar se ek rehri wala hu, meri umar 23 saal hai aur saalana kamai 120000 rupe hai.",23,,120000.0,rehri wala,Bihar,,FALSE
T1377,"I belong to OBC category from Karnataka. Age is 59, profession is weaver, income around 350000.",59,,350000.0,weaver,Karnataka,OBC,FALSE
T1378,"Namaste, main 50 varsh ka kisan hu Bihar se. Meri income 200000 rupaye hai, aur main SC varg se hoon. Main divyang hu.",50,,200000.0,kisan,Bihar,SC,TRUE
T1379,"Main Maharashtra se ek labour hu, meri umar 50 saal hai aur saalana kamai 350000 rupe hai.",50,,350000.0,labour,Maharashtra,,FALSE
T1380,"I belong to General category from Tamil Nadu. Age is 52, profession is farmer, income around 80000.",52,,80000.0,farmer,Tamil Nadu,General,FALSE
T1381,"Hi, I am 27 years old student from Bihar. My family income is 0 and I am differently abled.",27,,0.0,mazdoor,Bihar,,TRUE
T1382,"Mera naam Ramesh hai, main West Bengal ka rehne wala hu. Main SC category se ek purush hu aur labour hu. Aamdani 80000 per year hai.",45,Male,80000.0,labour,West Bengal,SC,FALSE
T1383,"Namaste, main 36 varsh ka kisan hu Bihar se. Meri income 80000 rupaye hai, aur main OBC varg se hoon. Main divyang hu.",36,,80000.0,kisan,Bihar,OBC,TRUE
T1384,"Namaste, main 23 varsh ka berojgar hu Madhya Pradesh se. Meri income 120000 rupaye hai, aur main OBC varg se hoon. Main divyang hu.",23,,120000.0,berojgar,Madhya Pradesh,OBC,TRUE
T1385,"Mera naam Ramesh hai, main Karnataka ka rehne wala hu. Main SC category se ek mahila hu aur mazdoor hu. Aamdani 350000 per year hai.",52,Female,350000.0,mazdoor,Karnataka,SC,FALSE
T1386,"Namaste, main 61 varsh ka labour hu Madhya Pradesh se. Meri income 200000 rupaye hai, aur main OBC varg se hoon. Main divyang hu.",61,,200000.0,labour,Madhya Pradesh,OBC,TRUE
T1387,"Hi, I am 29 years old student from Tamil Nadu. My family income is 600000 and I am differently abled.",29,,600000.0,chhatra,Tamil Nadu,,TRUE
T1388,"Hi, I am 59 years old student from West Bengal. My family income is 45000 and I am differently abled.",59,,45000.0,unemployed,West Bengal,,TRUE
T1389,"I belong to SC category from Bihar. Age is 38, profession is chhatra, income around 45000.",38,,45000.0,chhatra,Bihar,SC,FALSE
T1390,"Hi, I am 25 years old student from Tamil Nadu. My family income is 600000 and I am differently abled.",25,,600000.0,labour,Tamil Nadu,,TRUE
T1391,"Mera naam Ramesh hai, main Tamil Nadu ka rehne wala hu. Main SC category se ek purush hu aur berojgar hu. Aamdani 80000 per year hai.",42,Male,80000.0,berojgar,Tamil Nadu,SC,FALSE
T1392,"Hi, I am 56 years old student from Tamil Nadu. My family income is 350000 and I am differently abled.",56,,350000.0,farmer,Tamil Nadu,,TRUE
T1393,"I belong to SC category from Madhya Pradesh. Age is 55, profession is unemployed, income around 45000.",55,,45000.0,unemployed,Madhya Pradesh,SC,FALSE
T1394,I am a 40 year old female student living in Rajasthan. My annual household income is 0 rupees.,40,Female,0.0,student,Rajasthan,,FALSE
T1395,"I belong to General category from Madhya Pradesh. Age is 65, profession is kisan, income around 80000.",65,,80000.0,kisan,Madhya Pradesh,General,FALSE
T1396,"Mera naam Ramesh hai, main Rajasthan ka rehne wala hu. Main ST category se ek purush hu aur berojgar hu. Aamdani 600000 per year hai.",45,Male,600000.0,berojgar,Rajasthan,ST,FALSE
T1397,"Hi, I am 26 years old student from West Bengal. My family income is 350000 and I am differently abled.",26,,350000.0,unemployed,West Bengal,,TRUE
T1398,"Namaste, main 52 varsh ka weaver hu Karnataka se. Meri income 0 rupaye hai, aur main ST varg se hoon. Main divyang hu.",52,,0.0,weaver,Karnataka,ST,TRUE
T1399,"Namaste, main 57 varsh ka labour hu West Bengal se. Meri income 45000 rupaye hai, aur main SC varg se hoon. Main divyang hu.",57,,45000.0,labour,West Bengal,SC,TRUE
T1400,"I belong to General category from Bihar. Age is 46, profession is rehri wala, income around 200000.",46,,200000.0,rehri wala,Bihar,General,FALSE
T1401,"Hi, I am 32 years old student from Tamil Nadu. My family income is 120000 and I am differently abled.",32,,120000.0,kisan,Tamil Nadu,,TRUE
T1402,I am a 34 year old male rehri wala living in West Bengal. My annual household income is 120000 rupees.,34,Male,120000.0,rehri wala,West Bengal,,FALSE
T1403,"Main Tamil Nadu se ek weaver hu, meri umar 50 saal hai aur saalana kamai 120000 rupe hai.",50,,120000.0,weaver,Tamil Nadu,,FALSE
T1404,"Hi, I am 54 years old student from Rajasthan. My family income is 350000 and I am differently abled.",54,,350000.0,chhatra,Rajasthan,,TRUE
T1405,"Namaste, main 22 varsh ka rehri wala hu Karnataka se. Meri income 0 rupaye hai, aur main SC varg se hoon. Main divyang hu.",22,,0.0,rehri wala,Karnataka,SC,TRUE
T1406,"I belong to ST category from Tamil Nadu. Age is 37, profession is farmer, income around 0.",37,,0.0,farmer,Tamil Nadu,ST,FALSE
T1407,"Namaste, main 43 varsh ka chhatra hu Uttar Pradesh se. Meri income 120000 rupaye hai, aur main SC varg se hoon. Main divyang hu.",43,,120000.0,chhatra,Uttar Pradesh,SC,TRUE
T1408,"I belong to SC category from Bihar. Age is 47, profession is rehri wala, income around 350000.",47,,350000.0,rehri wala,Bihar,SC,FALSE
T1409,"Namaste, main 65 varsh ka street vendor hu Madhya Pradesh se. Meri income 350000 rupaye hai, aur main ST varg se hoon. Main divyang hu.",65,,350000.0,street vendor,Madhya Pradesh,ST,TRUE
T1410,"I belong to ST category from Bihar. Age is 60, profession is mazdoor, income around 120000.",60,,120000.0,mazdoor,Bihar,ST,FALSE
T1411,I am a 44 year old female mazdoor living in Bihar. My annual household income is 45000 rupees.,44,Female,45000.0,mazdoor,Bihar,,FALSE
T1412,"Mera naam Ramesh hai, main Uttar Pradesh ka rehne wala hu. Main ST category se ek mahila hu aur street vendor hu. Aamdani 0 per year hai.",40,Female,0.0,street vendor,Uttar Pradesh,ST,FALSE
T1413,"Mera naam Ramesh hai, main Madhya Pradesh ka rehne wala hu. Main OBC category se ek purush hu aur berojgar hu. Aamdani 600000 per year hai.",47,Male,600000.0,berojgar,Madhya Pradesh,OBC,FALSE
T1414,"I belong to OBC category from Maharashtra. Age is 22, profession is mazdoor, income around 350000.",22,,350000.0,mazdoor,Maharashtra,OBC,FALSE
T1415,"Mera naam Ramesh hai, main Rajasthan ka rehne wala hu. Main General category se ek purush hu aur mazdoor hu. Aamdani 120000 per year hai.",36,Male,120000.0,mazdoor,Rajasthan,General,FALSE
T1416,"Namaste, main 56 varsh ka kisan hu West Bengal se. Meri income 350000 rupaye hai, aur main General varg se hoon. Main divyang hu.",56,,350000.0,kisan,West Bengal,General,TRUE
T1417,"Mera naam Ramesh hai, main Tamil Nadu ka rehne wala hu. Main ST category se ek mahila hu aur bunkar hu. Aamdani 600000 per year hai.",40,Female,600000.0,bunkar,Tamil Nadu,ST,FALSE
T1418,"Hi, I am 55 years old student from Uttar Pradesh. My family income is 350000 and I am differently abled.",55,,350000.0,rehri wala,Uttar Pradesh,,TRUE
T1419,"Hi, I am 27 years old student from Madhya Pradesh. My family income is 350000 and I am differently abled.",27,,350000.0,rehri wala,Madhya Pradesh,,TRUE
T1420,"Hi, I am 35 years old student from Tamil Nadu. My family income is 45000 and I am differently abled.",35,,45000.0,mazdoor,Tamil Nadu,,TRUE
T1421,"Namaste, main 48 varsh ka daily wage worker hu Uttar Pradesh se. Meri income 80000 rupaye hai, aur main SC varg se hoon. Main divyang hu.",48,,80000.0,daily wage worker,Uttar Pradesh,SC,TRUE
T1422,"Hi, I am 26 years old student from Rajasthan. My family income is 600000 and I am differently abled.",26,,600000.0,unemployed,Rajasthan,,TRUE
T1423,"Main Tamil Nadu se ek street vendor hu, meri umar 30 saal hai aur saalana kamai 600000 rupe hai.",30,,600000.0,street vendor,Tamil Nadu,,FALSE
T1424,"Mera naam Ramesh hai, main Uttar Pradesh ka rehne wala hu. Main ST category se ek mahila hu aur berojgar hu. Aamdani 80000 per year hai.",49,Female,80000.0,berojgar,Uttar Pradesh,ST,FALSE
T1425,"Main Madhya Pradesh se ek labour hu, meri umar 55 saal hai aur saalana kamai 600000 rupe hai.",55,,600000.0,labour,Madhya Pradesh,,FALSE
T1426,"I belong to SC category from Tamil Nadu. Age is 30, profession is artisan, income around 80000.",30,,80000.0,artisan,Tamil Nadu,SC,FALSE
T1427,"Main Karnataka se ek bunkar hu, meri umar 39 saal hai aur saalana kamai 80000 rupe hai.",39,,80000.0,bunkar,Karnataka,,FALSE
T1428,"Namaste, main 63 varsh ka daily wage worker hu West Bengal se. Meri income 120000 rupaye hai, aur main SC varg se hoon. Main divyang hu.",63,,120000.0,daily wage worker,West Bengal,SC,TRUE
T1429,"Mera naam Ramesh hai, main Tamil Nadu ka rehne wala hu. Main OBC category se ek mahila hu aur farmer hu. Aamdani 600000 per year hai.",55,Female,600000.0,farmer,Tamil Nadu,OBC,FALSE
T1430,"Main West Bengal se ek weaver hu, meri umar 38 saal hai aur saalana kamai 80000 rupe hai.",38,,80000.0,weaver,West Bengal,,FALSE
T1431,"Mera naam Ramesh hai, main Karnataka ka rehne wala hu. Main General category se ek purush hu aur berojgar hu. Aamdani 80000 per year hai.",48,Male,80000.0,berojgar,Karnataka,General,FALSE
T1432,"Main Rajasthan se ek chhatra hu, meri umar 53 saal hai aur saalana kamai 45000 rupe hai.",53,,45000.0,chhatra,Rajasthan,,FALSE
T1433,"Main West Bengal se ek kisan hu, meri umar 21 saal hai aur saalana kamai 600000 rupe hai.",21,,600000.0,kisan,West Bengal,,FALSE
T1434,"I belong to General category from Tamil Nadu. Age is 29, profession is street vendor, income around 0.",29,,0.0,street vendor,Tamil Nadu,General,FALSE
T1435,"Hi, I am 65 years old student from Uttar Pradesh. My family income is 80000 and I am differently abled.",65,,80000.0,student,Uttar Pradesh,,TRUE
T1436,"Hi, I am 64 years old student from Maharashtra. My family income is 0 and I am differently abled.",64,,0.0,mazdoor,Maharashtra,,TRUE
T1437,"I belong to OBC category from Uttar Pradesh. Age is 56, profession is artisan, income around 80000.",56,,80000.0,artisan,Uttar Pradesh,OBC,FALSE
T1438,"I belong to ST category from Maharashtra. Age is 51, profession is farmer, income around 80000.",51,,80000.0,farmer,Maharashtra,ST,FALSE
T1439,"Hi, I am 19 years old student from Karnataka. My family income is 350000 and I am differently abled.",19,,350000.0,street vendor,Karnataka,,TRUE
T1440,"I belong to General category from Rajasthan. Age is 30, profession is mazdoor, income around 120000.",30,,120000.0,mazdoor,Rajasthan,General,FALSE
T1441,"Hi, I am 27 years old student from Karnataka. My family income is 0 and I am differently abled.",27,,0.0,labour,Karnataka,,TRUE
T1442,"Hi, I am 43 years old student from Rajasthan. My family income is 0 and I am differently abled.",43,,0.0,labour,Rajasthan,,TRUE
T1443,"Hi, I am 37 years old student from Madhya Pradesh. My family income is 200000 and I am differently abled.",37,,200000.0,unemployed,Madhya Pradesh,,TRUE
T1444,"Main Maharashtra se ek labour hu, meri umar 20 saal hai aur saalana kamai 120000 rupe hai.",20,,120000.0,labour,Maharashtra,,FALSE
T1445,"I belong to ST category from Madhya Pradesh. Age is 22, profession is daily wage worker, income around 200000.",22,,200000.0,daily wage worker,Madhya Pradesh,ST,FALSE
T1446,I am a 32 year old male mazdoor living in Madhya Pradesh. My annual household income is 200000 rupees.,32,Male,200000.0,mazdoor,Madhya Pradesh,,FALSE
T1447,I am a 64 year old female rehri wala living in Karnataka. My annual household income is 600000 rupees.,64,Female,600000.0,rehri wala,Karnataka,,FALSE
T1448,I am a 42 year old male bunkar living in Karnataka. My annual household income is 600000 rupees.,42,Male,600000.0,bunkar,Karnataka,,FALSE
T1449,"I belong to SC category from Rajasthan. Age is 63, profession is chhatra, income around 200000.",63,,200000.0,chhatra,Rajasthan,SC,FALSE
T1450,"Mera naam Ramesh hai, main Rajasthan ka rehne wala hu. Main ST category se ek purush hu aur mazdoor hu. Aamdani 120000 per year hai.",41,Male,120000.0,mazdoor,Rajasthan,ST,FALSE
T1451,I am a 51 year old male student living in Rajasthan. My annual household income is 120000 rupees.,51,Male,120000.0,student,Rajasthan,,FALSE
T1452,"Mera naam Ramesh hai, main Madhya Pradesh ka rehne wala hu. Main ST category se ek purush hu aur weaver hu. Aamdani 80000 per year hai.",44,Male,80000.0,weaver,Madhya Pradesh,ST,FALSE
T1453,"Mera naam Ramesh hai, main Tamil Nadu ka rehne wala hu. Main SC category se ek mahila hu aur farmer hu. Aamdani 45000 per year hai.",48,Female,45000.0,farmer,Tamil Nadu,SC,FALSE
T1454,"Namaste, main 55 varsh ka labour hu Rajasthan se. Meri income 45000 rupaye hai, aur main ST varg se hoon. Main divyang hu.",55,,45000.0,labour,Rajasthan,ST,TRUE
T1455,"Hi, I am 48 years old student from Rajasthan. My family income is 80000 and I am differently abled.",48,,80000.0,farmer,Rajasthan,,TRUE
T1456,"Main Uttar Pradesh se ek rehri wala hu, meri umar 27 saal hai aur saalana kamai 350000 rupe hai.",27,,350000.0,rehri wala,Uttar Pradesh,,FALSE
T1457,"I belong to ST category from Bihar. Age is 24, profession is student, income around 600000.",24,,600000.0,student,Bihar,ST,FALSE
T1458,"Main Maharashtra se ek labour hu, meri umar 49 saal hai aur saalana kamai 350000 rupe hai.",49,,350000.0,labour,Maharashtra,,FALSE
T1459,I am a 62 year old female street vendor living in Bihar. My annual household income is 120000 rupees.,62,Female,120000.0,street vendor,Bihar,,FALSE
T1460,"I belong to OBC category from Rajasthan. Age is 43, profession is artisan, income around 45000.",43,,45000.0,artisan,Rajasthan,OBC,FALSE
T1461,I am a 62 year old male artisan living in Maharashtra. My annual household income is 80000 rupees.,62,Male,80000.0,artisan,Maharashtra,,FALSE
T1462,"Mera naam Ramesh hai, main West Bengal ka rehne wala hu. Main ST category se ek purush hu aur berojgar hu. Aamdani 0 per year hai.",52,Male,0.0,berojgar,West Bengal,ST,FALSE
T1463,"Mera naam Ramesh hai, main Maharashtra ka rehne wala hu. Main General category se ek mahila hu aur artisan hu. Aamdani 350000 per year hai.",25,Female,350000.0,artisan,Maharashtra,General,FALSE
T1464,"Main Madhya Pradesh se ek bunkar hu, meri umar 49 saal hai aur saalana kamai 600000 rupe hai.",49,,600000.0,bunkar,Madhya Pradesh,,FALSE
T1465,"I belong to General category from Madhya Pradesh. Age is 31, profession is street vendor, income around 200000.",31,,200000.0,street vendor,Madhya Pradesh,General,FALSE
T1466,"Mera naam Ramesh hai, main Rajasthan ka rehne wala hu. Main SC category se ek mahila hu aur farmer hu. Aamdani 350000 per year hai.",37,Female,350000.0,farmer,Rajasthan,SC,FALSE
T1467,"Mera naam Ramesh hai, main Rajasthan ka rehne wala hu. Main SC category se ek mahila hu aur rehri wala hu. Aamdani 0 per year hai.",32,Female,0.0,rehri wala,Rajasthan,SC,FALSE
T1468,"Mera naam Ramesh hai, main Madhya Pradesh ka rehne wala hu. Main ST category se ek purush hu aur daily wage worker hu. Aamdani 80000 per year hai.",43,Male,80000.0,daily wage worker,Madhya Pradesh,ST,FALSE
T1469,I am a 19 year old female street vendor living in Uttar Pradesh. My annual household income is 350000 rupees.,19,Female,350000.0,street vendor,Uttar Pradesh,,FALSE
T1470,I am a 38 year old male daily wage worker living in West Bengal. My annual household income is 200000 rupees.,38,Male,200000.0,daily wage worker,West Bengal,,FALSE
T1471,"Mera naam Ramesh hai, main Tamil Nadu ka rehne wala hu. Main General category se ek purush hu aur farmer hu. Aamdani 200000 per year hai.",29,Male,200000.0,farmer,Tamil Nadu,General,FALSE
T1472,"I belong to ST category from Tamil Nadu. Age is 45, profession is rehri wala, income around 0.",45,,0.0,rehri wala,Tamil Nadu,ST,FALSE
T1473,"Hi, I am 24 years old student from Tamil Nadu. My family income is 120000 and I am differently abled.",24,,120000.0,labour,Tamil Nadu,,TRUE
T1474,"Hi, I am 26 years old student from Madhya Pradesh. My family income is 600000 and I am differently abled.",26,,600000.0,artisan,Madhya Pradesh,,TRUE
T1475,"Namaste, main 45 varsh ka unemployed hu Rajasthan se. Meri income 200000 rupaye hai, aur main SC varg se hoon. Main divyang hu.",45,,200000.0,unemployed,Rajasthan,SC,TRUE
T1476,"I belong to ST category from Uttar Pradesh. Age is 60, profession is unemployed, income around 80000.",60,,80000.0,unemployed,Uttar Pradesh,ST,FALSE
T1477,"Hi, I am 23 years old student from Tamil Nadu. My family income is 80000 and I am differently abled.",23,,80000.0,rehri wala,Tamil Nadu,,TRUE
T1478,"Hi, I am 54 years old student from Bihar. My family income is 200000 and I am differently abled.",54,,200000.0,weaver,Bihar,,TRUE
T1479,"I belong to SC category from West Bengal. Age is 26, profession is student, income around 80000.",26,,80000.0,student,West Bengal,SC,FALSE
T1480,"I belong to ST category from Tamil Nadu. Age is 43, profession is berojgar, income around 80000.",43,,80000.0,berojgar,Tamil Nadu,ST,FALSE
T1481,"Main West Bengal se ek bunkar hu, meri umar 49 saal hai aur saalana kamai 350000 rupe hai.",49,,350000.0,bunkar,West Bengal,,FALSE
T1482,I am a 33 year old male kisan living in Maharashtra. My annual household income is 350000 rupees.,33,Male,350000.0,kisan,Maharashtra,,FALSE
T1483,"Namaste, main 39 varsh ka street vendor hu Tamil Nadu se. Meri income 80000 rupaye hai, aur main OBC varg se hoon. Main divyang hu.",39,,80000.0,street vendor,Tamil Nadu,OBC,TRUE
T1484,I am a 26 year old male berojgar living in Rajasthan. My annual household income is 350000 rupees.,26,Male,350000.0,berojgar,Rajasthan,,FALSE
T1485,"Hi, I am 53 years old student from Madhya Pradesh. My family income is 0 and I am differently abled.",53,,0.0,farmer,Madhya Pradesh,,TRUE
T1486,"Main Rajasthan se ek daily wage worker hu, meri umar 21 saal hai aur saalana kamai 80000 rupe hai.",21,,80000.0,daily wage worker,Rajasthan,,FALSE
T1487,"Mera naam Ramesh hai, main Rajasthan ka rehne wala hu. Main ST category se ek purush hu aur chhatra hu. Aamdani 0 per year hai.",50,Male,0.0,chhatra,Rajasthan,ST,FALSE
T1488,"Namaste, main 40 varsh ka street vendor hu Madhya Pradesh se. Meri income 0 rupaye hai, aur main SC varg se hoon. Main divyang hu.",40,,0.0,street vendor,Madhya Pradesh,SC,TRUE
T1489,I am a 59 year old female labour living in Maharashtra. My annual household income is 350000 rupees.,59,Female,350000.0,labour,Maharashtra,,FALSE
T1490,"Mera naam Ramesh hai, main Maharashtra ka rehne wala hu. Main ST category se ek purush hu aur rehri wala hu. Aamdani 200000 per year hai.",41,Male,200000.0,rehri wala,Maharashtra,ST,FALSE
T1491,"Hi, I am 26 years old student from Karnataka. My family income is 120000 and I am differently abled.",26,,120000.0,chhatra,Karnataka,,TRUE
T1492,"Mera naam Ramesh hai, main West Bengal ka rehne wala hu. Main OBC category se ek mahila hu aur rehri wala hu. Aamdani 200000 per year hai.",61,Female,200000.0,rehri wala,West Bengal,OBC,FALSE
T1493,"I belong to ST category from Karnataka. Age is 32, profession is street vendor, income around 200000.",32,,200000.0,street vendor,Karnataka,ST,FALSE
T1494,"Main Rajasthan se ek bunkar hu, meri umar 28 saal hai aur saalana kamai 350000 rupe hai.",28,,350000.0,bunkar,Rajasthan,,FALSE
T1495,"Hi, I am 22 years old student from Tamil Nadu. My family income is 45000 and I am differently abled.",22,,45000.0,student,Tamil Nadu,,TRUE
T1496,I am a 64 year old male rehri wala living in Madhya Pradesh. My annual household income is 200000 rupees.,64,Male,200000.0,rehri wala,Madhya Pradesh,,FALSE
T1497,"Hi, I am 55 years old student from Bihar. My family income is 0 and I am differently abled.",55,,0.0,rehri wala,Bihar,,TRUE
T1498,"Main Madhya Pradesh se ek kisan hu, meri umar 19 saal hai aur saalana kamai 600000 rupe hai.",19,,600000.0,kisan,Madhya Pradesh,,FALSE
T1499,I am a 24 year old female chhatra living in Madhya Pradesh. My annual household income is 600000 rupees.,24,Female,600000.0,chhatra,Madhya Pradesh,,FALSE
T1500,"Namaste, main 55 varsh ka kisan hu Karnataka se. Meri income 45000 rupaye hai, aur main OBC varg se hoon. Main divyang hu.",55,,45000.0,kisan,Karnataka,OBC,TRUE
T1501,I am a 18 year old male berojgar living in Uttar Pradesh. My annual household income is 600000 rupees.,18,Male,600000.0,berojgar,Uttar Pradesh,,FALSE
T1502,"I belong to ST category from Bihar. Age is 54, profession is street vendor, income around 200000.",54,,200000.0,street vendor,Bihar,ST,FALSE
T1503,"Namaste, main 44 varsh ka unemployed hu Madhya Pradesh se. Meri income 120000 rupaye hai, aur main SC varg se hoon. Main divyang hu.",44,,120000.0,unemployed,Madhya Pradesh,SC,TRUE
T1504,I am a 48 year old male street vendor living in Tamil Nadu. My annual household income is 120000 rupees.,48,Male,120000.0,street vendor,Tamil Nadu,,FALSE
T1505,"Hi, I am 52 years old student from Maharashtra. My family income is 80000 and I am differently abled.",52,,80000.0,student,Maharashtra,,TRUE
T1506,"Mera naam Ramesh hai, main Madhya Pradesh ka rehne wala hu. Main General category se ek purush hu aur farmer hu. Aamdani 0 per year hai.",40,Male,0.0,farmer,Madhya Pradesh,General,FALSE
T1507,"Main West Bengal se ek farmer hu, meri umar 30 saal hai aur saalana kamai 0 rupe hai.",30,,0.0,farmer,West Bengal,,FALSE
T1508,"Namaste, main 26 varsh ka daily wage worker hu Karnataka se. Meri income 600000 rupaye hai, aur main ST varg se hoon. Main divyang hu.",26,,600000.0,daily wage worker,Karnataka,ST,TRUE
T1509,"Main Maharashtra se ek berojgar hu, meri umar 56 saal hai aur saalana kamai 600000 rupe hai.",56,,600000.0,berojgar,Maharashtra,,FALSE
T1510,"Mera naam Ramesh hai, main Karnataka ka rehne wala hu. Main ST category se ek purush hu aur daily wage worker hu. Aamdani 350000 per year hai.",37,Male,350000.0,daily wage worker,Karnataka,ST,FALSE
T1511,"Hi, I am 37 years old student from West Bengal. My family income is 0 and I am differently abled.",37,,0.0,kisan,West Bengal,,TRUE
T1512,"Hi, I am 61 years old student from Bihar. My family income is 120000 and I am differently abled.",61,,120000.0,labour,Bihar,,TRUE
T1513,"Mera naam Ramesh hai, main Madhya Pradesh ka rehne wala hu. Main General category se ek mahila hu aur mazdoor hu. Aamdani 200000 per year hai.",63,Female,200000.0,mazdoor,Madhya Pradesh,General,FALSE
T1514,I am a 42 year old female rehri wala living in Bihar. My annual household income is 120000 rupees.,42,Female,120000.0,rehri wala,Bihar,,FALSE
T1515,"Main Maharashtra se ek street vendor hu, meri umar 33 saal hai aur saalana kamai 0 rupe hai.",33,,0.0,street vendor,Maharashtra,,FALSE
T1516,"Mera naam Ramesh hai, main Uttar Pradesh ka rehne wala hu. Main General category se ek mahila hu aur unemployed hu. Aamdani 45000 per year hai.",61,Female,45000.0,unemployed,Uttar Pradesh,General,FALSE
T1517,"Hi, I am 42 years old student from Maharashtra. My family income is 0 and I am differently abled.",42,,0.0,kisan,Maharashtra,,TRUE
T1518,"Namaste, main 62 varsh ka mazdoor hu Tamil Nadu se. Meri income 80000 rupaye hai, aur main OBC varg se hoon. Main divyang hu.",62,,80000.0,mazdoor,Tamil Nadu,OBC,TRUE
T1519,"Mera naam Ramesh hai, main Tamil Nadu ka rehne wala hu. Main OBC category se ek mahila hu aur student hu. Aamdani 45000 per year hai.",39,Female,45000.0,student,Tamil Nadu,OBC,FALSE
T1520,"Mera naam Ramesh hai, main West Bengal ka rehne wala hu. Main General category se ek mahila hu aur labour hu. Aamdani 0 per year hai.",35,Female,0.0,labour,West Bengal,General,FALSE
T1521,"Namaste, main 59 varsh ka kisan hu Uttar Pradesh se. Meri income 350000 rupaye hai, aur main ST varg se hoon. Main divyang hu.",59,,350000.0,kisan,Uttar Pradesh,ST,TRUE
T1522,"I belong to OBC category from Maharashtra. Age is 43, profession is street vendor, income around 45000.",43,,45000.0,street vendor,Maharashtra,OBC,FALSE
T1523,"Hi, I am 40 years old student from Maharashtra. My family income is 200000 and I am differently abled.",40,,200000.0,mazdoor,Maharashtra,,TRUE
T1524,I am a 48 year old male daily wage worker living in West Bengal. My annual household income is 80000 rupees.,48,Male,80000.0,daily wage worker,West Bengal,,FALSE
T1525,"Mera naam Ramesh hai, main Tamil Nadu ka rehne wala hu. Main SC category se ek mahila hu aur weaver hu. Aamdani 200000 per year hai.",29,Female,200000.0,weaver,Tamil Nadu,SC,FALSE
T1526,"Namaste, main 51 varsh ka unemployed hu Karnataka se. Meri income 45000 rupaye hai, aur main SC varg se hoon. Main divyang hu.",51,,45000.0,unemployed,Karnataka,SC,TRUE
T1527,"Hi, I am 62 years old student from Karnataka. My family income is 45000 and I am differently abled.",62,,45000.0,labour,Karnataka,,TRUE
T1528,"Mera naam Ramesh hai, main Karnataka ka rehne wala hu. Main OBC category se ek mahila hu aur mazdoor hu. Aamdani 600000 per year hai.",41,Female,600000.0,mazdoor,Karnataka,OBC,FALSE
T1529,"Hi, I am 25 years old student from Rajasthan. My family income is 350000 and I am differently abled.",25,,350000.0,artisan,Rajasthan,,TRUE
T1530,I am a 34 year old male kisan living in Tamil Nadu. My annual household income is 120000 rupees.,34,Male,120000.0,kisan,Tamil Nadu,,FALSE
T1531,"I belong to General category from Bihar. Age is 45, profession is chhatra, income around 600000.",45,,600000.0,chhatra,Bihar,General,FALSE
T1532,"I belong to ST category from West Bengal. Age is 48, profession is weaver, income around 350000.",48,,350000.0,weaver,West Bengal,ST,FALSE
T1533,"Namaste, main 62 varsh ka chhatra hu Madhya Pradesh se. Meri income 350000 rupaye hai, aur main SC varg se hoon. Main divyang hu.",62,,350000.0,chhatra,Madhya Pradesh,SC,TRUE
T1534,"Namaste, main 38 varsh ka daily wage worker hu Karnataka se. Meri income 0 rupaye hai, aur main SC varg se hoon. Main divyang hu.",38,,0.0,daily wage worker,Karnataka,SC,TRUE
T1535,"Namaste, main 36 varsh ka unemployed hu Madhya Pradesh se. Meri income 120000 rupaye hai, aur main SC varg se hoon. Main divyang hu.",36,,120000.0,unemployed,Madhya Pradesh,SC,TRUE
T1536,I am a 57 year old male student living in West Bengal. My annual household income is 350000 rupees.,57,Male,350000.0,student,West Bengal,,FALSE
T1537,"Namaste, main 43 varsh ka weaver hu Rajasthan se. Meri income 200000 rupaye hai, aur main General varg se hoon. Main divyang hu.",43,,200000.0,weaver,Rajasthan,General,TRUE
T1538,"Hi, I am 19 years old student from Maharashtra. My family income is 80000 and I am differently abled.",19,,80000.0,kisan,Maharashtra,,TRUE
T1539,I am a 26 year old female chhatra living in Bihar. My annual household income is 600000 rupees.,26,Female,600000.0,chhatra,Bihar,,FALSE
T1540,"Mera naam Ramesh hai, main Karnataka ka rehne wala hu. Main OBC category se ek purush hu aur unemployed hu. Aamdani 200000 per year hai.",49,Male,200000.0,unemployed,Karnataka,OBC,FALSE
T1541,"Mera naam Ramesh hai, main Karnataka ka rehne wala hu. Main General category se ek mahila hu aur student hu. Aamdani 600000 per year hai.",44,Female,600000.0,student,Karnataka,General,FALSE
T1542,"Hi, I am 55 years old student from Rajasthan. My family income is 0 and I am differently abled.",55,,0.0,street vendor,Rajasthan,,TRUE
T1543,"I belong to General category from Rajasthan. Age is 39, profession is weaver, income around 80000.",39,,80000.0,weaver,Rajasthan,General,FALSE
T1544,"I belong to OBC category from Uttar Pradesh. Age is 35, profession is mazdoor, income around 600000.",35,,600000.0,mazdoor,Uttar Pradesh,OBC,FALSE
T1545,I am a 27 year old male berojgar living in Uttar Pradesh. My annual household income is 80000 rupees.,27,Male,80000.0,berojgar,Uttar Pradesh,,FALSE
T1546,"Mera naam Ramesh hai, main Madhya Pradesh ka rehne wala hu. Main OBC category se ek purush hu aur rehri wala hu. Aamdani 200000 per year hai.",45,Male,200000.0,rehri wala,Madhya Pradesh,OBC,FALSE
T1547,"Hi, I am 27 years old student from Karnataka. My family income is 80000 and I am differently abled.",27,,80000.0,weaver,Karnataka,,TRUE
T1548,"Main Karnataka se ek artisan hu, meri umar 57 saal hai aur saalana kamai 350000 rupe hai.",57,,350000.0,artisan,Karnataka,,FALSE
T1549,"I belong to OBC category from Rajasthan. Age is 36, profession is kisan, income around 120000.",36,,120000.0,kisan,Rajasthan,OBC,FALSE
T1550,"Hi, I am 28 years old student from Maharashtra. My family income is 45000 and I am differently abled.",28,,45000.0,weaver,Maharashtra,,TRUE
T1551,"Namaste, main 46 varsh ka mazdoor hu Karnataka se. Meri income 45000 rupaye hai, aur main ST varg se hoon. Main divyang hu.",46,,45000.0,mazdoor,Karnataka,ST,TRUE
T1552,"I belong to SC category from Tamil Nadu. Age is 27, profession is berojgar, income around 45000.",27,,45000.0,berojgar,Tamil Nadu,SC,FALSE
T1553,"Hi, I am 34 years old student from Bihar. My family income is 200000 and I am differently abled.",34,,200000.0,daily wage worker,Bihar,,TRUE
T1554,"I belong to ST category from Uttar Pradesh. Age is 42, profession is berojgar, income around 80000.",42,,80000.0,berojgar,Uttar Pradesh,ST,FALSE
T1555,"Namaste, main 45 varsh ka labour hu Madhya Pradesh se. Meri income 80000 rupaye hai, aur main General varg se hoon. Main divyang hu.",45,,80000.0,labour,Madhya Pradesh,General,TRUE
T1556,"Hi, I am 51 years old student from Rajasthan. My family income is 120000 and I am differently abled.",51,,120000.0,rehri wala,Rajasthan,,TRUE
T1557,"Mera naam Ramesh hai, main Bihar ka rehne wala hu. Main SC category se ek purush hu aur street vendor hu. Aamdani 350000 per year hai.",43,Male,350000.0,street vendor,Bihar,SC,FALSE
T1558,"I belong to OBC category from Maharashtra. Age is 35, profession is kisan, income around 200000.",35,,200000.0,kisan,Maharashtra,OBC,FALSE
T1559,"Namaste, main 27 varsh ka farmer hu Madhya Pradesh se. Meri income 80000 rupaye hai, aur main SC varg se hoon. Main divyang hu.",27,,80000.0,farmer,Madhya Pradesh,SC,TRUE
T1560,"Hi, I am 49 years old student from Uttar Pradesh. My family income is 200000 and I am differently abled.",49,,200000.0,weaver,Uttar Pradesh,,TRUE
T1561,"Main Madhya Pradesh se ek student hu, meri umar 46 saal hai aur saalana kamai 200000 rupe hai.",46,,200000.0,student,Madhya Pradesh,,FALSE
T1562,"Hi, I am 65 years old student from Uttar Pradesh. My family income is 200000 and I am differently abled.",65,,200000.0,unemployed,Uttar Pradesh,,TRUE
T1563,"Main Uttar Pradesh se ek artisan hu, meri umar 50 saal hai aur saalana kamai 350000 rupe hai.",50,,350000.0,artisan,Uttar Pradesh,,FALSE
T1564,"Mera naam Ramesh hai, main Karnataka ka rehne wala hu. Main General category se ek mahila hu aur labour hu. Aamdani 80000 per year hai.",54,Female,80000.0,labour,Karnataka,General,FALSE
T1565,"I belong to ST category from West Bengal. Age is 51, profession is chhatra, income around 600000.",51,,600000.0,chhatra,West Bengal,ST,FALSE
T1566,I am a 54 year old female chhatra living in Madhya Pradesh. My annual household income is 45000 rupees.,54,Female,45000.0,chhatra,Madhya Pradesh,,FALSE
T1567,I am a 18 year old male bunkar living in Madhya Pradesh. My annual household income is 350000 rupees.,18,Male,350000.0,bunkar,Madhya Pradesh,,FALSE
T1568,"Mera naam Ramesh hai, main West Bengal ka rehne wala hu. Main OBC category se ek purush hu aur chhatra hu. Aamdani 0 per year hai.",33,Male,0.0,chhatra,West Bengal,OBC,FALSE
T1569,"Mera naam Ramesh hai, main Maharashtra ka rehne wala hu. Main SC category se ek mahila hu aur rehri wala hu. Aamdani 0 per year hai.",29,Female,0.0,rehri wala,Maharashtra,SC,FALSE
T1570,I am a 32 year old male unemployed living in Tamil Nadu. My annual household income is 0 rupees.,32,Male,0.0,unemployed,Tamil Nadu,,FALSE
T1571,"Mera naam Ramesh hai, main Rajasthan ka rehne wala hu. Main OBC category se ek mahila hu aur weaver hu. Aamdani 120000 per year hai.",40,Female,120000.0,weaver,Rajasthan,OBC,FALSE
T1572,"Main Bihar se ek labour hu, meri umar 39 saal hai aur saalana kamai 120000 rupe hai.",39,,120000.0,labour,Bihar,,FALSE
T1573,"Hi, I am 61 years old student from Maharashtra. My family income is 45000 and I am differently abled.",61,,45000.0,farmer,Maharashtra,,TRUE
T1574,I am a 58 year old male student living in West Bengal. My annual household income is 120000 rupees.,58,Male,120000.0,student,West Bengal,,FALSE
T1575,"Main Tamil Nadu se ek student hu, meri umar 21 saal hai aur saalana kamai 80000 rupe hai.",21,,80000.0,student,Tamil Nadu,,FALSE
T1576,"Namaste, main 61 varsh ka kisan hu Maharashtra se. Meri income 0 rupaye hai, aur main SC varg se hoon. Main divyang hu.",61,,0.0,kisan,Maharashtra,SC,TRUE
T1577,"Hi, I am 22 years old student from Karnataka. My family income is 80000 and I am differently abled.",22,,80000.0,street vendor,Karnataka,,TRUE
T1578,"I belong to ST category from Karnataka. Age is 45, profession is daily wage worker, income around 200000.",45,,200000.0,daily wage worker,Karnataka,ST,FALSE
T1579,"Namaste, main 26 varsh ka chhatra hu Tamil Nadu se. Meri income 200000 rupaye hai, aur main SC varg se hoon. Main divyang hu.",26,,200000.0,chhatra,Tamil Nadu,SC,TRUE
T1580,"Namaste, main 61 varsh ka artisan hu Maharashtra se. Meri income 350000 rupaye hai, aur main General varg se hoon. Main divyang hu.",61,,350000.0,artisan,Maharashtra,General,TRUE
T1581,"Namaste, main 31 varsh ka street vendor hu Bihar se. Meri income 45000 rupaye hai, aur main SC varg se hoon. Main divyang hu.",31,,45000.0,street vendor,Bihar,SC,TRUE
T1582,"I belong to SC category from Madhya Pradesh. Age is 40, profession is artisan, income around 80000.",40,,80000.0,artisan,Madhya Pradesh,SC,FALSE
T1583,"Hi, I am 48 years old student from Maharashtra. My family income is 0 and I am differently abled.",48,,0.0,berojgar,Maharashtra,,TRUE
T1584,"Mera naam Ramesh hai, main Maharashtra ka rehne wala hu. Main OBC category se ek mahila hu aur labour hu. Aamdani 600000 per year hai.",62,Female,600000.0,labour,Maharashtra,OBC,FALSE
T1585,"Hi, I am 61 years old student from Uttar Pradesh. My family income is 350000 and I am differently abled.",61,,350000.0,unemployed,Uttar Pradesh,,TRUE
T1586,"Main Tamil Nadu se ek chhatra hu, meri umar 25 saal hai aur saalana kamai 600000 rupe hai.",25,,600000.0,chhatra,Tamil Nadu,,FALSE
T1587,"I belong to General category from Karnataka. Age is 41, profession is labour, income around 0.",41,,0.0,labour,Karnataka,General,FALSE
T1588,"Main Bihar se ek street vendor hu, meri umar 39 saal hai aur saalana kamai 600000 rupe hai.",39,,600000.0,street vendor,Bihar,,FALSE
T1589,"Hi, I am 27 years old student from Bihar. My family income is 600000 and I am differently abled.",27,,600000.0,unemployed,Bihar,,TRUE
T1590,"Namaste, main 57 varsh ka artisan hu Karnataka se. Meri income 0 rupaye hai, aur main General varg se hoon. Main divyang hu.",57,,0.0,artisan,Karnataka,General,TRUE
T1591,I am a 53 year old male artisan living in Bihar. My annual household income is 45000 rupees.,53,Male,45000.0,artisan,Bihar,,FALSE
T1592,"I belong to OBC category from Madhya Pradesh. Age is 50, profession is chhatra, income around 0.",50,,0.0,chhatra,Madhya Pradesh,OBC,FALSE
T1593,"Hi, I am 25 years old student from Uttar Pradesh. My family income is 45000 and I am differently abled.",25,,45000.0,artisan,Uttar Pradesh,,TRUE
T1594,"Hi, I am 54 years old student from Rajasthan. My family income is 120000 and I am differently abled.",54,,120000.0,artisan,Rajasthan,,TRUE
T1595,I am a 44 year old male rehri wala living in Maharashtra. My annual household income is 120000 rupees.,44,Male,120000.0,rehri wala,Maharashtra,,FALSE
T1596,"Mera naam Ramesh hai, main Madhya Pradesh ka rehne wala hu. Main General category se ek purush hu aur street vendor hu. Aamdani 600000 per year hai.",42,Male,600000.0,street vendor,Madhya Pradesh,General,FALSE
T1597,"Mera naam Ramesh hai, main Rajasthan ka rehne wala hu. Main General category se ek mahila hu aur chhatra hu. Aamdani 0 per year hai.",49,Female,0.0,chhatra,Rajasthan,General,FALSE
T1598,"I belong to OBC category from Tamil Nadu. Age is 38, profession is labour, income around 120000.",38,,120000.0,labour,Tamil Nadu,OBC,FALSE
T1599,I am a 35 year old male chhatra living in Rajasthan. My annual household income is 200000 rupees.,35,Male,200000.0,chhatra,Rajasthan,,FALSE
T1600,I am a 46 year old male daily wage worker living in Madhya Pradesh. My annual household income is 80000 rupees.,46,Male,80000.0,daily wage worker,Madhya Pradesh,,FALSE
T1601,"Hi, I am 44 years old student from Karnataka. My family income is 120000 and I am differently abled.",44,,120000.0,farmer,Karnataka,,TRUE
T1602,"Namaste, main 51 varsh ka chhatra hu Maharashtra se. Meri income 200000 rupaye hai, aur main General varg se hoon. Main divyang hu.",51,,200000.0,chhatra,Maharashtra,General,TRUE
T1603,"Hi, I am 40 years old student from West Bengal. My family income is 600000 and I am differently abled.",40,,600000.0,kisan,West Bengal,,TRUE
T1604,I am a 59 year old female bunkar living in Karnataka. My annual household income is 45000 rupees.,59,Female,45000.0,bunkar,Karnataka,,FALSE
T1605,"I belong to SC category from Maharashtra. Age is 27, profession is berojgar, income around 350000.",27,,350000.0,berojgar,Maharashtra,SC,FALSE
T1606,"Namaste, main 32 varsh ka kisan hu Madhya Pradesh se. Meri income 80000 rupaye hai, aur main ST varg se hoon. Main divyang hu.",32,,80000.0,kisan,Madhya Pradesh,ST,TRUE
T1607,"Main Madhya Pradesh se ek kisan hu, meri umar 25 saal hai aur saalana kamai 0 rupe hai.",25,,0.0,kisan,Madhya Pradesh,,FALSE
T1608,"Main Madhya Pradesh se ek student hu, meri umar 18 saal hai aur saalana kamai 45000 rupe hai.",18,,45000.0,student,Madhya Pradesh,,FALSE
T1609,"Mera naam Ramesh hai, main Bihar ka rehne wala hu. Main ST category se ek purush hu aur labour hu. Aamdani 45000 per year hai.",27,Male,45000.0,labour,Bihar,ST,FALSE
T1610,"Hi, I am 52 years old student from Karnataka. My family income is 45000 and I am differently abled.",52,,45000.0,mazdoor,Karnataka,,TRUE
T1611,"I belong to SC category from Rajasthan. Age is 25, profession is weaver, income around 350000.",25,,350000.0,weaver,Rajasthan,SC,FALSE
T1612,"Mera naam Ramesh hai, main Tamil Nadu ka rehne wala hu. Main SC category se ek mahila hu aur kisan hu. Aamdani 80000 per year hai.",38,Female,80000.0,kisan,Tamil Nadu,SC,FALSE
T1613,"Hi, I am 25 years old student from Karnataka. My family income is 120000 and I am differently abled.",25,,120000.0,labour,Karnataka,,TRUE
T1614,"Main Madhya Pradesh se ek kisan hu, meri umar 35 saal hai aur saalana kamai 200000 rupe hai.",35,,200000.0,kisan,Madhya Pradesh,,FALSE
T1615,"Mera naam Ramesh hai, main Madhya Pradesh ka rehne wala hu. Main SC category se ek purush hu aur weaver hu. Aamdani 80000 per year hai.",37,Male,80000.0,weaver,Madhya Pradesh,SC,FALSE
T1616,"Mera naam Ramesh hai, main Madhya Pradesh ka rehne wala hu. Main SC category se ek mahila hu aur berojgar hu. Aamdani 350000 per year hai.",56,Female,350000.0,berojgar,Madhya Pradesh,SC,FALSE
T1617,"I belong to General category from West Bengal. Age is 65, profession is labour, income around 350000.",65,,350000.0,labour,West Bengal,General,FALSE
T1618,"Main Bihar se ek daily wage worker hu, meri umar 26 saal hai aur saalana kamai 350000 rupe hai.",26,,350000.0,daily wage worker,Bihar,,FALSE
T1619,"Mera naam Ramesh hai, main Uttar Pradesh ka rehne wala hu. Main OBC category se ek purush hu aur labour hu. Aamdani 0 per year hai.",41,Male,0.0,labour,Uttar Pradesh,OBC,FALSE
T1620,"I belong to ST category from Madhya Pradesh. Age is 48, profession is chhatra, income around 200000.",48,,200000.0,chhatra,Madhya Pradesh,ST,FALSE
T1621,"I belong to General category from Tamil Nadu. Age is 19, profession is labour, income around 600000.",19,,600000.0,labour,Tamil Nadu,General,FALSE
T1622,"Main Bihar se ek unemployed hu, meri umar 49 saal hai aur saalana kamai 80000 rupe hai.",49,,80000.0,unemployed,Bihar,,FALSE
T1623,"Mera naam Ramesh hai, main Maharashtra ka rehne wala hu. Main SC category se ek purush hu aur labour hu. Aamdani 600000 per year hai.",45,Male,600000.0,labour,Maharashtra,SC,FALSE
T1624,"Namaste, main 19 varsh ka bunkar hu Bihar se. Meri income 600000 rupaye hai, aur main SC varg se hoon. Main divyang hu.",19,,600000.0,bunkar,Bihar,SC,TRUE
T1625,"Main Uttar Pradesh se ek berojgar hu, meri umar 44 saal hai aur saalana kamai 120000 rupe hai.",44,,120000.0,berojgar,Uttar Pradesh,,FALSE
T1626,"Main West Bengal se ek street vendor hu, meri umar 58 saal hai aur saalana kamai 600000 rupe hai.",58,,600000.0,street vendor,West Bengal,,FALSE
T1627,"Mera naam Ramesh hai, main Maharashtra ka rehne wala hu. Main ST category se ek mahila hu aur farmer hu. Aamdani 45000 per year hai.",29,Female,45000.0,farmer,Maharashtra,ST,FALSE
T1628,"Namaste, main 43 varsh ka farmer hu West Bengal se. Meri income 200000 rupaye hai, aur main ST varg se hoon. Main divyang hu.",43,,200000.0,farmer,West Bengal,ST,TRUE
T1629,"Main Karnataka se ek street vendor hu, meri umar 40 saal hai aur saalana kamai 45000 rupe hai.",40,,45000.0,street vendor,Karnataka,,FALSE
T1630,"Main West Bengal se ek farmer hu, meri umar 33 saal hai aur saalana kamai 120000 rupe hai.",33,,120000.0,farmer,West Bengal,,FALSE
T1631,"Main Bihar se ek rehri wala hu, meri umar 62 saal hai aur saalana kamai 600000 rupe hai.",62,,600000.0,rehri wala,Bihar,,FALSE
T1632,"Hi, I am 57 years old student from Karnataka. My family income is 120000 and I am differently abled.",57,,120000.0,mazdoor,Karnataka,,TRUE
T1633,I am a 38 year old female berojgar living in Karnataka. My annual household income is 120000 rupees.,38,Female,120000.0,berojgar,Karnataka,,FALSE
T1634,"Namaste, main 63 varsh ka kisan hu Maharashtra se. Meri income 350000 rupaye hai, aur main ST varg se hoon. Main divyang hu.",63,,350000.0,kisan,Maharashtra,ST,TRUE
T1635,"Main Maharashtra se ek kisan hu, meri umar 53 saal hai aur saalana kamai 200000 rupe hai.",53,,200000.0,kisan,Maharashtra,,FALSE
T1636,"I belong to SC category from Maharashtra. Age is 48, profession is student, income around 600000.",48,,600000.0,student,Maharashtra,SC,FALSE
T1637,"Namaste, main 39 varsh ka kisan hu Tamil Nadu se. Meri income 350000 rupaye hai, aur main OBC varg se hoon. Main divyang hu.",39,,350000.0,kisan,Tamil Nadu,OBC,TRUE
T1638,"Hi, I am 23 years old student from Maharashtra. My family income is 80000 and I am differently abled.",23,,80000.0,weaver,Maharashtra,,TRUE
T1639,"Hi, I am 24 years old student from Tamil Nadu. My family income is 200000 and I am differently abled.",24,,200000.0,rehri wala,Tamil Nadu,,TRUE
T1640,"I belong to General category from Tamil Nadu. Age is 39, profession is street vendor, income around 200000.",39,,200000.0,street vendor,Tamil Nadu,General,FALSE
T1641,"I belong to General category from West Bengal. Age is 43, profession is farmer, income around 350000.",43,,350000.0,farmer,West Bengal,General,FALSE
T1642,"Mera naam Ramesh hai, main Madhya Pradesh ka rehne wala hu. Main SC category se ek purush hu aur rehri wala hu. Aamdani 45000 per year hai.",52,Male,45000.0,rehri wala,Madhya Pradesh,SC,FALSE
T1643,"I belong to OBC category from Maharashtra. Age is 20, profession is daily wage worker, income around 45000.",20,,45000.0,daily wage worker,Maharashtra,OBC,FALSE
T1644,"Main Tamil Nadu se ek rehri wala hu, meri umar 25 saal hai aur saalana kamai 0 rupe hai.",25,,0.0,rehri wala,Tamil Nadu,,FALSE
T1645,"I belong to General category from Bihar. Age is 56, profession is farmer, income around 120000.",56,,120000.0,farmer,Bihar,General,FALSE
T1646,"Hi, I am 40 years old student from Bihar. My family income is 600000 and I am differently abled.",40,,600000.0,labour,Bihar,,TRUE
T1647,"Mera naam Ramesh hai, main Karnataka ka rehne wala hu. Main ST category se ek mahila hu aur kisan hu. Aamdani 200000 per year hai.",58,Female,200000.0,kisan,Karnataka,ST,FALSE
T1648,"Main Madhya Pradesh se ek kisan hu, meri umar 55 saal hai aur saalana kamai 0 rupe hai.",55,,0.0,kisan,Madhya Pradesh,,FALSE
T1649,"Hi, I am 60 years old student from Madhya Pradesh. My family income is 45000 and I am differently abled.",60,,45000.0,labour,Madhya Pradesh,,TRUE
T1650,"Main Karnataka se ek artisan hu, meri umar 35 saal hai aur saalana kamai 200000 rupe hai.",35,,200000.0,artisan,Karnataka,,FALSE
T1651,"Mera naam Ramesh hai, main Bihar ka rehne wala hu. Main General category se ek purush hu aur unemployed hu. Aamdani 80000 per year hai.",18,Male,80000.0,unemployed,Bihar,General,FALSE
T1652,"Main Uttar Pradesh se ek labour hu, meri umar 25 saal hai aur saalana kamai 120000 rupe hai.",25,,120000.0,labour,Uttar Pradesh,,FALSE
T1653,I am a 53 year old female daily wage worker living in Karnataka. My annual household income is 45000 rupees.,53,Female,45000.0,daily wage worker,Karnataka,,FALSE
T1654,I am a 65 year old male unemployed living in Rajasthan. My annual household income is 80000 rupees.,65,Male,80000.0,unemployed,Rajasthan,,FALSE
T1655,"Namaste, main 48 varsh ka rehri wala hu Uttar Pradesh se. Meri income 120000 rupaye hai, aur main ST varg se hoon. Main divyang hu.",48,,120000.0,rehri wala,Uttar Pradesh,ST,TRUE
T1656,I am a 45 year old male farmer living in Maharashtra. My annual household income is 350000 rupees.,45,Male,350000.0,farmer,Maharashtra,,FALSE
T1657,"Namaste, main 20 varsh ka chhatra hu West Bengal se. Meri income 200000 rupaye hai, aur main SC varg se hoon. Main divyang hu.",20,,200000.0,chhatra,West Bengal,SC,TRUE
T1658,"Namaste, main 19 varsh ka mazdoor hu West Bengal se. Meri income 200000 rupaye hai, aur main ST varg se hoon. Main divyang hu.",19,,200000.0,mazdoor,West Bengal,ST,TRUE
T1659,"Mera naam Ramesh hai, main West Bengal ka rehne wala hu. Main SC category se ek mahila hu aur farmer hu. Aamdani 200000 per year hai.",47,Female,200000.0,farmer,West Bengal,SC,FALSE
T1660,"Mera naam Ramesh hai, main Tamil Nadu ka rehne wala hu. Main SC category se ek purush hu aur street vendor hu. Aamdani 200000 per year hai.",24,Male,200000.0,street vendor,Tamil Nadu,SC,FALSE
T1661,I am a 23 year old female street vendor living in Madhya Pradesh. My annual household income is 600000 rupees.,23,Female,600000.0,street vendor,Madhya Pradesh,,FALSE
T1662,I am a 36 year old female student living in Tamil Nadu. My annual household income is 200000 rupees.,36,Female,200000.0,student,Tamil Nadu,,FALSE
T1663,"Namaste, main 23 varsh ka mazdoor hu Madhya Pradesh se. Meri income 200000 rupaye hai, aur main General varg se hoon. Main divyang hu.",23,,200000.0,mazdoor,Madhya Pradesh,General,TRUE
T1664,I am a 49 year old female unemployed living in Rajasthan. My annual household income is 600000 rupees.,49,Female,600000.0,unemployed,Rajasthan,,FALSE
T1665,"I belong to OBC category from Bihar. Age is 32, profession is street vendor, income around 0.",32,,0.0,street vendor,Bihar,OBC,FALSE
T1666,I am a 19 year old male weaver living in West Bengal. My annual household income is 120000 rupees.,19,Male,120000.0,weaver,West Bengal,,FALSE
T1667,"Main Rajasthan se ek student hu, meri umar 36 saal hai aur saalana kamai 120000 rupe hai.",36,,120000.0,student,Rajasthan,,FALSE
T1668,I am a 21 year old female student living in Karnataka. My annual household income is 0 rupees.,21,Female,0.0,student,Karnataka,,FALSE
T1669,I am a 48 year old male berojgar living in Uttar Pradesh. My annual household income is 0 rupees.,48,Male,0.0,berojgar,Uttar Pradesh,,FALSE
T1670,"I belong to General category from Bihar. Age is 18, profession is bunkar, income around 200000.",18,,200000.0,bunkar,Bihar,General,FALSE
T1671,"Namaste, main 23 varsh ka chhatra hu Tamil Nadu se. Meri income 350000 rupaye hai, aur main SC varg se hoon. Main divyang hu.",23,,350000.0,chhatra,Tamil Nadu,SC,TRUE
T1672,"Main Uttar Pradesh se ek student hu, meri umar 39 saal hai aur saalana kamai 200000 rupe hai.",39,,200000.0,student,Uttar Pradesh,,FALSE
T1673,"Main Tamil Nadu se ek street vendor hu, meri umar 64 saal hai aur saalana kamai 45000 rupe hai.",64,,45000.0,street vendor,Tamil Nadu,,FALSE
T1674,"I belong to ST category from Tamil Nadu. Age is 23, profession is student, income around 200000.",23,,200000.0,student,Tamil Nadu,ST,FALSE
T1675,"Main Bihar se ek labour hu, meri umar 45 saal hai aur saalana kamai 45000 rupe hai.",45,,45000.0,labour,Bihar,,FALSE
T1676,I am a 20 year old male mazdoor living in West Bengal. My annual household income is 350000 rupees.,20,Male,350000.0,mazdoor,West Bengal,,FALSE
T1677,I am a 45 year old male farmer living in Madhya Pradesh. My annual household income is 0 rupees.,45,Male,0.0,farmer,Madhya Pradesh,,FALSE
T1678,"Main Karnataka se ek student hu, meri umar 55 saal hai aur saalana kamai 80000 rupe hai.",55,,80000.0,student,Karnataka,,FALSE
T1679,"Hi, I am 36 years old student from Tamil Nadu. My family income is 120000 and I am differently abled.",36,,120000.0,rehri wala,Tamil Nadu,,TRUE
T1680,"Main Tamil Nadu se ek rehri wala hu, meri umar 30 saal hai aur saalana kamai 45000 rupe hai.",30,,45000.0,rehri wala,Tamil Nadu,,FALSE
T1681,I am a 62 year old male mazdoor living in Uttar Pradesh. My annual household income is 600000 rupees.,62,Male,600000.0,mazdoor,Uttar Pradesh,,FALSE
T1682,I am a 42 year old male student living in Maharashtra. My annual household income is 200000 rupees.,42,Male,200000.0,student,Maharashtra,,FALSE
T1683,"Hi, I am 64 years old student from Karnataka. My family income is 350000 and I am differently abled.",64,,350000.0,chhatra,Karnataka,,TRUE
T1684,"I belong to General category from Bihar. Age is 41, profession is mazdoor, income around 80000.",41,,80000.0,mazdoor,Bihar,General,FALSE
T1685,"Namaste, main 55 varsh ka farmer hu Maharashtra se. Meri income 45000 rupaye hai, aur main SC varg se hoon. Main divyang hu.",55,,45000.0,farmer,Maharashtra,SC,TRUE
T1686,"Namaste, main 34 varsh ka labour hu Karnataka se. Meri income 350000 rupaye hai, aur main SC varg se hoon. Main divyang hu.",34,,350000.0,labour,Karnataka,SC,TRUE
T1687,"I belong to SC category from Uttar Pradesh. Age is 43, profession is weaver, income around 45000.",43,,45000.0,weaver,Uttar Pradesh,SC,FALSE
T1688,"Hi, I am 24 years old student from Bihar. My family income is 600000 and I am differently abled.",24,,600000.0,labour,Bihar,,TRUE
T1689,I am a 25 year old female chhatra living in Uttar Pradesh. My annual household income is 80000 rupees.,25,Female,80000.0,chhatra,Uttar Pradesh,,FALSE
T1690,"Main Bihar se ek chhatra hu, meri umar 27 saal hai aur saalana kamai 0 rupe hai.",27,,0.0,chhatra,Bihar,,FALSE
T1691,I am a 43 year old female kisan living in Karnataka. My annual household income is 120000 rupees.,43,Female,120000.0,kisan,Karnataka,,FALSE
T1692,I am a 63 year old male kisan living in Madhya Pradesh. My annual household income is 600000 rupees.,63,Male,600000.0,kisan,Madhya Pradesh,,FALSE
T1693,"I belong to OBC category from West Bengal. Age is 62, profession is weaver, income around 0.",62,,0.0,weaver,West Bengal,OBC,FALSE
T1694,"Namaste, main 40 varsh ka kisan hu Maharashtra se. Meri income 200000 rupaye hai, aur main SC varg se hoon. Main divyang hu.",40,,200000.0,kisan,Maharashtra,SC,TRUE
T1695,"Main Rajasthan se ek student hu, meri umar 20 saal hai aur saalana kamai 45000 rupe hai.",20,,45000.0,student,Rajasthan,,FALSE
T1696,I am a 38 year old male farmer living in Madhya Pradesh. My annual household income is 200000 rupees.,38,Male,200000.0,farmer,Madhya Pradesh,,FALSE
T1697,"Hi, I am 30 years old student from Karnataka. My family income is 80000 and I am differently abled.",30,,80000.0,kisan,Karnataka,,TRUE
T1698,"Namaste, main 26 varsh ka chhatra hu Bihar se. Meri income 200000 rupaye hai, aur main OBC varg se hoon. Main divyang hu.",26,,200000.0,chhatra,Bihar,OBC,TRUE
T1699,"Main Tamil Nadu se ek daily wage worker hu, meri umar 43 saal hai aur saalana kamai 0 rupe hai.",43,,0.0,daily wage worker,Tamil Nadu,,FALSE
T1700,"Namaste, main 56 varsh ka bunkar hu Uttar Pradesh se. Meri income 120000 rupaye hai, aur main General varg se hoon. Main divyang hu.",56,,120000.0,bunkar,Uttar Pradesh,General,TRUE
T1701,"Main Bihar se ek artisan hu, meri umar 63 saal hai aur saalana kamai 600000 rupe hai.",63,,600000.0,artisan,Bihar,,FALSE
T1702,"Hi, I am 50 years old student from Madhya Pradesh. My family income is 0 and I am differently abled.",50,,0.0,student,Madhya Pradesh,,TRUE
T1703,"I belong to General category from Karnataka. Age is 34, profession is bunkar, income around 200000.",34,,200000.0,bunkar,Karnataka,General,FALSE
T1704,"Hi, I am 28 years old student from West Bengal. My family income is 120000 and I am differently abled.",28,,120000.0,street vendor,West Bengal,,TRUE
T1705,"Mera naam Ramesh hai, main Tamil Nadu ka rehne wala hu. Main ST category se ek purush hu aur street vendor hu. Aamdani 0 per year hai.",65,Male,0.0,street vendor,Tamil Nadu,ST,FALSE
T1706,"Hi, I am 57 years old student from Bihar. My family income is 120000 and I am differently abled.",57,,120000.0,student,Bihar,,TRUE
T1707,"Mera naam Ramesh hai, main Maharashtra ka rehne wala hu. Main SC category se ek mahila hu aur street vendor hu. Aamdani 0 per year hai.",21,Female,0.0,street vendor,Maharashtra,SC,FALSE
T1708,"I belong to General category from Tamil Nadu. Age is 41, profession is chhatra, income around 200000.",41,,200000.0,chhatra,Tamil Nadu,General,FALSE
T1709,"Mera naam Ramesh hai, main Karnataka ka rehne wala hu. Main SC category se ek purush hu aur kisan hu. Aamdani 0 per year hai.",46,Male,0.0,kisan,Karnataka,SC,FALSE
T1710,"Hi, I am 44 years old student from Maharashtra. My family income is 600000 and I am differently abled.",44,,600000.0,chhatra,Maharashtra,,TRUE
T1711,"Namaste, main 24 varsh ka kisan hu Rajasthan se. Meri income 200000 rupaye hai, aur main SC varg se hoon. Main divyang hu.",24,,200000.0,kisan,Rajasthan,SC,TRUE
T1712,"I belong to OBC category from Bihar. Age is 45, profession is unemployed, income around 200000.",45,,200000.0,unemployed,Bihar,OBC,FALSE
T1713,"Hi, I am 53 years old student from Rajasthan. My family income is 600000 and I am differently abled.",53,,600000.0,unemployed,Rajasthan,,TRUE
T1714,"I belong to ST category from Rajasthan. Age is 33, profession is berojgar, income around 45000.",33,,45000.0,berojgar,Rajasthan,ST,FALSE
T1715,"Hi, I am 41 years old student from Maharashtra. My family income is 0 and I am differently abled.",41,,0.0,artisan,Maharashtra,,TRUE
T1716,"Mera naam Ramesh hai, main Madhya Pradesh ka rehne wala hu. Main General category se ek mahila hu aur daily wage worker hu. Aamdani 200000 per year hai.",59,Female,200000.0,daily wage worker,Madhya Pradesh,General,FALSE
T1717,"Mera naam Ramesh hai, main West Bengal ka rehne wala hu. Main ST category se ek purush hu aur student hu. Aamdani 600000 per year hai.",64,Male,600000.0,student,West Bengal,ST,FALSE
T1718,"Namaste, main 62 varsh ka street vendor hu Madhya Pradesh se. Meri income 200000 rupaye hai, aur main OBC varg se hoon. Main divyang hu.",62,,200000.0,street vendor,Madhya Pradesh,OBC,TRUE
T1719,"Main Tamil Nadu se ek weaver hu, meri umar 34 saal hai aur saalana kamai 120000 rupe hai.",34,,120000.0,weaver,Tamil Nadu,,FALSE
T1720,"Hi, I am 62 years old student from Maharashtra. My family income is 0 and I am differently abled.",62,,0.0,farmer,Maharashtra,,TRUE
T1721,"Namaste, main 24 varsh ka weaver hu Madhya Pradesh se. Meri income 600000 rupaye hai, aur main OBC varg se hoon. Main divyang hu.",24,,600000.0,weaver,Madhya Pradesh,OBC,TRUE
T1722,"Mera naam Ramesh hai, main Madhya Pradesh ka rehne wala hu. Main General category se ek mahila hu aur daily wage worker hu. Aamdani 600000 per year hai.",47,Female,600000.0,daily wage worker,Madhya Pradesh,General,FALSE
T1723,"I belong to OBC category from Rajasthan. Age is 51, profession is rehri wala, income around 600000.",51,,600000.0,rehri wala,Rajasthan,OBC,FALSE
T1724,"Namaste, main 42 varsh ka kisan hu Uttar Pradesh se. Meri income 600000 rupaye hai, aur main OBC varg se hoon. Main divyang hu.",42,,600000.0,kisan,Uttar Pradesh,OBC,TRUE
T1725,"Namaste, main 33 varsh ka berojgar hu Uttar Pradesh se. Meri income 80000 rupaye hai, aur main General varg se hoon. Main divyang hu.",33,,80000.0,berojgar,Uttar Pradesh,General,TRUE
T1726,"Hi, I am 35 years old student from Tamil Nadu. My family income is 200000 and I am differently abled.",35,,200000.0,berojgar,Tamil Nadu,,TRUE
T1727,"I belong to OBC category from Tamil Nadu. Age is 62, profession is bunkar, income around 350000.",62,,350000.0,bunkar,Tamil Nadu,OBC,FALSE
T1728,I am a 64 year old female unemployed living in Maharashtra. My annual household income is 200000 rupees.,64,Female,200000.0,unemployed,Maharashtra,,FALSE
T1729,"Namaste, main 33 varsh ka berojgar hu Madhya Pradesh se. Meri income 0 rupaye hai, aur main General varg se hoon. Main divyang hu.",33,,0.0,berojgar,Madhya Pradesh,General,TRUE
T1730,"Mera naam Ramesh hai, main Uttar Pradesh ka rehne wala hu. Main OBC category se ek purush hu aur artisan hu. Aamdani 600000 per year hai.",44,Male,600000.0,artisan,Uttar Pradesh,OBC,FALSE
T1731,I am a 42 year old female bunkar living in West Bengal. My annual household income is 45000 rupees.,42,Female,45000.0,bunkar,West Bengal,,FALSE
T1732,"Hi, I am 58 years old student from Uttar Pradesh. My family income is 80000 and I am differently abled.",58,,80000.0,bunkar,Uttar Pradesh,,TRUE
T1733,"Hi, I am 31 years old student from Uttar Pradesh. My family income is 350000 and I am differently abled.",31,,350000.0,daily wage worker,Uttar Pradesh,,TRUE
T1734,"Main Karnataka se ek mazdoor hu, meri umar 39 saal hai aur saalana kamai 45000 rupe hai.",39,,45000.0,mazdoor,Karnataka,,FALSE
T1735,"Namaste, main 34 varsh ka berojgar hu Rajasthan se. Meri income 600000 rupaye hai, aur main General varg se hoon. Main divyang hu.",34,,600000.0,berojgar,Rajasthan,General,TRUE
T1736,"Mera naam Ramesh hai, main Karnataka ka rehne wala hu. Main General category se ek mahila hu aur chhatra hu. Aamdani 45000 per year hai.",49,Female,45000.0,chhatra,Karnataka,General,FALSE
T1737,"Namaste, main 65 varsh ka labour hu Uttar Pradesh se. Meri income 80000 rupaye hai, aur main SC varg se hoon. Main divyang hu.",65,,80000.0,labour,Uttar Pradesh,SC,TRUE
T1738,"Namaste, main 42 varsh ka berojgar hu Maharashtra se. Meri income 0 rupaye hai, aur main General varg se hoon. Main divyang hu.",42,,0.0,berojgar,Maharashtra,General,TRUE
T1739,"Main Madhya Pradesh se ek weaver hu, meri umar 43 saal hai aur saalana kamai 45000 rupe hai.",43,,45000.0,weaver,Madhya Pradesh,,FALSE
T1740,"Mera naam Ramesh hai, main Maharashtra ka rehne wala hu. Main SC category se ek mahila hu aur bunkar hu. Aamdani 120000 per year hai.",58,Female,120000.0,bunkar,Maharashtra,SC,FALSE
T1741,"I belong to ST category from Uttar Pradesh. Age is 25, profession is kisan, income around 600000.",25,,600000.0,kisan,Uttar Pradesh,ST,FALSE
T1742,I am a 35 year old male mazdoor living in Tamil Nadu. My annual household income is 80000 rupees.,35,Male,80000.0,mazdoor,Tamil Nadu,,FALSE
T1743,"Main Bihar se ek weaver hu, meri umar 40 saal hai aur saalana kamai 350000 rupe hai.",40,,350000.0,weaver,Bihar,,FALSE
T1744,"Hi, I am 64 years old student from Madhya Pradesh. My family income is 0 and I am differently abled.",64,,0.0,labour,Madhya Pradesh,,TRUE
T1745,"Mera naam Ramesh hai, main Madhya Pradesh ka rehne wala hu. Main SC category se ek mahila hu aur kisan hu. Aamdani 600000 per year hai.",52,Female,600000.0,kisan,Madhya Pradesh,SC,FALSE
T1746,"Namaste, main 35 varsh ka labour hu West Bengal se. Meri income 200000 rupaye hai, aur main OBC varg se hoon. Main divyang hu.",35,,200000.0,labour,West Bengal,OBC,TRUE
T1747,"Mera naam Ramesh hai, main Bihar ka rehne wala hu. Main General category se ek purush hu aur kisan hu. Aamdani 80000 per year hai.",57,Male,80000.0,kisan,Bihar,General,FALSE
T1748,I am a 32 year old male bunkar living in Maharashtra. My annual household income is 45000 rupees.,32,Male,45000.0,bunkar,Maharashtra,,FALSE
T1749,"Main Bihar se ek artisan hu, meri umar 49 saal hai aur saalana kamai 350000 rupe hai.",49,,350000.0,artisan,Bihar,,FALSE
T1750,"Main Karnataka se ek weaver hu, meri umar 18 saal hai aur saalana kamai 80000 rupe hai.",18,,80000.0,weaver,Karnataka,,FALSE
T1751,"Main West Bengal se ek chhatra hu, meri umar 30 saal hai aur saalana kamai 0 rupe hai.",30,,0.0,chhatra,West Bengal,,FALSE
T1752,"I belong to SC category from Uttar Pradesh. Age is 21, profession is street vendor, income around 0.",21,,0.0,street vendor,Uttar Pradesh,SC,FALSE
T1753,"Hi, I am 31 years old student from Karnataka. My family income is 120000 and I am differently abled.",31,,120000.0,weaver,Karnataka,,TRUE
T1754,"Mera naam Ramesh hai, main Maharashtra ka rehne wala hu. Main OBC category se ek mahila hu aur chhatra hu. Aamdani 120000 per year hai.",41,Female,120000.0,chhatra,Maharashtra,OBC,FALSE
T1755,"Namaste, main 55 varsh ka daily wage worker hu Bihar se. Meri income 120000 rupaye hai, aur main General varg se hoon. Main divyang hu.",55,,120000.0,daily wage worker,Bihar,General,TRUE
T1756,"Main West Bengal se ek farmer hu, meri umar 24 saal hai aur saalana kamai 45000 rupe hai.",24,,45000.0,farmer,West Bengal,,FALSE
T1757,"Hi, I am 34 years old student from Bihar. My family income is 350000 and I am differently abled.",34,,350000.0,weaver,Bihar,,TRUE
T1758,"Mera naam Ramesh hai, main West Bengal ka rehne wala hu. Main OBC category se ek purush hu aur unemployed hu. Aamdani 200000 per year hai.",24,Male,200000.0,unemployed,West Bengal,OBC,FALSE
T1759,"I belong to General category from Bihar. Age is 49, profession is street vendor, income around 45000.",49,,45000.0,street vendor,Bihar,General,FALSE
T1760,"Main Karnataka se ek kisan hu, meri umar 60 saal hai aur saalana kamai 350000 rupe hai.",60,,350000.0,kisan,Karnataka,,FALSE
T1761,I am a 45 year old female unemployed living in Tamil Nadu. My annual household income is 0 rupees.,45,Female,0.0,unemployed,Tamil Nadu,,FALSE
T1762,"Mera naam Ramesh hai, main Bihar ka rehne wala hu. Main ST category se ek purush hu aur weaver hu. Aamdani 600000 per year hai.",43,Male,600000.0,weaver,Bihar,ST,FALSE
T1763,"Hi, I am 62 years old student from Tamil Nadu. My family income is 120000 and I am differently abled.",62,,120000.0,rehri wala,Tamil Nadu,,TRUE
T1764,"Hi, I am 21 years old student from Madhya Pradesh. My family income is 0 and I am differently abled.",21,,0.0,unemployed,Madhya Pradesh,,TRUE
T1765,"Mera naam Ramesh hai, main Madhya Pradesh ka rehne wala hu. Main OBC category se ek mahila hu aur chhatra hu. Aamdani 0 per year hai.",18,Female,0.0,chhatra,Madhya Pradesh,OBC,FALSE
T1766,"I belong to SC category from Rajasthan. Age is 60, profession is unemployed, income around 80000.",60,,80000.0,unemployed,Rajasthan,SC,FALSE
T1767,"Namaste, main 27 varsh ka rehri wala hu Rajasthan se. Meri income 80000 rupaye hai, aur main OBC varg se hoon. Main divyang hu.",27,,80000.0,rehri wala,Rajasthan,OBC,TRUE
T1768,"Namaste, main 32 varsh ka street vendor hu Rajasthan se. Meri income 120000 rupaye hai, aur main ST varg se hoon. Main divyang hu.",32,,120000.0,street vendor,Rajasthan,ST,TRUE
T1769,"Mera naam Ramesh hai, main Bihar ka rehne wala hu. Main General category se ek purush hu aur street vendor hu. Aamdani 0 per year hai.",63,Male,0.0,street vendor,Bihar,General,FALSE
T1770,"Namaste, main 28 varsh ka kisan hu Karnataka se. Meri income 350000 rupaye hai, aur main General varg se hoon. Main divyang hu.",28,,350000.0,kisan,Karnataka,General,TRUE
T1771,"Hi, I am 60 years old student from Maharashtra. My family income is 350000 and I am differently abled.",60,,350000.0,unemployed,Maharashtra,,TRUE
T1772,"Hi, I am 60 years old student from Uttar Pradesh. My family income is 80000 and I am differently abled.",60,,80000.0,mazdoor,Uttar Pradesh,,TRUE
T1773,"Hi, I am 28 years old student from Tamil Nadu. My family income is 120000 and I am differently abled.",28,,120000.0,farmer,Tamil Nadu,,TRUE
T1774,"Hi, I am 44 years old student from Bihar. My family income is 45000 and I am differently abled.",44,,45000.0,mazdoor,Bihar,,TRUE
T1775,"Mera naam Ramesh hai, main Maharashtra ka rehne wala hu. Main OBC category se ek purush hu aur weaver hu. Aamdani 200000 per year hai.",37,Male,200000.0,weaver,Maharashtra,OBC,FALSE
T1776,"Hi, I am 56 years old student from Uttar Pradesh. My family income is 600000 and I am differently abled.",56,,600000.0,labour,Uttar Pradesh,,TRUE
T1777,"I belong to ST category from Karnataka. Age is 44, profession is student, income around 200000.",44,,200000.0,student,Karnataka,ST,FALSE
T1778,"I belong to OBC category from Bihar. Age is 26, profession is street vendor, income around 80000.",26,,80000.0,street vendor,Bihar,OBC,FALSE
T1779,"Hi, I am 45 years old student from Bihar. My family income is 200000 and I am differently abled.",45,,200000.0,bunkar,Bihar,,TRUE
T1780,"I belong to ST category from Bihar. Age is 18, profession is rehri wala, income around 600000.",18,,600000.0,rehri wala,Bihar,ST,FALSE
T1781,"Mera naam Ramesh hai, main Uttar Pradesh ka rehne wala hu. Main General category se ek purush hu aur rehri wala hu. Aamdani 0 per year hai.",35,Male,0.0,rehri wala,Uttar Pradesh,General,FALSE
T1782,"Namaste, main 48 varsh ka weaver hu Madhya Pradesh se. Meri income 600000 rupaye hai, aur main ST varg se hoon. Main divyang hu.",48,,600000.0,weaver,Madhya Pradesh,ST,TRUE
T1783,"Namaste, main 55 varsh ka daily wage worker hu Maharashtra se. Meri income 120000 rupaye hai, aur main SC varg se hoon. Main divyang hu.",55,,120000.0,daily wage worker,Maharashtra,SC,TRUE
T1784,"Hi, I am 48 years old student from Madhya Pradesh. My family income is 350000 and I am differently abled.",48,,350000.0,labour,Madhya Pradesh,,TRUE
T1785,"Main Madhya Pradesh se ek chhatra hu, meri umar 40 saal hai aur saalana kamai 45000 rupe hai.",40,,45000.0,chhatra,Madhya Pradesh,,FALSE
T1786,"Main West Bengal se ek student hu, meri umar 36 saal hai aur saalana kamai 0 rupe hai.",36,,0.0,student,West Bengal,,FALSE
T1787,"Hi, I am 24 years old student from Uttar Pradesh. My family income is 120000 and I am differently abled.",24,,120000.0,unemployed,Uttar Pradesh,,TRUE
T1788,"Main Maharashtra se ek labour hu, meri umar 28 saal hai aur saalana kamai 45000 rupe hai.",28,,45000.0,labour,Maharashtra,,FALSE
T1789,"I belong to OBC category from Maharashtra. Age is 30, profession is labour, income around 350000.",30,,350000.0,labour,Maharashtra,OBC,FALSE
T1790,"Main Uttar Pradesh se ek artisan hu, meri umar 59 saal hai aur saalana kamai 45000 rupe hai.",59,,45000.0,artisan,Uttar Pradesh,,FALSE
T1791,"Mera naam Ramesh hai, main Maharashtra ka rehne wala hu. Main OBC category se ek purush hu aur kisan hu. Aamdani 45000 per year hai.",59,Male,45000.0,kisan,Maharashtra,OBC,FALSE
T1792,"Namaste, main 42 varsh ka daily wage worker hu Bihar se. Meri income 45000 rupaye hai, aur main OBC varg se hoon. Main divyang hu.",42,,45000.0,daily wage worker,Bihar,OBC,TRUE
T1793,"Namaste, main 57 varsh ka student hu West Bengal se. Meri income 600000 rupaye hai, aur main ST varg se hoon. Main divyang hu.",57,,600000.0,student,West Bengal,ST,TRUE
T1794,"Namaste, main 61 varsh ka student hu Tamil Nadu se. Meri income 45000 rupaye hai, aur main OBC varg se hoon. Main divyang hu.",61,,45000.0,student,Tamil Nadu,OBC,TRUE
T1795,"I belong to General category from Karnataka. Age is 61, profession is rehri wala, income around 120000.",61,,120000.0,rehri wala,Karnataka,General,FALSE
T1796,"Namaste, main 48 varsh ka weaver hu Bihar se. Meri income 45000 rupaye hai, aur main OBC varg se hoon. Main divyang hu.",48,,45000.0,weaver,Bihar,OBC,TRUE
T1797,"Main Tamil Nadu se ek farmer hu, meri umar 65 saal hai aur saalana kamai 80000 rupe hai.",65,,80000.0,farmer,Tamil Nadu,,FALSE
T1798,I am a 44 year old female chhatra living in Tamil Nadu. My annual household income is 80000 rupees.,44,Female,80000.0,chhatra,Tamil Nadu,,FALSE
T1799,I am a 58 year old male student living in Rajasthan. My annual household income is 45000 rupees.,58,Male,45000.0,student,Rajasthan,,FALSE
T1800,"I belong to OBC category from Uttar Pradesh. Age is 28, profession is bunkar, income around 600000.",28,,600000.0,bunkar,Uttar Pradesh,OBC,FALSE
T1801,I am a 31 year old female bunkar living in West Bengal. My annual household income is 80000 rupees.,31,Female,80000.0,bunkar,West Bengal,,FALSE
T1802,"I belong to OBC category from West Bengal. Age is 35, profession is chhatra, income around 120000.",35,,120000.0,chhatra,West Bengal,OBC,FALSE
T1803,I am a 30 year old male labour living in Tamil Nadu. My annual household income is 80000 rupees.,30,Male,80000.0,labour,Tamil Nadu,,FALSE
T1804,"Mera naam Ramesh hai, main Uttar Pradesh ka rehne wala hu. Main General category se ek mahila hu aur mazdoor hu. Aamdani 45000 per year hai.",22,Female,45000.0,mazdoor,Uttar Pradesh,General,FALSE
T1805,I am a 25 year old female berojgar living in Maharashtra. My annual household income is 120000 rupees.,25,Female,120000.0,berojgar,Maharashtra,,FALSE
T1806,"Main Uttar Pradesh se ek daily wage worker hu, meri umar 56 saal hai aur saalana kamai 200000 rupe hai.",56,,200000.0,daily wage worker,Uttar Pradesh,,FALSE
T1807,"Hi, I am 54 years old student from Madhya Pradesh. My family income is 200000 and I am differently abled.",54,,200000.0,unemployed,Madhya Pradesh,,TRUE
T1808,"Main Maharashtra se ek student hu, meri umar 31 saal hai aur saalana kamai 0 rupe hai.",31,,0.0,student,Maharashtra,,FALSE
T1809,"Namaste, main 63 varsh ka mazdoor hu Maharashtra se. Meri income 120000 rupaye hai, aur main OBC varg se hoon. Main divyang hu.",63,,120000.0,mazdoor,Maharashtra,OBC,TRUE
T1810,"I belong to ST category from Madhya Pradesh. Age is 42, profession is labour, income around 200000.",42,,200000.0,labour,Madhya Pradesh,ST,FALSE
T1811,"Mera naam Ramesh hai, main West Bengal ka rehne wala hu. Main OBC category se ek purush hu aur labour hu. Aamdani 45000 per year hai.",46,Male,45000.0,labour,West Bengal,OBC,FALSE
T1812,"Namaste, main 40 varsh ka farmer hu Bihar se. Meri income 80000 rupaye hai, aur main OBC varg se hoon. Main divyang hu.",40,,80000.0,farmer,Bihar,OBC,TRUE
T1813,"Namaste, main 60 varsh ka bunkar hu Bihar se. Meri income 200000 rupaye hai, aur main General varg se hoon. Main divyang hu.",60,,200000.0,bunkar,Bihar,General,TRUE
T1814,"Hi, I am 59 years old student from Uttar Pradesh. My family income is 45000 and I am differently abled.",59,,45000.0,berojgar,Uttar Pradesh,,TRUE
T1815,"Namaste, main 64 varsh ka student hu Uttar Pradesh se. Meri income 350000 rupaye hai, aur main General varg se hoon. Main divyang hu.",64,,350000.0,student,Uttar Pradesh,General,TRUE
T1816,"Main Tamil Nadu se ek rehri wala hu, meri umar 46 saal hai aur saalana kamai 600000 rupe hai.",46,,600000.0,rehri wala,Tamil Nadu,,FALSE
T1817,"I belong to ST category from Tamil Nadu. Age is 41, profession is berojgar, income around 45000.",41,,45000.0,berojgar,Tamil Nadu,ST,FALSE
T1818,"Namaste, main 42 varsh ka daily wage worker hu Rajasthan se. Meri income 200000 rupaye hai, aur main ST varg se hoon. Main divyang hu.",42,,200000.0,daily wage worker,Rajasthan,ST,TRUE
T1819,"Namaste, main 32 varsh ka kisan hu Rajasthan se. Meri income 350000 rupaye hai, aur main SC varg se hoon. Main divyang hu.",32,,350000.0,kisan,Rajasthan,SC,TRUE
T1820,I am a 33 year old female artisan living in Maharashtra. My annual household income is 200000 rupees.,33,Female,200000.0,artisan,Maharashtra,,FALSE
T1821,"Namaste, main 34 varsh ka street vendor hu West Bengal se. Meri income 45000 rupaye hai, aur main OBC varg se hoon. Main divyang hu.",34,,45000.0,street vendor,West Bengal,OBC,TRUE
T1822,"Mera naam Ramesh hai, main Bihar ka rehne wala hu. Main ST category se ek purush hu aur unemployed hu. Aamdani 200000 per year hai.",48,Male,200000.0,unemployed,Bihar,ST,FALSE
T1823,"I belong to General category from Tamil Nadu. Age is 59, profession is unemployed, income around 600000.",59,,600000.0,unemployed,Tamil Nadu,General,FALSE
T1824,"I belong to ST category from Maharashtra. Age is 56, profession is kisan, income around 600000.",56,,600000.0,kisan,Maharashtra,ST,FALSE
T1825,I am a 63 year old female daily wage worker living in Rajasthan. My annual household income is 80000 rupees.,63,Female,80000.0,daily wage worker,Rajasthan,,FALSE
T1826,"I belong to SC category from Bihar. Age is 41, profession is weaver, income around 350000.",41,,350000.0,weaver,Bihar,SC,FALSE
T1827,I am a 26 year old female chhatra living in Bihar. My annual household income is 350000 rupees.,26,Female,350000.0,chhatra,Bihar,,FALSE
T1828,"Namaste, main 41 varsh ka berojgar hu Madhya Pradesh se. Meri income 120000 rupaye hai, aur main General varg se hoon. Main divyang hu.",41,,120000.0,berojgar,Madhya Pradesh,General,TRUE
T1829,"Hi, I am 50 years old student from Tamil Nadu. My family income is 200000 and I am differently abled.",50,,200000.0,chhatra,Tamil Nadu,,TRUE
T1830,"Mera naam Ramesh hai, main Madhya Pradesh ka rehne wala hu. Main SC category se ek purush hu aur labour hu. Aamdani 600000 per year hai.",30,Male,600000.0,labour,Madhya Pradesh,SC,FALSE
T1831,"Namaste, main 60 varsh ka artisan hu West Bengal se. Meri income 120000 rupaye hai, aur main General varg se hoon. Main divyang hu.",60,,120000.0,artisan,West Bengal,General,TRUE
T1832,I am a 50 year old female street vendor living in West Bengal. My annual household income is 45000 rupees.,50,Female,45000.0,street vendor,West Bengal,,FALSE
T1833,"Hi, I am 60 years old student from Rajasthan. My family income is 45000 and I am differently abled.",60,,45000.0,artisan,Rajasthan,,TRUE
T1834,"Namaste, main 40 varsh ka weaver hu Tamil Nadu se. Meri income 45000 rupaye hai, aur main ST varg se hoon. Main divyang hu.",40,,45000.0,weaver,Tamil Nadu,ST,TRUE
T1835,"Main Maharashtra se ek labour hu, meri umar 24 saal hai aur saalana kamai 120000 rupe hai.",24,,120000.0,labour,Maharashtra,,FALSE
T1836,"I belong to SC category from Tamil Nadu. Age is 65, profession is street vendor, income around 45000.",65,,45000.0,street vendor,Tamil Nadu,SC,FALSE
T1837,"Main Bihar se ek mazdoor hu, meri umar 32 saal hai aur saalana kamai 600000 rupe hai.",32,,600000.0,mazdoor,Bihar,,FALSE
T1838,"Mera naam Ramesh hai, main Uttar Pradesh ka rehne wala hu. Main OBC category se ek purush hu aur unemployed hu. Aamdani 45000 per year hai.",52,Male,45000.0,unemployed,Uttar Pradesh,OBC,FALSE
T1839,"Main Karnataka se ek rehri wala hu, meri umar 32 saal hai aur saalana kamai 600000 rupe hai.",32,,600000.0,rehri wala,Karnataka,,FALSE
T1840,"I belong to SC category from Maharashtra. Age is 44, profession is chhatra, income around 200000.",44,,200000.0,chhatra,Maharashtra,SC,FALSE
T1841,"Namaste, main 31 varsh ka weaver hu Karnataka se. Meri income 80000 rupaye hai, aur main ST varg se hoon. Main divyang hu.",31,,80000.0,weaver,Karnataka,ST,TRUE
T1842,"I belong to General category from Rajasthan. Age is 44, profession is kisan, income around 600000.",44,,600000.0,kisan,Rajasthan,General,FALSE
T1843,"Hi, I am 33 years old student from Maharashtra. My family income is 0 and I am differently abled.",33,,0.0,student,Maharashtra,,TRUE
T1844,"Namaste, main 44 varsh ka bunkar hu Rajasthan se. Meri income 45000 rupaye hai, aur main General varg se hoon. Main divyang hu.",44,,45000.0,bunkar,Rajasthan,General,TRUE
T1845,I am a 59 year old female weaver living in Uttar Pradesh. My annual household income is 120000 rupees.,59,Female,120000.0,weaver,Uttar Pradesh,,FALSE
T1846,I am a 43 year old female mazdoor living in Karnataka. My annual household income is 350000 rupees.,43,Female,350000.0,mazdoor,Karnataka,,FALSE
T1847,"Mera naam Ramesh hai, main Madhya Pradesh ka rehne wala hu. Main General category se ek purush hu aur mazdoor hu. Aamdani 120000 per year hai.",20,Male,120000.0,mazdoor,Madhya Pradesh,General,FALSE
T1848,"Hi, I am 35 years old student from Karnataka. My family income is 0 and I am differently abled.",35,,0.0,kisan,Karnataka,,TRUE
T1849,"Mera naam Ramesh hai, main Rajasthan ka rehne wala hu. Main SC category se ek mahila hu aur student hu. Aamdani 0 per year hai.",30,Female,0.0,student,Rajasthan,SC,FALSE
T1850,"I belong to ST category from Karnataka. Age is 50, profession is kisan, income around 0.",50,,0.0,kisan,Karnataka,ST,FALSE
T1851,"Namaste, main 22 varsh ka farmer hu Bihar se. Meri income 80000 rupaye hai, aur main ST varg se hoon. Main divyang hu.",22,,80000.0,farmer,Bihar,ST,TRUE
T1852,"I belong to General category from Maharashtra. Age is 31, profession is labour, income around 200000.",31,,200000.0,labour,Maharashtra,General,FALSE
T1853,"I belong to ST category from Madhya Pradesh. Age is 19, profession is artisan, income around 120000.",19,,120000.0,artisan,Madhya Pradesh,ST,FALSE
T1854,"Main Bihar se ek bunkar hu, meri umar 22 saal hai aur saalana kamai 600000 rupe hai.",22,,600000.0,bunkar,Bihar,,FALSE
T1855,"Main Tamil Nadu se ek kisan hu, meri umar 44 saal hai aur saalana kamai 200000 rupe hai.",44,,200000.0,kisan,Tamil Nadu,,FALSE
T1856,"Namaste, main 22 varsh ka farmer hu Rajasthan se. Meri income 350000 rupaye hai, aur main SC varg se hoon. Main divyang hu.",22,,350000.0,farmer,Rajasthan,SC,TRUE
T1857,"Hi, I am 54 years old student from Tamil Nadu. My family income is 600000 and I am differently abled.",54,,600000.0,student,Tamil Nadu,,TRUE
T1858,"Hi, I am 49 years old student from Bihar. My family income is 120000 and I am differently abled.",49,,120000.0,student,Bihar,,TRUE
T1859,"I belong to OBC category from Maharashtra. Age is 46, profession is berojgar, income around 0.",46,,0.0,berojgar,Maharashtra,OBC,FALSE
T1860,I am a 39 year old female kisan living in Uttar Pradesh. My annual household income is 120000 rupees.,39,Female,120000.0,kisan,Uttar Pradesh,,FALSE
T1861,"Hi, I am 38 years old student from West Bengal. My family income is 45000 and I am differently abled.",38,,45000.0,kisan,West Bengal,,TRUE
T1862,"Namaste, main 21 varsh ka bunkar hu Madhya Pradesh se. Meri income 120000 rupaye hai, aur main ST varg se hoon. Main divyang hu.",21,,120000.0,bunkar,Madhya Pradesh,ST,TRUE
T1863,"I belong to General category from Bihar. Age is 34, profession is chhatra, income around 200000.",34,,200000.0,chhatra,Bihar,General,FALSE
T1864,"Hi, I am 61 years old student from Maharashtra. My family income is 200000 and I am differently abled.",61,,200000.0,rehri wala,Maharashtra,,TRUE
T1865,"I belong to ST category from Tamil Nadu. Age is 19, profession is berojgar, income around 200000.",19,,200000.0,berojgar,Tamil Nadu,ST,FALSE
T1866,"Main Karnataka se ek unemployed hu, meri umar 63 saal hai aur saalana kamai 120000 rupe hai.",63,,120000.0,unemployed,Karnataka,,FALSE
T1867,"Mera naam Ramesh hai, main West Bengal ka rehne wala hu. Main SC category se ek purush hu aur berojgar hu. Aamdani 120000 per year hai.",34,Male,120000.0,berojgar,West Bengal,SC,FALSE
T1868,"Mera naam Ramesh hai, main Uttar Pradesh ka rehne wala hu. Main SC category se ek mahila hu aur kisan hu. Aamdani 200000 per year hai.",46,Female,200000.0,kisan,Uttar Pradesh,SC,FALSE
T1869,"Main Tamil Nadu se ek berojgar hu, meri umar 27 saal hai aur saalana kamai 120000 rupe hai.",27,,120000.0,berojgar,Tamil Nadu,,FALSE
T1870,I am a 35 year old female farmer living in Maharashtra. My annual household income is 200000 rupees.,35,Female,200000.0,farmer,Maharashtra,,FALSE
T1871,"I belong to SC category from Tamil Nadu. Age is 48, profession is unemployed, income around 200000.",48,,200000.0,unemployed,Tamil Nadu,SC,FALSE
T1872,"Hi, I am 49 years old student from Bihar. My family income is 350000 and I am differently abled.",49,,350000.0,artisan,Bihar,,TRUE
T1873,I am a 65 year old female labour living in Tamil Nadu. My annual household income is 120000 rupees.,65,Female,120000.0,labour,Tamil Nadu,,FALSE
T1874,I am a 54 year old male chhatra living in Rajasthan. My annual household income is 350000 rupees.,54,Male,350000.0,chhatra,Rajasthan,,FALSE
T1875,I am a 52 year old male farmer living in Uttar Pradesh. My annual household income is 200000 rupees.,52,Male,200000.0,farmer,Uttar Pradesh,,FALSE
T1876,"Namaste, main 27 varsh ka chhatra hu Madhya Pradesh se. Meri income 600000 rupaye hai, aur main General varg se hoon. Main divyang hu.",27,,600000.0,chhatra,Madhya Pradesh,General,TRUE
T1877,"Mera naam Ramesh hai, main Bihar ka rehne wala hu. Main ST category se ek mahila hu aur artisan hu. Aamdani 80000 per year hai.",65,Female,80000.0,artisan,Bihar,ST,FALSE
T1878,"Main Rajasthan se ek kisan hu, meri umar 49 saal hai aur saalana kamai 200000 rupe hai.",49,,200000.0,kisan,Rajasthan,,FALSE
T1879,"Mera naam Ramesh hai, main Madhya Pradesh ka rehne wala hu. Main ST category se ek mahila hu aur unemployed hu. Aamdani 120000 per year hai.",50,Female,120000.0,unemployed,Madhya Pradesh,ST,FALSE
T1880,I am a 41 year old male daily wage worker living in Karnataka. My annual household income is 80000 rupees.,41,Male,80000.0,daily wage worker,Karnataka,,FALSE
T1881,"Hi, I am 21 years old student from Maharashtra. My family income is 350000 and I am differently abled.",21,,350000.0,chhatra,Maharashtra,,TRUE
T1882,I am a 58 year old male bunkar living in West Bengal. My annual household income is 45000 rupees.,58,Male,45000.0,bunkar,West Bengal,,FALSE
T1883,"Main Uttar Pradesh se ek unemployed hu, meri umar 33 saal hai aur saalana kamai 120000 rupe hai.",33,,120000.0,unemployed,Uttar Pradesh,,FALSE
T1884,"Main Uttar Pradesh se ek labour hu, meri umar 22 saal hai aur saalana kamai 45000 rupe hai.",22,,45000.0,labour,Uttar Pradesh,,FALSE
T1885,I am a 21 year old female mazdoor living in Rajasthan. My annual household income is 0 rupees.,21,Female,0.0,mazdoor,Rajasthan,,FALSE
T1886,"Hi, I am 41 years old student from Maharashtra. My family income is 600000 and I am differently abled.",41,,600000.0,daily wage worker,Maharashtra,,TRUE
T1887,"Namaste, main 65 varsh ka weaver hu Tamil Nadu se. Meri income 0 rupaye hai, aur main ST varg se hoon. Main divyang hu.",65,,0.0,weaver,Tamil Nadu,ST,TRUE
T1888,"I belong to SC category from Uttar Pradesh. Age is 39, profession is berojgar, income around 45000.",39,,45000.0,berojgar,Uttar Pradesh,SC,FALSE
T1889,"I belong to ST category from Madhya Pradesh. Age is 28, profession is kisan, income around 200000.",28,,200000.0,kisan,Madhya Pradesh,ST,FALSE
T1890,"Hi, I am 26 years old student from Maharashtra. My family income is 350000 and I am differently abled.",26,,350000.0,daily wage worker,Maharashtra,,TRUE
T1891,"Mera naam Ramesh hai, main Karnataka ka rehne wala hu. Main ST category se ek purush hu aur daily wage worker hu. Aamdani 45000 per year hai.",25,Male,45000.0,daily wage worker,Karnataka,ST,FALSE
T1892,"I belong to ST category from Karnataka. Age is 26, profession is unemployed, income around 80000.",26,,80000.0,unemployed,Karnataka,ST,FALSE
T1893,"Mera naam Ramesh hai, main Maharashtra ka rehne wala hu. Main ST category se ek mahila hu aur weaver hu. Aamdani 600000 per year hai.",35,Female,600000.0,weaver,Maharashtra,ST,FALSE
T1894,"Mera naam Ramesh hai, main Karnataka ka rehne wala hu. Main OBC category se ek mahila hu aur artisan hu. Aamdani 45000 per year hai.",22,Female,45000.0,artisan,Karnataka,OBC,FALSE
T1895,"I belong to ST category from Tamil Nadu. Age is 19, profession is berojgar, income around 120000.",19,,120000.0,berojgar,Tamil Nadu,ST,FALSE
T1896,"Main Maharashtra se ek bunkar hu, meri umar 62 saal hai aur saalana kamai 120000 rupe hai.",62,,120000.0,bunkar,Maharashtra,,FALSE
T1897,"Namaste, main 54 varsh ka street vendor hu Maharashtra se. Meri income 0 rupaye hai, aur main ST varg se hoon. Main divyang hu.",54,,0.0,street vendor,Maharashtra,ST,TRUE
T1898,I am a 55 year old male rehri wala living in Uttar Pradesh. My annual household income is 80000 rupees.,55,Male,80000.0,rehri wala,Uttar Pradesh,,FALSE
T1899,I am a 55 year old female bunkar living in West Bengal. My annual household income is 120000 rupees.,55,Female,120000.0,bunkar,West Bengal,,FALSE
T1900,"Main Karnataka se ek farmer hu, meri umar 58 saal hai aur saalana kamai 45000 rupe hai.",58,,45000.0,farmer,Karnataka,,FALSE
T1901,"Mera naam Ramesh hai, main Bihar ka rehne wala hu. Main OBC category se ek purush hu aur street vendor hu. Aamdani 600000 per year hai.",27,Male,600000.0,street vendor,Bihar,OBC,FALSE
T1902,"Mera naam Ramesh hai, main West Bengal ka rehne wala hu. Main ST category se ek mahila hu aur berojgar hu. Aamdani 600000 per year hai.",33,Female,600000.0,berojgar,West Bengal,ST,FALSE
T1903,I am a 24 year old female unemployed living in Karnataka. My annual household income is 350000 rupees.,24,Female,350000.0,unemployed,Karnataka,,FALSE
T1904,"I belong to ST category from Karnataka. Age is 59, profession is unemployed, income around 200000.",59,,200000.0,unemployed,Karnataka,ST,FALSE
T1905,"Namaste, main 55 varsh ka daily wage worker hu Bihar se. Meri income 0 rupaye hai, aur main OBC varg se hoon. Main divyang hu.",55,,0.0,daily wage worker,Bihar,OBC,TRUE
T1906,"Namaste, main 34 varsh ka bunkar hu West Bengal se. Meri income 120000 rupaye hai, aur main OBC varg se hoon. Main divyang hu.",34,,120000.0,bunkar,West Bengal,OBC,TRUE
T1907,"I belong to General category from Tamil Nadu. Age is 58, profession is daily wage worker, income around 600000.",58,,600000.0,daily wage worker,Tamil Nadu,General,FALSE
T1908,"Namaste, main 42 varsh ka daily wage worker hu Uttar Pradesh se. Meri income 200000 rupaye hai, aur main ST varg se hoon. Main divyang hu.",42,,200000.0,daily wage worker,Uttar Pradesh,ST,TRUE
T1909,I am a 32 year old male mazdoor living in Uttar Pradesh. My annual household income is 350000 rupees.,32,Male,350000.0,mazdoor,Uttar Pradesh,,FALSE
T1910,"Main Maharashtra se ek rehri wala hu, meri umar 40 saal hai aur saalana kamai 120000 rupe hai.",40,,120000.0,rehri wala,Maharashtra,,FALSE
T1911,"Main Bihar se ek street vendor hu, meri umar 63 saal hai aur saalana kamai 0 rupe hai.",63,,0.0,street vendor,Bihar,,FALSE
T1912,"Main Madhya Pradesh se ek chhatra hu, meri umar 56 saal hai aur saalana kamai 120000 rupe hai.",56,,120000.0,chhatra,Madhya Pradesh,,FALSE
T1913,"I belong to SC category from Bihar. Age is 45, profession is bunkar, income around 45000.",45,,45000.0,bunkar,Bihar,SC,FALSE
T1914,"Main West Bengal se ek street vendor hu, meri umar 39 saal hai aur saalana kamai 80000 rupe hai.",39,,80000.0,street vendor,West Bengal,,FALSE
T1915,I am a 36 year old male unemployed living in Tamil Nadu. My annual household income is 120000 rupees.,36,Male,120000.0,unemployed,Tamil Nadu,,FALSE
T1916,"I belong to General category from Madhya Pradesh. Age is 44, profession is street vendor, income around 0.",44,,0.0,street vendor,Madhya Pradesh,General,FALSE
T1917,"Main Madhya Pradesh se ek daily wage worker hu, meri umar 60 saal hai aur saalana kamai 200000 rupe hai.",60,,200000.0,daily wage worker,Madhya Pradesh,,FALSE
T1918,"I belong to ST category from Rajasthan. Age is 59, profession is mazdoor, income around 350000.",59,,350000.0,mazdoor,Rajasthan,ST,FALSE
T1919,"Mera naam Ramesh hai, main Karnataka ka rehne wala hu. Main General category se ek mahila hu aur artisan hu. Aamdani 200000 per year hai.",62,Female,200000.0,artisan,Karnataka,General,FALSE
T1920,"Namaste, main 49 varsh ka bunkar hu Rajasthan se. Meri income 120000 rupaye hai, aur main OBC varg se hoon. Main divyang hu.",49,,120000.0,bunkar,Rajasthan,OBC,TRUE
T1921,"Namaste, main 56 varsh ka weaver hu West Bengal se. Meri income 80000 rupaye hai, aur main ST varg se hoon. Main divyang hu.",56,,80000.0,weaver,West Bengal,ST,TRUE
T1922,I am a 46 year old male bunkar living in West Bengal. My annual household income is 80000 rupees.,46,Male,80000.0,bunkar,West Bengal,,FALSE
T1923,"Mera naam Ramesh hai, main Madhya Pradesh ka rehne wala hu. Main OBC category se ek purush hu aur unemployed hu. Aamdani 80000 per year hai.",25,Male,80000.0,unemployed,Madhya Pradesh,OBC,FALSE
T1924,"I belong to SC category from Madhya Pradesh. Age is 22, profession is bunkar, income around 0.",22,,0.0,bunkar,Madhya Pradesh,SC,FALSE
T1925,"I belong to SC category from Karnataka. Age is 21, profession is mazdoor, income around 200000.",21,,200000.0,mazdoor,Karnataka,SC,FALSE
T1926,I am a 41 year old female unemployed living in West Bengal. My annual household income is 45000 rupees.,41,Female,45000.0,unemployed,West Bengal,,FALSE
T1927,I am a 64 year old female daily wage worker living in Madhya Pradesh. My annual household income is 600000 rupees.,64,Female,600000.0,daily wage worker,Madhya Pradesh,,FALSE
T1928,"Namaste, main 33 varsh ka kisan hu West Bengal se. Meri income 80000 rupaye hai, aur main SC varg se hoon. Main divyang hu.",33,,80000.0,kisan,West Bengal,SC,TRUE
T1929,"Main Bihar se ek unemployed hu, meri umar 34 saal hai aur saalana kamai 80000 rupe hai.",34,,80000.0,unemployed,Bihar,,FALSE
T1930,I am a 19 year old male mazdoor living in West Bengal. My annual household income is 600000 rupees.,19,Male,600000.0,mazdoor,West Bengal,,FALSE
T1931,"I belong to SC category from Karnataka. Age is 57, profession is daily wage worker, income around 120000.",57,,120000.0,daily wage worker,Karnataka,SC,FALSE
T1932,"Mera naam Ramesh hai, main West Bengal ka rehne wala hu. Main ST category se ek purush hu aur rehri wala hu. Aamdani 600000 per year hai.",34,Male,600000.0,rehri wala,West Bengal,ST,FALSE
T1933,I am a 18 year old male daily wage worker living in Rajasthan. My annual household income is 45000 rupees.,18,Male,45000.0,daily wage worker,Rajasthan,,FALSE
T1934,"Namaste, main 43 varsh ka bunkar hu Uttar Pradesh se. Meri income 600000 rupaye hai, aur main ST varg se hoon. Main divyang hu.",43,,600000.0,bunkar,Uttar Pradesh,ST,TRUE
T1935,"Main Rajasthan se ek weaver hu, meri umar 33 saal hai aur saalana kamai 600000 rupe hai.",33,,600000.0,weaver,Rajasthan,,FALSE
T1936,"Hi, I am 39 years old student from Madhya Pradesh. My family income is 120000 and I am differently abled.",39,,120000.0,unemployed,Madhya Pradesh,,TRUE
T1937,"Namaste, main 26 varsh ka rehri wala hu Uttar Pradesh se. Meri income 80000 rupaye hai, aur main ST varg se hoon. Main divyang hu.",26,,80000.0,rehri wala,Uttar Pradesh,ST,TRUE
T1938,"Main Madhya Pradesh se ek mazdoor hu, meri umar 18 saal hai aur saalana kamai 120000 rupe hai.",18,,120000.0,mazdoor,Madhya Pradesh,,FALSE
T1939,I am a 64 year old male chhatra living in Bihar. My annual household income is 120000 rupees.,64,Male,120000.0,chhatra,Bihar,,FALSE
T1940,I am a 20 year old female rehri wala living in Bihar. My annual household income is 350000 rupees.,20,Female,350000.0,rehri wala,Bihar,,FALSE
T1941,"Main Madhya Pradesh se ek farmer hu, meri umar 53 saal hai aur saalana kamai 200000 rupe hai.",53,,200000.0,farmer,Madhya Pradesh,,FALSE
T1942,"Namaste, main 22 varsh ka student hu West Bengal se. Meri income 45000 rupaye hai, aur main ST varg se hoon. Main divyang hu.",22,,45000.0,student,West Bengal,ST,TRUE
T1943,"Namaste, main 32 varsh ka student hu Maharashtra se. Meri income 120000 rupaye hai, aur main General varg se hoon. Main divyang hu.",32,,120000.0,student,Maharashtra,General,TRUE
T1944,"I belong to SC category from Uttar Pradesh. Age is 59, profession is chhatra, income around 45000.",59,,45000.0,chhatra,Uttar Pradesh,SC,FALSE
T1945,"Namaste, main 40 varsh ka bunkar hu Madhya Pradesh se. Meri income 350000 rupaye hai, aur main OBC varg se hoon. Main divyang hu.",40,,350000.0,bunkar,Madhya Pradesh,OBC,TRUE
T1946,"Main Uttar Pradesh se ek student hu, meri umar 26 saal hai aur saalana kamai 350000 rupe hai.",26,,350000.0,student,Uttar Pradesh,,FALSE
T1947,"Mera naam Ramesh hai, main Uttar Pradesh ka rehne wala hu. Main General category se ek purush hu aur farmer hu. Aamdani 600000 per year hai.",24,Male,600000.0,farmer,Uttar Pradesh,General,FALSE
T1948,"Main Uttar Pradesh se ek bunkar hu, meri umar 51 saal hai aur saalana kamai 0 rupe hai.",51,,0.0,bunkar,Uttar Pradesh,,FALSE
T1949,"Namaste, main 39 varsh ka street vendor hu Karnataka se. Meri income 45000 rupaye hai, aur main OBC varg se hoon. Main divyang hu.",39,,45000.0,street vendor,Karnataka,OBC,TRUE
T1950,"I belong to ST category from Rajasthan. Age is 25, profession is artisan, income around 0.",25,,0.0,artisan,Rajasthan,ST,FALSE
T1951,"Hi, I am 64 years old student from Rajasthan. My family income is 45000 and I am differently abled.",64,,45000.0,student,Rajasthan,,TRUE
T1952,"Mera naam Ramesh hai, main Tamil Nadu ka rehne wala hu. Main General category se ek purush hu aur street vendor hu. Aamdani 0 per year hai.",57,Male,0.0,street vendor,Tamil Nadu,General,FALSE
T1953,"Main Uttar Pradesh se ek farmer hu, meri umar 20 saal hai aur saalana kamai 80000 rupe hai.",20,,80000.0,farmer,Uttar Pradesh,,FALSE
T1954,"Namaste, main 63 varsh ka berojgar hu Maharashtra se. Meri income 80000 rupaye hai, aur main OBC varg se hoon. Main divyang hu.",63,,80000.0,berojgar,Maharashtra,OBC,TRUE
T1955,"I belong to OBC category from Rajasthan. Age is 49, profession is artisan, income around 0.",49,,0.0,artisan,Rajasthan,OBC,FALSE
T1956,"Namaste, main 20 varsh ka labour hu Tamil Nadu se. Meri income 45000 rupaye hai, aur main SC varg se hoon. Main divyang hu.",20,,45000.0,labour,Tamil Nadu,SC,TRUE
T1957,"Namaste, main 31 varsh ka kisan hu Karnataka se. Meri income 120000 rupaye hai, aur main OBC varg se hoon. Main divyang hu.",31,,120000.0,kisan,Karnataka,OBC,TRUE
T1958,I am a 59 year old male berojgar living in Karnataka. My annual household income is 350000 rupees.,59,Male,350000.0,berojgar,Karnataka,,FALSE
T1959,"Namaste, main 59 varsh ka unemployed hu Tamil Nadu se. Meri income 0 rupaye hai, aur main OBC varg se hoon. Main divyang hu.",59,,0.0,unemployed,Tamil Nadu,OBC,TRUE
T1960,"Main Karnataka se ek artisan hu, meri umar 63 saal hai aur saalana kamai 80000 rupe hai.",63,,80000.0,artisan,Karnataka,,FALSE
T1961,"Namaste, main 25 varsh ka daily wage worker hu Bihar se. Meri income 45000 rupaye hai, aur main General varg se hoon. Main divyang hu.",25,,45000.0,daily wage worker,Bihar,General,TRUE
T1962,"Main Tamil Nadu se ek unemployed hu, meri umar 64 saal hai aur saalana kamai 350000 rupe hai.",64,,350000.0,unemployed,Tamil Nadu,,FALSE
T1963,"I belong to ST category from Tamil Nadu. Age is 58, profession is berojgar, income around 350000.",58,,350000.0,berojgar,Tamil Nadu,ST,FALSE
T1964,"Main Bihar se ek labour hu, meri umar 40 saal hai aur saalana kamai 600000 rupe hai.",40,,600000.0,labour,Bihar,,FALSE
T1965,"I belong to General category from Madhya Pradesh. Age is 29, profession is labour, income around 600000.",29,,600000.0,labour,Madhya Pradesh,General,FALSE
T1966,I am a 41 year old female unemployed living in Rajasthan. My annual household income is 45000 rupees.,41,Female,45000.0,unemployed,Rajasthan,,FALSE
T1967,"Namaste, main 61 varsh ka chhatra hu West Bengal se. Meri income 80000 rupaye hai, aur main OBC varg se hoon. Main divyang hu.",61,,80000.0,chhatra,West Bengal,OBC,TRUE
T1968,"Namaste, main 62 varsh ka labour hu Rajasthan se. Meri income 45000 rupaye hai, aur main OBC varg se hoon. Main divyang hu.",62,,45000.0,labour,Rajasthan,OBC,TRUE
T1969,"Hi, I am 44 years old student from Rajasthan. My family income is 350000 and I am differently abled.",44,,350000.0,farmer,Rajasthan,,TRUE
T1970,"Mera naam Ramesh hai, main Bihar ka rehne wala hu. Main SC category se ek mahila hu aur student hu. Aamdani 0 per year hai.",59,Female,0.0,student,Bihar,SC,FALSE
T1971,"Namaste, main 57 varsh ka unemployed hu Bihar se. Meri income 350000 rupaye hai, aur main ST varg se hoon. Main divyang hu.",57,,350000.0,unemployed,Bihar,ST,TRUE
T1972,"Namaste, main 48 varsh ka rehri wala hu Bihar se. Meri income 350000 rupaye hai, aur main General varg se hoon. Main divyang hu.",48,,350000.0,rehri wala,Bihar,General,TRUE
T1973,"Hi, I am 38 years old student from West Bengal. My family income is 80000 and I am differently abled.",38,,80000.0,unemployed,West Bengal,,TRUE
T1974,"Hi, I am 41 years old student from Uttar Pradesh. My family income is 0 and I am differently abled.",41,,0.0,student,Uttar Pradesh,,TRUE
T1975,"Main West Bengal se ek farmer hu, meri umar 24 saal hai aur saalana kamai 200000 rupe hai.",24,,200000.0,farmer,West Bengal,,FALSE
T1976,"Namaste, main 54 varsh ka berojgar hu Maharashtra se. Meri income 45000 rupaye hai, aur main OBC varg se hoon. Main divyang hu.",54,,45000.0,berojgar,Maharashtra,OBC,TRUE
T1977,"Hi, I am 49 years old student from West Bengal. My family income is 350000 and I am differently abled.",49,,350000.0,chhatra,West Bengal,,TRUE
T1978,"Hi, I am 44 years old student from Tamil Nadu. My family income is 0 and I am differently abled.",44,,0.0,berojgar,Tamil Nadu,,TRUE
T1979,I am a 21 year old female unemployed living in Uttar Pradesh. My annual household income is 200000 rupees.,21,Female,200000.0,unemployed,Uttar Pradesh,,FALSE
T1980,"I belong to SC category from Madhya Pradesh. Age is 48, profession is rehri wala, income around 120000.",48,,120000.0,rehri wala,Madhya Pradesh,SC,FALSE
T1981,"I belong to ST category from Rajasthan. Age is 38, profession is rehri wala, income around 45000.",38,,45000.0,rehri wala,Rajasthan,ST,FALSE
T1982,"Main Rajasthan se ek labour hu, meri umar 59 saal hai aur saalana kamai 200000 rupe hai.",59,,200000.0,labour,Rajasthan,,FALSE
T1983,I am a 26 year old male mazdoor living in Uttar Pradesh. My annual household income is 120000 rupees.,26,Male,120000.0,mazdoor,Uttar Pradesh,,FALSE
T1984,"I belong to SC category from Karnataka. Age is 31, profession is berojgar, income around 45000.",31,,45000.0,berojgar,Karnataka,SC,FALSE
T1985,"I belong to ST category from Uttar Pradesh. Age is 39, profession is bunkar, income around 200000.",39,,200000.0,bunkar,Uttar Pradesh,ST,FALSE
T1986,I am a 43 year old male farmer living in West Bengal. My annual household income is 0 rupees.,43,Male,0.0,farmer,West Bengal,,FALSE
T1987,"Main Bihar se ek farmer hu, meri umar 63 saal hai aur saalana kamai 350000 rupe hai.",63,,350000.0,farmer,Bihar,,FALSE
T1988,I am a 53 year old male chhatra living in Madhya Pradesh. My annual household income is 80000 rupees.,53,Male,80000.0,chhatra,Madhya Pradesh,,FALSE
T1989,"Namaste, main 34 varsh ka unemployed hu Karnataka se. Meri income 45000 rupaye hai, aur main OBC varg se hoon. Main divyang hu.",34,,45000.0,unemployed,Karnataka,OBC,TRUE
T1990,"Hi, I am 65 years old student from Rajasthan. My family income is 45000 and I am differently abled.",65,,45000.0,daily wage worker,Rajasthan,,TRUE
T1991,"Hi, I am 52 years old student from Maharashtra. My family income is 80000 and I am differently abled.",52,,80000.0,labour,Maharashtra,,TRUE
T1992,"Namaste, main 60 varsh ka berojgar hu Tamil Nadu se. Meri income 80000 rupaye hai, aur main OBC varg se hoon. Main divyang hu.",60,,80000.0,berojgar,Tamil Nadu,OBC,TRUE
T1993,"Namaste, main 51 varsh ka berojgar hu Karnataka se. Meri income 80000 rupaye hai, aur main General varg se hoon. Main divyang hu.",51,,80000.0,berojgar,Karnataka,General,TRUE
T1994,"Mera naam Ramesh hai, main Tamil Nadu ka rehne wala hu. Main General category se ek mahila hu aur weaver hu. Aamdani 350000 per year hai.",49,Female,350000.0,weaver,Tamil Nadu,General,FALSE
T1995,"Main Rajasthan se ek unemployed hu, meri umar 59 saal hai aur saalana kamai 350000 rupe hai.",59,,350000.0,unemployed,Rajasthan,,FALSE
T1996,"Namaste, main 51 varsh ka student hu Rajasthan se. Meri income 80000 rupaye hai, aur main OBC varg se hoon. Main divyang hu.",51,,80000.0,student,Rajasthan,OBC,TRUE
T1997,"Namaste, main 54 varsh ka farmer hu West Bengal se. Meri income 200000 rupaye hai, aur main ST varg se hoon. Main divyang hu.",54,,200000.0,farmer,West Bengal,ST,TRUE
T1998,"Mera naam Ramesh hai, main Maharashtra ka rehne wala hu. Main SC category se ek mahila hu aur weaver hu. Aamdani 600000 per year hai.",57,Female,600000.0,weaver,Maharashtra,SC,FALSE
T1999,"Namaste, main 39 varsh ka labour hu Rajasthan se. Meri income 0 rupaye hai, aur main OBC varg se hoon. Main divyang hu.",39,,0.0,labour,Rajasthan,OBC,TRUE
T2000,"Namaste, main 21 varsh ka bunkar hu Maharashtra se. Meri income 200000 rupaye hai, aur main General varg se hoon. Main divyang hu.",21,,200000.0,bunkar,Maharashtra,General,TRUE
